Collection : FMSCoupler
name     : Coupler_main — FMSCoupler Full Coupler Top-Level Program/Boundary Exchange Types
tokens   : 286
source   : README.md
parent   : Coupler_main — FMSCoupler Full Coupler Top-Level Program
datatype : readme
name     : Coupler_main — FMSCoupler Full Coupler Top-Level Program/Boundary Exchange Types
ichunk   : 0
The full coupler uses the following Fortran derived types to hold the fields exchanged at each component interface. Each type is declared in `coupler_main.F90`.  
| Variable Name | Type | Description |
|---|---|---|
| `Atmos_land_boundary` | `atmos_land_boundary_type` | Fields exchanged between atmosphere and land. |
| `Atmos_ice_boundary` | `atmos_ice_boundary_type` | Fields exchanged between atmosphere and sea ice. |
| `Land_Ice_Atmos_Boundary` | `land_ice_atmos_boundary_type` | Aggregated surface state returned from land and ice to the atmosphere. |
| `Land_ice_boundary` | `land_ice_boundary_type` | Runoff and calving fields passed from land to ice. |
| `Ice_ocean_boundary` | `ice_ocean_boundary_type` | All fluxes passed from ice to the ocean. |
| `Ocean_ice_boundary` | `ocean_ice_boundary_type` | Ocean surface state passed up to the ice model. |
| `Ice_ocean_driver_CS` | `ice_ocean_driver_type` (pointer) | Control parameters for the combined ice–ocean driver. |  
---
***

name     : Coupler_main — FMSCoupler Full Coupler Top-Level Program/Model Component State Types
tokens   : 202
source   : README.md
parent   : Coupler_main — FMSCoupler Full Coupler Top-Level Program
datatype : readme
name     : Coupler_main — FMSCoupler Full Coupler Top-Level Program/Model Component State Types
ichunk   : 0
The full coupler uses the following Fortran derived types to hold the instantaneous state for each component. Each type is declared in `coupler_main.F90`.  
| Variable Name | Type | Description |
|---|---|---|
| `Atm` | `atmos_data_type` | Holds the atmosphere model state. |
| `Land` | `land_data_type` | Holds the land model (LM4) state. |
| `Ice` | `ice_data_type` | Holds the sea-ice model (SIS2) state. |
| `Ocean` | `ocean_public_type` | Contains public fields for the ocean model (MOM6); the target of the `Ocean_state` pointer. |
| `Ocean_state` | `ocean_state_type` (pointer) | Points to the full MOM6 interior (private) state. |  
---
***

name     : Coupler_main — FMSCoupler Full Coupler Top-Level Program/Overview
tokens   : 124
source   : README.md
parent   : Coupler_main — FMSCoupler Full Coupler Top-Level Program
datatype : readme
name     : Coupler_main — FMSCoupler Full Coupler Top-Level Program/Overview
ichunk   : 0
`coupler_main` (defined in `coupler_main.F90`) is the top-level program for the **FMSCoupler full coupler**, which drives the coupled GFDL Earth-system model. It orchestrates time-stepping and flux exchange between four model components: **atmosphere**, **ocean**, **land**, and **sea ice**. This document describes the data types, time-integration loops, parallelization strategies, and namelist configuration options used by the full coupler.  
---
***

name     : Coupler_main — FMSCoupler Full Coupler Top-Level Program/Pseudocode — Main Science Call Sequence/chunk1
tokens   : 304
source   : README.md
parent   : Coupler_main — FMSCoupler Full Coupler Top-Level Program
datatype : readme
name     : Coupler_main — FMSCoupler Full Coupler Top-Level Program/Pseudocode — Main Science Call Sequence/chunk1
ichunk   : 1
The following pseudocode outlines the main science calls for the full coupler with these settings:  
```
concurrent = .true.
use_lag_forces = .false.
concurrent_ice = .false.
do_concurrent_radiation = .false.
do_atm/land/ice/ocean = .true.
```  
Only processes running on ocean PEs are explicitly shown. The rest runs on subsets or on atmosphere PEs.  
```fortran
do nc = 1, num_cpld_calls

! Redistribute ocean surface states to Ocean_ice_boundary
if (Ocean%is_ocean_pe) call flux_ocean_to_ice

! Map Ocean_ice_boundary fields to Ice state
call unpack_ocean_ice_boundary

! Map slow-ice control structure (Ice%sCS) to fast-ice (Ice%fCS)
call exchange_slow_to_fast_ice

! Prepare ice surface fields for atmosphere coupling
call set_ice_surface_fields

! Generate surface exchange grid between land, ice, and atmosphere
call generate_sfc_xgrid

do na = 1, num_atmos_calls

! Copy atmosphere tracer bottom fields to atmosphere fields
call atmos_tracer_driver_gather_data

! Compute surface exchange fluxes at the atmosphere–surface boundary
call sfc_boundary_layer

call update_atmos_model_dynamics

call update_atmos_model_radiation
***

name     : Coupler_main — FMSCoupler Full Coupler Top-Level Program/Pseudocode — Main Science Call Sequence/chunk1/chunk2
tokens   : 318
source   : README.md
parent   : Coupler_main — FMSCoupler Full Coupler Top-Level Program
datatype : readme
name     : Coupler_main — FMSCoupler Full Coupler Top-Level Program/Pseudocode — Main Science Call Sequence/chunk1/chunk2
ichunk   : 2
call update_atmos_model_dynamics

call update_atmos_model_radiation

! Downward sweep of the implicit tridiagonal diffusion
call update_atmos_model_down(...)

! Apply implicit atmosphere diffusion correction;
! pass updated surface fluxes (heat, moisture, momentum)
! to land and ice boundary types
call flux_down_from_atmos

call update_land_model_fast

call update_ice_model_fast

! Recompute surface fluxes using updated land/ice surface temperatures
call flux_up_to_atmos

! Back-substitution (upward) sweep
call update_atmos_model_up

! Compute air–sea deposition fluxes
call flux_atmos_to_ocean

! Update atmosphere and tracer state
call update_atmos_model_state

end do  ! fast (atmospheric) loop

call update_land_model_slow(...)

! Interpolate land runoff, calving, and heat fluxes onto the ice grid
call flux_land_to_ice(...)

! Reset fast-ice accumulators; copy Land_ice_boundary into Ice
call ice_model_fast_cleanup(...)

! Exchange fast-ice averages to slow-ice
call exchange_fast_to_slow_ice()

call update_ice_model_slow()

call flux_ice_to_ocean(...)
if (Ocean%is_ocean_pe) call update_ocean_model(...)
***

name     : Coupler_main — FMSCoupler Full Coupler Top-Level Program/Pseudocode — Main Science Call Sequence/chunk1/chunk2/chunk3
tokens   : 50
source   : README.md
parent   : Coupler_main — FMSCoupler Full Coupler Top-Level Program
datatype : readme
name     : Coupler_main — FMSCoupler Full Coupler Top-Level Program/Pseudocode — Main Science Call Sequence/chunk1/chunk2/chunk3
ichunk   : 3
call flux_ice_to_ocean(...)
if (Ocean%is_ocean_pe) call update_ocean_model(...)

end do  ! slow (coupled) loop
```  
---
***

name     : Coupler_main — FMSCoupler Full Coupler Top-Level Program/Sea-Ice Physics: Fast and Slow Timescales
tokens   : 347
source   : README.md
parent   : Coupler_main — FMSCoupler Full Coupler Top-Level Program
datatype : readme
name     : Coupler_main — FMSCoupler Full Coupler Top-Level Program/Sea-Ice Physics: Fast and Slow Timescales
ichunk   : 0
In the full coupler, sea-ice physics can be split into two timescales that run on different MPI PE (processing element) sets:  
| Timescale | Processes | PE Assignment |
|---|---|---|
| **Fast ice** | Thermodynamics and surface-flux coupling at the atmospheric timestep | Always runs on a subset of the atmosphere PEs (`Ice%fast_ice_pe`) |
| **Slow ice** | Dynamics, freezing/melting, and transport at the coupled (ocean) timestep | Controlled by `slow_ice_with_ocean` namelist variable (`Ice%slow_ice_pe`) |  
**`slow_ice_with_ocean` behavior:**  
- `slow_ice_with_ocean = .false.` *(default)*: Slow and fast ice share the same PEs.
- `slow_ice_with_ocean = .true.`: Slow ice runs on the ocean PEs. `Ice%pelist` becomes the union of fast (atmosphere) and slow (ocean) PE sets.  
**Uncommonly used options:**  
- `concurrent_ice = .true.`: Fast and slow-ice processes run concurrently. Requires `slow_ice_with_ocean = .true.`.
- `combine_ice_and_ocean = .true.`: Slow ice and ocean are advanced together on the ocean PEs. Requires both `concurrent_ice = .true.` and `slow_ice_with_ocean = .true.`.  
---
***

name     : Coupler_main — FMSCoupler Full Coupler Top-Level Program/Time Integration
tokens   : 88
source   : README.md
parent   : Coupler_main — FMSCoupler Full Coupler Top-Level Program
datatype : readme
name     : Coupler_main — FMSCoupler Full Coupler Top-Level Program/Time Integration
ichunk   : 0
The full coupler has two nested time-integration loops:  
- **Slow (coupled) loop**: Advances the ocean by one coupled timestep `dt_cpld`.
- **Fast (atmospheric) loop**: Advances the atmosphere, land surface, and fast sea ice by one atmospheric timestep `dt_atmos`.  
The fast loop is nested inside the slow loop.
***

name     : Coupler_main — FMSCoupler Full Coupler Top-Level Program/Time Integration/Fast Loop — Atmosphere/Land/Ice Implicit Coupling
tokens   : 309
source   : README.md
parent   : Coupler_main — FMSCoupler Full Coupler Top-Level Program/Time Integration
datatype : readme
name     : Coupler_main — FMSCoupler Full Coupler Top-Level Program/Time Integration/Fast Loop — Atmosphere/Land/Ice Implicit Coupling
ichunk   : 0
In the fast loop, heat and moisture are exchanged between the atmosphere and the surface (land/ice) using a **tridiagonal scheme for implicit vertical diffusion**. The calls execute in the following order:  
1. **`coupler_update_atmos_model_down`** — Forward (downward) sweep from the atmospheric top to the surface.
2. **`coupler_update_atmos_model_radiation`** — Calls the radiation driver.
3. **`coupler_flux_down_from_atmos`** — Transfers forward-elimination coefficients to the land and ice models.
4. **`coupler_update_land_model_fast`** — Updates land hydrology, canopy physics, and surface temperature.
5. **`coupler_update_ice_model_fast`** — Updates fast sea-ice thermodynamics and surface temperature.
6. **`coupler_flux_up_to_atmos`** — Applies implicit surface-flux corrections using the updated surface temperatures.
7. **`coupler_update_atmos_model_up`** — Back-substitution (upward sweep); updates convection and large-scale condensation.  
> **Concurrent radiation option**: When `do_concurrent_radiation = .true.`, radiation is updated concurrently with the remaining atmosphere, fast ice, and fast land updates.
***

name     : Coupler_main — FMSCoupler Full Coupler Top-Level Program/Time Integration/Slow Loop — Ocean Coupling
tokens   : 137
source   : README.md
parent   : Coupler_main — FMSCoupler Full Coupler Top-Level Program/Time Integration
datatype : readme
name     : Coupler_main — FMSCoupler Full Coupler Top-Level Program/Time Integration/Slow Loop — Ocean Coupling
ichunk   : 0
In the slow loop, when `concurrent = .true.`, the ocean model is updated **concurrently with the atmosphere** and is one coupling step behind.  
- **MOM6 (recommended)**: Set `use_lag_fluxes = .false.` where `flux_ice_to_ocean` is called **after** `update_ocean_model`.
- **Older ocean models**: Set `use_lag_fluxes = .true.` for numerical stability — `flux_ice_to_ocean` is called **before** the ocean model update.  
---
***

name     : Flux Exchange — FMSCoupler Component Coupling
tokens   : 21
source   : FLUX.md
parent   : Flux Exchange — FMSCoupler Component Coupling
datatype : readme
name     : Flux Exchange — FMSCoupler Component Coupling
ichunk   : 0
*Original authors: Bruce Wyman, V. Balaji, Sergey Malyshev*
***

name     : Flux Exchange — FMSCoupler Component Coupling/Data Override Capabilities
tokens   : 80
source   : FLUX.md
parent   : Flux Exchange — FMSCoupler Component Coupling
datatype : readme
name     : Flux Exchange — FMSCoupler Component Coupling/Data Override Capabilities
ichunk   : 0
> **Warning:** The original authors strongly advise against using data override capabilities for non-experts.  
Any field in the lists below can be replaced at runtime with a constant or file-based value by adding a matching entry to `data_table`. A data override is applied only when a matching entry exists; otherwise the model-computed value is used unchanged.
***

name     : Flux Exchange — FMSCoupler Component Coupling/Data Override Capabilities/Overridable Fields in `flux_down_from_atmos`
tokens   : 511
source   : FLUX.md
parent   : Flux Exchange — FMSCoupler Component Coupling/Data Override Capabilities
datatype : readme
name     : Flux Exchange — FMSCoupler Component Coupling/Data Override Capabilities/Overridable Fields in `flux_down_from_atmos`
ichunk   : 0
**Atmosphere boundary → exchange grid:**  
`flux_sw`, `flux_sw_dir`, `flux_sw_dif`, `flux_sw_down_vis_dir`, `flux_sw_down_vis_dif`, `flux_sw_down_total_dir`, `flux_sw_down_total_dif`, `flux_sw_vis`, `flux_sw_vis_dir`, `flux_sw_vis_dif`, `flux_lw`, `lprec`, `frac_precip`, `fprec`, `coszen`, `dtmass`, `delta_t`, `dflux_t`, `delta_tr`, `dflux_tr`  
**Exchange grid → land boundary:**  
`drag_q`, `lwdn_flux`, `cd_m`, `cd_t`, `bstar`, `ustar`, `wind`, `z_bot`, `t_flux`, `lw_flux`, `sw_flux`, `sw_flux_down_vis_dir`, `sw_flux_down_total_dir`, `sw_flux_down_vis_dif`, `sw_flux_down_total_dif`, `lprec`, `fprec`, `dhdt`, `drdt`, `p_surf`, `tr_flux`, `dfdtr`  
**Exchange grid → ice boundary:**  
`u_flux`, `v_flux`, `t_flux`, `q_flux`, `lw_flux`, `sw_flux_nir_dir`, `sw_flux_vis_dir`, `sw_flux_nir_dif`, `sw_flux_vis_dif`, `sw_down_vis_dir`, `sw_down_vis_dif`, `sw_down_nir_dir`, `sw_down_nir_dif`, `lprec`, `fprec`, `dhdt`, `dedt`, `drdt`, `coszen`, `p`
***

name     : Flux Exchange — FMSCoupler Component Coupling/Data Override Capabilities/Overridable Fields in `flux_ice_to_ocean`
tokens   : 157
source   : FLUX.md
parent   : Flux Exchange — FMSCoupler Component Coupling/Data Override Capabilities
datatype : readme
name     : Flux Exchange — FMSCoupler Component Coupling/Data Override Capabilities/Overridable Fields in `flux_ice_to_ocean`
ichunk   : 0
**Ice boundary → ocean boundary:**  
`u_flux`, `v_flux`, `t_flux`, `q_flux`, `salt_flux`, `lw_flux`, `sw_flux_nir_dir`, `sw_flux_nir_dif`, `sw_flux_vis_dir`, `sw_flux_vis_dif`, `lprec`, `fprec`, `runoff`, `calving`, `runoff_hflx`, `calving_hflx`, `p`, `mi`, `ustar_berg`, `area_berg`, `mass_berg`
***

name     : Flux Exchange — FMSCoupler Component Coupling/Data Override Capabilities/Overridable Fields in `flux_land_to_ice`
tokens   : 59
source   : FLUX.md
parent   : Flux Exchange — FMSCoupler Component Coupling/Data Override Capabilities
datatype : readme
name     : Flux Exchange — FMSCoupler Component Coupling/Data Override Capabilities/Overridable Fields in `flux_land_to_ice`
ichunk   : 0
**Land boundary → ice boundary:** `runoff`, `calving`, `runoff_hflx`, `calving_hflx`  
> `do_runoff` namelist flag must be `.true.` for this exchange to occur.
***

name     : Flux Exchange — FMSCoupler Component Coupling/Data Override Capabilities/Overridable Fields in `flux_ocean_to_ice`
tokens   : 42
source   : FLUX.md
parent   : Flux Exchange — FMSCoupler Component Coupling/Data Override Capabilities
datatype : readme
name     : Flux Exchange — FMSCoupler Component Coupling/Data Override Capabilities/Overridable Fields in `flux_ocean_to_ice`
ichunk   : 0
**Ocean boundary → ice boundary:** `u`, `v`, `t`, `s`, `frazil`, `sea_level`  
---
***

name     : Flux Exchange — FMSCoupler Component Coupling/Data Override Capabilities/Overridable Fields in `flux_up_to_atmos`
tokens   : 42
source   : FLUX.md
parent   : Flux Exchange — FMSCoupler Component Coupling/Data Override Capabilities
datatype : readme
name     : Flux Exchange — FMSCoupler Component Coupling/Data Override Capabilities/Overridable Fields in `flux_up_to_atmos`
ichunk   : 0
**Ice boundary → atmosphere boundary:** `t_surf`  
**Land boundary → atmosphere boundary:** `t_ca`, `t_surf`, `tr`
***

name     : Flux Exchange — FMSCoupler Component Coupling/Data Override Capabilities/Overridable Fields in `sfc_boundary_layer`
tokens   : 366
source   : FLUX.md
parent   : Flux Exchange — FMSCoupler Component Coupling/Data Override Capabilities
datatype : readme
name     : Flux Exchange — FMSCoupler Component Coupling/Data Override Capabilities/Overridable Fields in `sfc_boundary_layer`
ichunk   : 0
**Atmosphere boundary → exchange grid:**  
`t_bot`, `z_bot`, `p_bot`, `u_bot`, `v_bot`, `p_surf`, `slp`, `gust`, and fields in the coupler bc type.  
**Ice boundary → exchange grid:**  
`t_surf`, `rough_mom`, `rough_heat`, `rough_moist`, `albedo`, `albedo_vis_dir`, `albedo_nir_dir`, `albedo_vis_dif`, `albedo_nir_dif`, `u_surf`, `v_surf`  
**Land boundary → exchange grid:**  
`t_surf`, `t_ca`, `rough_mom`, `rough_heat`, `albedo`, `tracers`, `albedo_vis_dir`, `albedo_nir_dir`, `albedo_vis_dif`, `albedo_nir_dif`  
**Exchange grid → `Land_ice_atmos_boundary`:**  
`t`, `albedo`, `albedo_vis_dir`, `albedo_nir_dir`, `albedo_vis_dif`, `albedo_nir_dif`, `land_frac`, `dt_t`, `dt_tr`, `u_flux`, `v_flux`, `dtaudu`, `dtaudv`, `u_star`, `b_star`, `rough_mom`
***

name     : Flux Exchange — FMSCoupler Component Coupling/Design Principles/Configuring Additional Fields
tokens   : 96
source   : FLUX.md
parent   : Flux Exchange — FMSCoupler Component Coupling/Design Principles
datatype : readme
name     : Flux Exchange — FMSCoupler Component Coupling/Design Principles/Configuring Additional Fields
ichunk   : 0
- Additional tracer and gas-exchange fluxes are configured through `field_table`.
- Additional named boundary-condition fields are configured in the coupler boundary types.
- Any field exchanged between components can be replaced at runtime by a constant or file-based value using FMS `data_override` and `data_table`.
- Each component model must expose a public data type containing the boundary fields needed by the coupler.  
---
***

name     : Flux Exchange — FMSCoupler Component Coupling/Design Principles/Exchange Methods
tokens   : 152
source   : FLUX.md
parent   : Flux Exchange — FMSCoupler Component Coupling/Design Principles
datatype : readme
name     : Flux Exchange — FMSCoupler Component Coupling/Design Principles/Exchange Methods
ichunk   : 0
| Interface | Exchange Method | Notes |
|---|---|---|
| Atmosphere ↔ land ↔ ice | `xmap_sfc` exchange grid using conservative interpolation (REGRID) | — |
| Land ↔ ice (runoff) | `xmap_runoff` exchange grid | — |
| Ice ↔ ocean | `mpp_redistribute` (REDIST) or direct copy (DIRECT) | No exchange grid needed; grids are physically identical. |
| Atmosphere → ocean | Via ice model: `flux_down_from_atmos` → `flux_ice_to_ocean` | Atmospheric fluxes reach the ocean through the ice model. |
***

name     : Flux Exchange — FMSCoupler Component Coupling/Design Principles/Grid Layout
tokens   : 282
source   : FLUX.md
parent   : Flux Exchange — FMSCoupler Component Coupling/Design Principles
datatype : readme
name     : Flux Exchange — FMSCoupler Component Coupling/Design Principles/Grid Layout
ichunk   : 0
The flux exchange supports **physically independent atmosphere, land, and sea-ice grids**. Ice and ocean must share the same physical grid, though their MPI domain decompositions may differ. Constraints:
- The masked region of the land grid and the ice-ocean grid must tile each other such that every atmosphere grid cell is covered by either land or ice-ocean, but not both.
- The masked regions of the ice and ocean grids must be identical.  
The three component grids tile the sphere. `|xxx|` marks a masked (inactive) grid point:  
```
ATMOSPHERE  |----|----|----|----|----|----|----|----|
LAND  |---|---|---|---|xxx|xxx|xxx|xxx|xxx|xxx|
ICE  |xxx|xxx|xxx|xxx|---|---|---|---|---|---|
OCEAN  |xxx|xxx|xxx|xxx|---|---|---|---|---|---|
```
***

name     : Flux Exchange — FMSCoupler Component Coupling/Design Principles/Time Propagation
tokens   : 122
source   : FLUX.md
parent   : Flux Exchange — FMSCoupler Component Coupling/Design Principles
datatype : readme
name     : Flux Exchange — FMSCoupler Component Coupling/Design Principles/Time Propagation
ichunk   : 0
Sensible heat flux and surface evaporation can depend **implicitly** on surface temperature. Therefore:
- Land and sea-ice temperature updates must run on the **atmospheric timestep**.
- `update_land_model_fast` and `update_ice_model_fast` must update the surface temperature each atmospheric timestep for the implicit diffusion scheme to be correct.
- Surface fluxes for all other tracers and for momentum are treated as explicit functions of the surface state.
- The module supports simultaneous implicit time integration on both sides of the surface interface.
***

name     : Flux Exchange — FMSCoupler Component Coupling/Diagnostic Fields/chunk1
tokens   : 558
source   : FLUX.md
parent   : Flux Exchange — FMSCoupler Component Coupling
datatype : readme
name     : Flux Exchange — FMSCoupler Component Coupling/Diagnostic Fields/chunk1
ichunk   : 1
All fields below are registered in `atm_land_ice_flux_exchange.F90` inside `diag_field_init`.  
**Static fields:** `land_mask`, `height2m`, `height10m`, `sftlf`  
**Atmosphere surface fields:**  
`ice_mask`, `wind`, `drag_moist`, `drag_heat`, `drag_mom`, `rough_moist`, `rough_heat`, `rough_mom`, `u_star`, `b_star`, `q_star`, `thv_atm`, `thv_surf`, `tau_x`, `tau_y`, `t_ocean`, `t_surf`, `t_ca`, `z_atm`, `p_atm`, `slp`, `gust`, `shflx`, `lwflx`, `t_atm`, `u_atm`, `v_atm`, `t_ref`, `rh_ref`, `rh_ref_cmip`, `u_ref`, `v_ref`, `wind_ref`, `del_h`, `del_m`, `del_q`, `q_ref`, `rough_scale`, `evap`, `co2_bot`  
**Atmosphere tracer fields** (per-tracer, name-prefixed):  
`*_tot_con_atm`, `*_tot_con_ref`, `*_atm`, `*_surf`, `*_flux`, `*_ref`, `*_mol_flux`, `*_atm_dvmr`, `*_surf_dvmr`, `*_mol_flux_atm0`  
**CMIP fields** (registered with `register_cmip_diag_field_2d` or `fms_diag_register_diag_field` with `use_AM3_physics`):  
`tas`, `uas`, `vas`, `sfcWind`, `huss`, `hurs`, `rhs`, `ts`, `psl`, `tauu`, `tauv`, `hfss`, `hfls`, `evspsbl`, `tslsi`, `tos`, `sic`
***

name     : Flux Exchange — FMSCoupler Component Coupling/Diagnostic Fields/chunk1/chunk2
tokens   : 223
source   : FLUX.md
parent   : Flux Exchange — FMSCoupler Component Coupling
datatype : readme
name     : Flux Exchange — FMSCoupler Component Coupling/Diagnostic Fields/chunk1/chunk2
ichunk   : 2
**Global scalar time-series fields** (registered with `register_global_diag_field`, only without `use_AM3_physics`):  
`evspsbl`, `ts`, `tas`, `tasl`, `hfss`, `hfls`, `rls`  
**Land axes fields** (registered with `register_tiled_diag_field` or `fms_diag_register_diag_field` with `_USE_LEGACY_LAND_`):  
`t_ref`, `q_ref`, `rh_ref`, `u_ref`, `v_ref`, `evap`, `shflx`, `tasLut`, `hussLut`, `*_tot_con_atm`, `*_tot_con_ref`, `*_flux`, `*_mol_flux`, `*_ref`  
---
***

name     : Flux Exchange — FMSCoupler Component Coupling/Namelist Parameters (`flux_exchange_nml`)/chunk1
tokens   : 323
source   : FLUX.md
parent   : Flux Exchange — FMSCoupler Component Coupling
datatype : readme
name     : Flux Exchange — FMSCoupler Component Coupling/Namelist Parameters (`flux_exchange_nml`)/chunk1
ichunk   : 1
| Parameter | Type | Default | Description |
|---|---|---|---|
| `z_ref_heat` | real | 2.0 m | Reference height for temperature and relative-humidity diagnostics (`t_ref`, `rh_ref`, `del_h`, `del_q`). |
| `z_ref_mom` | real | 10.0 m | Reference height for momentum diagnostics (`u_ref`, `v_ref`, `del_m`). |
| `do_area_weighted_flux` | logical | `.false.` | When `.true.`, fluxes passed to the ocean are multiplied by the ice area fraction before redistribution so the ocean receives the grid-cell-mean flux rather than the per-ice-area flux. |
| `debug_stocks` | logical | `.false.` | Enables additional stock-conservation debug output when `.true.`. |
| `divert_stocks_report` | logical | `.false.` | Redirects stock reporting to `stocks.out` rather than the standard log when `.true.`. |
| `do_runoff` | logical | `.true.` | Enables interpolation of land runoff to the ocean. |
| `do_forecast` | logical | `.false.` | Enables forecast-mode behavior in the flux coupler when `.true.`. |
***

name     : Flux Exchange — FMSCoupler Component Coupling/Namelist Parameters (`flux_exchange_nml`)/chunk1/chunk2
tokens   : 175
source   : FLUX.md
parent   : Flux Exchange — FMSCoupler Component Coupling
datatype : readme
name     : Flux Exchange — FMSCoupler Component Coupling/Namelist Parameters (`flux_exchange_nml`)/chunk1/chunk2
ichunk   : 2
| `nblocks` | integer | 1 | Number of blocks used to divide `n_xgrid_sfc` for OpenMP parallelism; often set to match `coupler_nml%atmos_nthreads`. If left at 1 when threading is active, the model will emit a warning and reset it automatically. |
| `partition_fprec_from_lprec` | logical | `.false.` | For atmosphere-override experiments where liquid and frozen precipitation are combined: converts liquid precipitation to snow when `t_ref < tfreeze`. |
| `scale_precip_2d` | logical | `.false.` | Rescales `lprec` by a 2-D field read from `data_table`. |  
---
***

name     : Flux Exchange — FMSCoupler Component Coupling/Overview
tokens   : 207
source   : FLUX.md
parent   : Flux Exchange — FMSCoupler Component Coupling
datatype : readme
name     : Flux Exchange — FMSCoupler Component Coupling/Overview
ichunk   : 0
Six modules couple the atmosphere, ocean, land, and sea-ice components through flux exchange in the FMSCoupler full coupler.  
| Module | Role |
|---|---|
| `atm_land_ice_flux_exchange` | Top-level: exchanges fluxes between atmosphere, land, and ice; registers all diagnostic fields. |
| `flux_exchange` | Top-level: initializes all flux-exchange modules; contains subroutines for stock computation. |
| `atmos_ocean_fluxes_calc` | Computes non-deposition gas fluxes between atmosphere and ocean. |
| `atmos_ocean_dep_fluxes_calc` | Computes deposition gas fluxes between atmosphere and ocean. |
| `ice_ocean_flux_exchange` | Exchanges fluxes between ice and ocean. |
| `land_ice_flux_exchange` | Exchanges fluxes between land and ice. |  
---
***

name     : Flux Exchange — FMSCoupler Component Coupling/Required Variables in Component Data Types
tokens   : 24
source   : FLUX.md
parent   : Flux Exchange — FMSCoupler Component Coupling
datatype : readme
name     : Flux Exchange — FMSCoupler Component Coupling/Required Variables in Component Data Types
ichunk   : 0
The following fields must be defined in each component's public data type for the flux exchange to function correctly.
***

name     : Flux Exchange — FMSCoupler Component Coupling/Required Variables in Component Data Types/Atmosphere (`atmos_data_type`)
tokens   : 248
source   : FLUX.md
parent   : Flux Exchange — FMSCoupler Component Coupling/Required Variables in Component Data Types
datatype : readme
name     : Flux Exchange — FMSCoupler Component Coupling/Required Variables in Component Data Types/Atmosphere (`atmos_data_type`)
ichunk   : 0
**Grid fields** (must be grid-box corner coordinates in radians, monotonic order):
`lon_bnd`, `lat_bnd`  
**Required bottom-level and surface fields** (primary inputs to `sfc_boundary_layer`):
`t_bot`, `q_bot`, `z_bot`, `p_bot`, `u_bot`, `v_bot`, `p_surf`, `slp`, `gust`  
**Radiative and precipitation fields** (passed to land and ice by `flux_down_from_atmos`):
`flux_sw`, `flux_lw`, `lprec`, `fprec`, `coszen`  
**Diagnostic axis IDs** (required for FMS diagnostic registration):
`axes`  
**Implicit time-stepping fields** (support implicit coupling between atmosphere and surface models):
`dtmass`, `delta_t`, `delta_q`, `dflux_t`, `dflux_q`
***

name     : Flux Exchange — FMSCoupler Component Coupling/Required Variables in Component Data Types/Ice (`ice_data_type`)
tokens   : 409
source   : FLUX.md
parent   : Flux Exchange — FMSCoupler Component Coupling/Required Variables in Component Data Types
datatype : readme
name     : Flux Exchange — FMSCoupler Component Coupling/Required Variables in Component Data Types/Ice (`ice_data_type`)
ichunk   : 0
**Grid fields** (all boundary arrays in radians, monotonic):
`lon_bnd`, `lat_bnd`, `lon_bnd_uv`, `lat_bnd_uv`  
**Mask fields:**
`mask` (ocean-land mask for tracer points), `mask_uv` (ocean-land mask for momentum points), `ice_mask` (optional explicit sea-ice mask)  
**Coverage fields:**
`part_size` (fractional area of each ice thickness category), `part_size_uv`  
**Atmosphere–ice interface fields** (provided to the atmosphere each fast timestep):
`t_surf`, `albedo`, `rough_mom`, `rough_heat`, `rough_moist`, `u_srf`, `v_surf`  
**Ice–ocean interface fields** (populated by `flux_down_from_atmos` and `flux_land_to_ice`, then passed to the ocean by `flux_ice_to_ocean`):
`flux_u`, `flux_v`, `flux_t`, `flux_q`, `flux_salt`, `flux_lw`, `flux_sw_vis_dir`, `flux_sw_vis_dif`, `flux_sw_nir_dir`, `flux_sw_nir_dif`, `lprec`, `fprec`, `runoff`, `calving`, `runoff_hflx`, `calving_hflx`, `p_surf`  
**Optional iceberg fields** (allocated only when the iceberg module is active):
`ustar_berg`, `area_berg`, `mass_berg`
***

name     : Flux Exchange — FMSCoupler Component Coupling/Required Variables in Component Data Types/Land (`land_data_type`)
tokens   : 232
source   : FLUX.md
parent   : Flux Exchange — FMSCoupler Component Coupling/Required Variables in Component Data Types
datatype : readme
name     : Flux Exchange — FMSCoupler Component Coupling/Required Variables in Component Data Types/Land (`land_data_type`)
ichunk   : 0
**Grid fields** (grid-box corner coordinates in radians, monotonic):
`lon_bnd`, `lat_bnd`  
| Field | Description |
|---|---|
| `mask` | Land-sea mask; `.true.` over land points. |
| `glacier` | Glacier mask; `.true.` over glacier points. |
| `tile_size` | Fractional area of each land tile within the atmospheric grid cell [0–1]. |
| `t_surf` | Surface temperature; used for turbulent flux and radiation calculations. |
| `albedo`, `rough_mom`, `rough_heat` | Surface state fields for turbulent flux and radiation. |
| `t_ca`, `q_ca` | Canopy air temperature and specific humidity; returned to the atmosphere by `flux_up_to_atmos`. |
| `stomatal`, `snow`, `water`, `max_water` | Additional surface properties used in flux parameterisations. |
***

name     : Flux Exchange — FMSCoupler Component Coupling/Required Variables in Component Data Types/Ocean (`ocean_public_type`)
tokens   : 68
source   : FLUX.md
parent   : Flux Exchange — FMSCoupler Component Coupling/Required Variables in Component Data Types
datatype : readme
name     : Flux Exchange — FMSCoupler Component Coupling/Required Variables in Component Data Types/Ocean (`ocean_public_type`)
ichunk   : 0
Required fields: `t_surf`, `s_surf`, `u_surf`, `v_surf`, `frazil`, `sea_lev`, `Data%mask`, `Data%mask_uv`, `Ocean%mask`, `Ocean%mask_uv`
***

name     : Flux Exchange — FMSCoupler Component Coupling/Transfer Modes
tokens   : 293
source   : FLUX.md
parent   : Flux Exchange — FMSCoupler Component Coupling
datatype : readme
name     : Flux Exchange — FMSCoupler Component Coupling/Transfer Modes
ichunk   : 0
There are three modes of flux exchange within FMSCoupler, selected by the `xtype` integer field on each boundary type:  
| Mode | `xtype` Value | When Used | Mechanism |
|---|---|---|---|
| `REGRID` | 1 | Grids are physically distinct (e.g., atmosphere ↔ land ↔ ice) | Maps data through the exchange grid using conservative interpolation. |
| `REDIST` | 2 | Grids share the same physical grid but have different MPI decompositions (e.g., ice-ocean when `slow_ice_with_ocean=.true.`) | Moves data between PE layouts using `mpp_redistribute`. |
| `DIRECT` | 3 | Physical grid and MPI decomposition are identical (e.g., ice-ocean when `slow_ice_with_ocean` is not used) | Data are copied directly. |  
For `REGRID`: data on one component grid is first mapped onto the exchange grid, computations are carried out on the exchange grid, and the result is then mapped to the receiving component grid. Computed fields and fluxes can be overwritten by `data_override`, but the override is applied only if the tracer is specified in the `tracer_table`.  
---
***

name     : MPI Parallelization
tokens   : 252
source   : README.md
parent   : MPI Parallelization
datatype : readme
name     : MPI Parallelization
ichunk   : 0
In the full coupler, the number of MPI processing elements (PEs) for each model component is specified in the `coupler_nml` namelist:  
```fortran
&coupler_nml
atmos_npes = 10
ocean_npes = 10
ice_npes   = 10
land_npes  = 10
/
```  
**PE layout rules:**  
- When `concurrent = .true.`, atmosphere and ocean have **distinct PE lists**.
- `land%pelist` is a subset of `atm%pelist`.
- `ice%pelist = ice%slow_pelist = ice%fast_pelist`, which are a subset of `atm%pelist`.  
**Constraints that must be satisfied:**  
- At least one of `atmos_npes` or `ocean_npes` must be specified.
- `atmos_npes` ≥ `land_npes`
- `atmos_npes` ≥ `ice_npes`
- `atmos_npes` + `ocean_npes` = total number of PEs (`npes`)  
---
***

name     : OpenMP Parallelization/Compiling a Model
tokens   : 8
source   : README.md
parent   : OpenMP Parallelization
datatype : readme
name     : OpenMP Parallelization/Compiling a Model
ichunk   : 0
Coming soon.  
---
***

name     : OpenMP Parallelization/Glossary/chunk1
tokens   : 337
source   : README.md
parent   : OpenMP Parallelization
datatype : readme
name     : OpenMP Parallelization/Glossary/chunk1
ichunk   : 1
| Term | Definition |
|---|---|
| **FMSCoupler** | GFDL Flexible Modeling System Coupler; orchestrates component models in a coupled Earth-system simulation. |
| **Full coupler** | The `coupler_main` program in `coupler_main.F90`; drives the complete coupled model with atmosphere, land, ice, and ocean. |
| **MOM6** | Modular Ocean Model version 6; the ocean component. |
| **SIS2** | Sea Ice Simulator version 2; the sea-ice component. |
| **LM4** | Land Model version 4; the land surface component. |
| **dt_atmos** | Atmospheric (fast loop) timestep. |
| **dt_cpld** | Coupled (slow loop) timestep. |
| **PE** | MPI Processing Element; a parallel compute task. |
| **Tridiagonal scheme** | An implicit numerical method for vertical diffusion that solves a tridiagonal matrix system in a downward (forward elimination) and upward (back-substitution) sweep. |
| **concurrent** | Namelist flag; when `.true.`, the ocean runs simultaneously with the atmosphere on separate PEs, one coupling step behind. |
| **use_lag_fluxes** | Namelist flag; when `.true.`, `flux_ice_to_ocean` is called before `update_ocean_model` for numerical stability. |
***

name     : OpenMP Parallelization/Glossary/chunk1/chunk2
tokens   : 283
source   : README.md
parent   : OpenMP Parallelization
datatype : readme
name     : OpenMP Parallelization/Glossary/chunk1/chunk2
ichunk   : 2
| **slow_ice_with_ocean** | Namelist flag; when `.true.`, slow sea-ice dynamics run on the ocean PEs. |
| **concurrent_ice** | Namelist flag; when `.true.`, fast and slow ice run concurrently (requires `slow_ice_with_ocean = .true.`). |
| **combine_ice_and_ocean** | Namelist flag; when `.true.`, slow ice and ocean advance together on ocean PEs. |
| **do_concurrent_radiation** | Namelist flag; when `.true.`, radiation is computed concurrently with atmosphere dynamics using a separate OpenMP thread. |
| **FRE** | Flexible Runtime Environment; GFDL's build and workflow system. |
| **coupler_nml** | Fortran namelist used to configure the full coupler (PE counts, thread counts, flags). |
| **diag_table** | FMS diagnostics configuration file; may contain `date_init` to set the model start time. |
| **coupler.res** | Restart file at `INPUT/coupler.res`; stores start date and calendar type for restarts. |
***

name     : OpenMP Parallelization/Time Variables
tokens   : 243
source   : README.md
parent   : OpenMP Parallelization
datatype : readme
name     : OpenMP Parallelization/Time Variables
ichunk   : 0
The full coupler uses the following `FmsTime_type` variables to track model time:  
| Variable | Description |
|---|---|
| `Time_step_atmos` | Timestep for the fast loop (atmospheric), `dt_atmos`. |
| `Time_step_cpld` | Timestep for the slow loop (coupled), `dt_cpld`. |
| `Time_atmos` | Current model time tracked in the fast loop. |
| `Time_ocean` | Current model time tracked for the ocean. |
| `Time_flux_ice_to_ocean` | Time when flux was last exchanged from ice to ocean. |
| `Time_flux_ocean_to_ice` | Time when flux was last exchanged from ocean to ice. |
| `Time_restart` | Next scheduled time for writing intermediate restarts. |
| `Time_restart_current` | Time at which the most recent intermediate restart was written. |
| `Time_start` | Model start time. |
| `Time_end` | Model end time. |  
---
***

name     : OpenMP Parallelization/chunk1
tokens   : 317
source   : README.md
parent   : OpenMP Parallelization
datatype : readme
name     : OpenMP Parallelization/chunk1
ichunk   : 1
OpenMP thread counts are configured in `coupler_nml`:  
```fortran
&coupler_nml
do_concurrent_radiation = .true.
use_hyper_thread        = .true.
conc_nthreads           = 2
atmos_nthreads          = 1
radiation_nthreads      = 1
ocean_nthreads          = 1
/
```  
**Requirements:** The model must be compiled with OpenMP. When using the FRE build system, ensure the target name contains the `-openmp` suffix (e.g., `prod-openmp`).  
**Thread behavior:**  
| Namelist Variable | Description |
|---|---|
| `do_concurrent_radiation` | When `.true.`, radiation runs concurrently with atmosphere dynamics/physics. Thread 0 runs atmosphere; thread 1 runs radiation. When `.false.`, radiation runs sequentially after the atmosphere update. |
| `conc_nthreads` | Number of concurrent threads when `do_concurrent_radiation = .true.`; set to 2. |
| `atmos_nthreads` | Number of OpenMP threads used within atmosphere dynamics. |
| `radiation_nthreads` | Number of OpenMP threads used for radiation calculations. |
| `ocean_nthreads` | Number of OpenMP threads used for ocean calculations. |
| `use_hyper_thread` | Enables use of hardware hyper-threading. |
***

name     : OpenMP Parallelization/chunk1/chunk2
tokens   : 24
source   : README.md
parent   : OpenMP Parallelization
datatype : readme
name     : OpenMP Parallelization/chunk1/chunk2
ichunk   : 2
| `use_hyper_thread` | Enables use of hardware hyper-threading. |  
---
***

name     : `atmos_data_type` — Atmosphere Model State/Generic Exchange and Tracer Boundary Condition Fields
tokens   : 202
source   : AtmosDataType.md
parent   : `atmos_data_type` — Atmosphere Model State
datatype : readme
name     : `atmos_data_type` — Atmosphere Model State/Generic Exchange and Tracer Boundary Condition Fields
ichunk   : 0
| Field | Type / Dimensions | Description |
|---|---|---|
| `Atm%gex_atm2lnd` | real 3D | Generic exchange fields sent from the atmosphere to the land model (e.g., CO₂, aerosol deposition); third dimension indexes the exchange field list as defined in `field_table`. |
| `Atm%gex_lnd2atm` | real 3D | Generic exchange fields returned from the land model to the atmosphere (e.g., surface emission fluxes); third dimension indexes the exchange field list. |
| `Atm%fields` | `type(coupler_2d_bc_type)` | Array of additional tracer boundary-condition fields for atmosphere–ocean gas exchange (CO₂, O₂, CFCs, etc.); registered and populated by `atmos_tracer_flux_init`. |  
---
***

name     : `atmos_data_type` — Atmosphere Model State/Grid Geometry Fields (`Atm%grid`)/chunk1
tokens   : 345
source   : AtmosDataType.md
parent   : `atmos_data_type` — Atmosphere Model State
datatype : readme
name     : `atmos_data_type` — Atmosphere Model State/Grid Geometry Fields (`Atm%grid`)/chunk1
ichunk   : 1
`Atm%grid` is of type `grid_box_type`, defined in `FMS/exchange/xgrid`. It holds the geometric quantities needed for **second-order conservative flux remapping** between the atmosphere and surface component grids on a cubic-sphere mesh. Fields are accessed as, e.g., `Atm%grid%dx`.  
| Field | Type / Dimensions | Units | Description |
|---|---|---|---|
| `Atm%grid%dx` | real 2D | m | Grid-box width in the x-direction. |
| `Atm%grid%dy` | real 2D | m | Grid-box width in the y-direction. |
| `Atm%grid%area` | real 2D | m² | Grid-box area. |
| `Atm%grid%edge_w` | real 1D | m | Western edge lengths of grid boxes along the boundary. |
| `Atm%grid%edge_e` | real 1D | m | Eastern edge lengths. |
| `Atm%grid%edge_s` | real 1D | m | Southern edge lengths. |
| `Atm%grid%edge_n` | real 1D | m | Northern edge lengths. |
| `Atm%grid%en1` | real 3D | — | First unit normal vector at grid-box edges; used to project vector fields (winds, stresses) during remapping. |
| `Atm%grid%en2` | real 3D | — | Second unit normal vector at grid-box edges. |
***

name     : `atmos_data_type` — Atmosphere Model State/Grid Geometry Fields (`Atm%grid`)/chunk1/chunk2
tokens   : 96
source   : AtmosDataType.md
parent   : `atmos_data_type` — Atmosphere Model State
datatype : readme
name     : `atmos_data_type` — Atmosphere Model State/Grid Geometry Fields (`Atm%grid`)/chunk1/chunk2
ichunk   : 2
| `Atm%grid%en2` | real 3D | — | Second unit normal vector at grid-box edges. |
| `Atm%grid%vlon` | real 3D | — | Unit vector in the local longitude direction at each grid point; used to rotate between geographic and local coordinate frames during exchange. |
| `Atm%grid%vlat` | real 3D | — | Unit vector in the local latitude direction at each grid point. |
***

name     : `atmos_data_type` — Atmosphere Model State/Grid and Domain Fields/chunk1
tokens   : 291
source   : AtmosDataType.md
parent   : `atmos_data_type` — Atmosphere Model State
datatype : readme
name     : `atmos_data_type` — Atmosphere Model State/Grid and Domain Fields/chunk1
ichunk   : 1
| Field | Type / Dimensions | Description |
|---|---|---|
| `Atm%domain` | `type(domain2d)` | FMS domain decomposition for the atmosphere; defines the MPI tile layout and halo widths. |
| `Atm%axes` | `integer(4)` | Diag-manager axis indices for x, y, pfull, and phalf; used when registering and sending diagnostic fields. |
| `Atm%lon_bnd` | `real 2D` | Longitude of grid-box corners on the local compute domain [radians]. |
| `Atm%lat_bnd` | `real 2D` | Latitude of grid-box corners on the local compute domain [radians]. |
| `Atm%lon` | `real 2D` | Longitude of grid-box centres on the local compute domain [radians]. |
| `Atm%lat` | `real 2D` | Latitude of grid-box centres on the local compute domain [radians]. |
| `Atm%grid` | `type(grid_box_type)` | Grid geometry needed for second-order conservative remapping on the cubic-sphere exchange grid. See [Grid Geometry Fields](#grid-geometry-fields-atmgrid) below. |
***

name     : `atmos_data_type` — Atmosphere Model State/Grid and Domain Fields/chunk1/chunk2
tokens   : 67
source   : AtmosDataType.md
parent   : `atmos_data_type` — Atmosphere Model State
datatype : readme
name     : `atmos_data_type` — Atmosphere Model State/Grid and Domain Fields/chunk1/chunk2
ichunk   : 2
| `Atm%maskmap` | `logical(:,:)` (pointer) | Mask indicating which logical processors are active for ocean code; processors covering all-land points may not be assigned to physical PEs. Dummy field — must be present for compilation but need not be set. |  
---
***

name     : `atmos_data_type` — Atmosphere Model State/Implicit Vertical Diffusion Coefficients (`Atm%Surf_diff`)/chunk1
tokens   : 325
source   : AtmosDataType.md
parent   : `atmos_data_type` — Atmosphere Model State
datatype : readme
name     : `atmos_data_type` — Atmosphere Model State/Implicit Vertical Diffusion Coefficients (`Atm%Surf_diff`)/chunk1
ichunk   : 1
`Atm%Surf_diff` is of type `surf_diff_type`, defined in `atmos_phys/atmos_param/vert_diff/vert_diff.F90`. It carries the forward-elimination coefficients from the implicit vertical diffusion scheme that couples the atmosphere to the surface models. Fields are accessed as, e.g., `Atm%Surf_diff%dtmass`.  
These fields support the **tridiagonal implicit surface coupling** between the atmosphere and land/ice. They are populated during `update_atmos_model_down` (forward sweep) and consumed during `update_atmos_model_up` (back-substitution) and `flux_down_from_atmos` / `flux_up_to_atmos`.  
| Field | Type / Dimensions | Units | Description |
|---|---|---|---|
| `Atm%Surf_diff%dtmass` | real 2D | s·m²/kg | `dt/mass` — ratio of the atmospheric timestep to the surface-layer air mass; scales flux tendencies to temperature/tracer tendencies. |
| `Atm%Surf_diff%dflux_t` | real 2D | W/m²/K | `d(sensible heat flux)/d(T_surf)` — linearisation of the surface heat flux with respect to surface temperature; used to form the implicit coupling term. |
***

name     : `atmos_data_type` — Atmosphere Model State/Implicit Vertical Diffusion Coefficients (`Atm%Surf_diff`)/chunk1/chunk2
tokens   : 298
source   : AtmosDataType.md
parent   : `atmos_data_type` — Atmosphere Model State
datatype : readme
name     : `atmos_data_type` — Atmosphere Model State/Implicit Vertical Diffusion Coefficients (`Atm%Surf_diff`)/chunk1/chunk2
ichunk   : 2
| `Atm%Surf_diff%delta_t` | real 2D | K | Forward-elimination coefficient for temperature from the implicit tridiagonal scheme; represents the accumulated atmospheric temperature forcing at the bottom level waiting for the surface response. |
| `Atm%Surf_diff%delta_u` | real 2D | m/s | Forward-elimination coefficient for zonal wind from the implicit scheme. |
| `Atm%Surf_diff%delta_v` | real 2D | m/s | Forward-elimination coefficient for meridional wind from the implicit scheme. |
| `Atm%Surf_diff%dflux_tr` | real 3D | varies | `d(tracer flux)/d(tracer_surf)` — linearisation of tracer surface fluxes with respect to surface tracer concentration; third dimension indexes tracers. |
| `Atm%Surf_diff%delta_tr` | real 3D | varies | Forward-elimination coefficient for each tracer from the implicit scheme; third dimension indexes tracers. |
| `Atm%Surf_diff%tdt_dyn` | real 3D | K/s | Temperature tendency from dynamics (advection, etc.) passed through the diffusion scheme. |
| `Atm%Surf_diff%qdt_dyn` | real 3D | kg/kg/s | Moisture tendency from dynamics. |
***

name     : `atmos_data_type` — Atmosphere Model State/Implicit Vertical Diffusion Coefficients (`Atm%Surf_diff`)/chunk1/chunk2/chunk3
tokens   : 142
source   : AtmosDataType.md
parent   : `atmos_data_type` — Atmosphere Model State
datatype : readme
name     : `atmos_data_type` — Atmosphere Model State/Implicit Vertical Diffusion Coefficients (`Atm%Surf_diff`)/chunk1/chunk2/chunk3
ichunk   : 3
| `Atm%Surf_diff%qdt_dyn` | real 3D | kg/kg/s | Moisture tendency from dynamics. |
| `Atm%Surf_diff%dgz_dyn` | real 3D | m²/s³ | Geopotential height tendency from dynamics. |
| `Atm%Surf_diff%ddp_dyn` | real 3D | Pa/s | Pressure-thickness tendency from dynamics. |
| `Atm%Surf_diff%tdt_rad` | real 3D | K/s | Temperature tendency from radiation; used in MIZ (marginal ice zone) forecast mode. |  
---
***

name     : `atmos_data_type` — Atmosphere Model State/Lowest Atmospheric Level State Fields
tokens   : 329
source   : AtmosDataType.md
parent   : `atmos_data_type` — Atmosphere Model State
datatype : readme
name     : `atmos_data_type` — Atmosphere Model State/Lowest Atmospheric Level State Fields
ichunk   : 0
These fields carry the atmospheric state at the bottom model level and are the primary inputs to `sfc_boundary_layer`. All are 2D arrays on the local compute domain.  
| Field | Units | Description |
|---|---|---|
| `Atm%t_bot` | K | Temperature at the lowest model level. |
| `Atm%tr_bot` | — | Tracer mixing ratios at the lowest model level; 3D array, third dimension indexes the tracer table. Specific humidity (`sphum`) is always present. |
| `Atm%z_bot` | m | Height of the lowest model level above the surface. |
| `Atm%p_bot` | Pa | Pressure at the lowest model level. |
| `Atm%u_bot` | m/s | Zonal wind component at the lowest model level. |
| `Atm%v_bot` | m/s | Meridional wind component at the lowest model level. |
| `Atm%p_surf` | Pa | Surface pressure. |
| `Atm%slp` | Pa | Sea-level pressure. |
| `Atm%gust` | m/s | Gustiness factor — a minimum wind speed added in quadrature to the resolved wind to account for sub-grid convective gusts in surface flux calculations. |
| `Atm%coszen` | dimensionless | Cosine of the solar zenith angle; used to weight shortwave fluxes and partition direct vs. diffuse radiation. |  
---
***

name     : `atmos_data_type` — Atmosphere Model State/Overview
tokens   : 237
source   : AtmosDataType.md
parent   : `atmos_data_type` — Atmosphere Model State
datatype : readme
name     : `atmos_data_type` — Atmosphere Model State/Overview
ichunk   : 0
`atmos_data_type` is the main Fortran derived type that holds all fields and states of the atmosphere model. An instance named `Atm` is declared in `coupler_main.F90` and passed to flux-exchange subroutines throughout the full coupler. The type carries the lowest-level atmospheric state, radiative and precipitation fluxes, grid/domain metadata, implicit-coupling coefficients (`Surf_diff`), and grid geometry (`grid`).  
**Related types:** `land_data_type`, `ice_data_type`, `atmos_land_boundary_type`, `atmos_ice_boundary_type`, `land_ice_atmos_boundary_type`  
**Key subroutines that read or write `Atm` fields:** `sfc_boundary_layer`, `flux_down_from_atmos`, `flux_up_to_atmos`, `update_atmos_model_down`, `update_atmos_model_up`  
---
***

name     : `atmos_data_type` — Atmosphere Model State/Precipitation Fields
tokens   : 112
source   : AtmosDataType.md
parent   : `atmos_data_type` — Atmosphere Model State
datatype : readme
name     : `atmos_data_type` — Atmosphere Model State/Precipitation Fields
ichunk   : 0
| Field | Type / Dimensions | Units | Description |
|---|---|---|---|
| `Atm%lprec` | real 2D | kg/m² | Mass of liquid precipitation accumulated since the last time step; equivalent to a rate in kg/m²/s when divided by `dt_atmos`. |
| `Atm%fprec` | real 2D | kg/m² | Mass of frozen (solid) precipitation accumulated since the last time step. |  
---
***

name     : `atmos_data_type` — Atmosphere Model State/Radiative Flux Fields
tokens   : 382
source   : AtmosDataType.md
parent   : `atmos_data_type` — Atmosphere Model State
datatype : readme
name     : `atmos_data_type` — Atmosphere Model State/Radiative Flux Fields
ichunk   : 0
All fields are real 2D arrays. These fluxes are computed by the atmosphere and passed to land and ice by `flux_down_from_atmos`.  
| Field | Units | Description |
|---|---|---|
| `Atm%flux_sw` | W/m² | Total net shortwave flux at the surface (absorbed by the surface). |
| `Atm%flux_sw_dir` | W/m² | Direct-beam component of the net shortwave flux. |
| `Atm%flux_sw_dif` | W/m² | Diffuse component of the net shortwave flux. |
| `Atm%flux_sw_down_vis_dir` | W/m² | Downward direct-beam flux in the visible band (0.2–0.7 µm). |
| `Atm%flux_sw_down_vis_dif` | W/m² | Downward diffuse flux in the visible band. |
| `Atm%flux_sw_down_total_dir` | W/m² | Downward direct-beam broadband shortwave flux. |
| `Atm%flux_sw_down_total_dif` | W/m² | Downward diffuse broadband shortwave flux. |
| `Atm%flux_sw_vis` | W/m² | Net (downward minus reflected) visible-band shortwave flux at the surface. |
| `Atm%flux_sw_vis_dir` | W/m² | Direct-beam component of the net visible shortwave flux. |
| `Atm%flux_sw_vis_dif` | W/m² | Diffuse component of the net visible shortwave flux. |
| `Atm%flux_lw` | W/m² | Net downward longwave flux at the surface. |  
---
***

name     : `atmos_data_type` — Atmosphere Model State/Time and PE Metadata Fields
tokens   : 202
source   : AtmosDataType.md
parent   : `atmos_data_type` — Atmosphere Model State
datatype : readme
name     : `atmos_data_type` — Atmosphere Model State/Time and PE Metadata Fields
ichunk   : 0
| Field | Type | Description |
|---|---|---|
| `Atm%Time` | `type(time_type)` | Current model time; passed to `diag_manager` `send_data` calls and to `fms_data_override`. |
| `Atm%Time_step` | `type(time_type)` | Atmospheric model timestep duration (`dt_atmos`). |
| `Atm%Time_init` | `type(time_type)` | Reference (initial) time for the model run. |
| `Atm%pelist` | `integer 1D` | List of MPI PE numbers on which the atmosphere is running. |
| `Atm%pe` | `logical` | `.true.` on PEs that are part of the atmosphere pelist; used to gate atmosphere-only code blocks. |  
---
***

name     : `atmos_ice_boundary_type` — Atmosphere-to-Ice Boundary Fields/Implicit Coupling Derivative Fields
tokens   : 262
source   : AtmosIceBoundaryType.md
parent   : `atmos_ice_boundary_type` — Atmosphere-to-Ice Boundary Fields
datatype : readme
name     : `atmos_ice_boundary_type` — Atmosphere-to-Ice Boundary Fields/Implicit Coupling Derivative Fields
ichunk   : 0
These linearisation (derivative) terms are required to close the **implicit tridiagonal surface diffusion scheme** between the atmosphere and ice. They are populated during `update_atmos_model_down` (forward sweep) and used by `update_ice_model_fast` to update the ice surface temperature.  
| Field | Type / Dimensions | Units | Description |
|---|---|---|---|
| `Atmos_ice_boundary%dhdt` | real 3D | W/m²/°C | `d(upward sensible heat flux)/d(T_surf)` — derivative of sensible heat flux with respect to surface temperature. |
| `Atmos_ice_boundary%dedt` | real 3D | kg/m²/s/°C | `d(sublimation+evaporation rate)/d(T_surf)` — derivative of the moisture flux with respect to surface temperature. |
| `Atmos_ice_boundary%drdt` | real 3D | W/m²/°C | `d(net upward longwave flux)/d(T_surf)` — derivative of the net upward longwave flux with respect to surface temperature. |  
---
***

name     : `atmos_ice_boundary_type` — Atmosphere-to-Ice Boundary Fields/Metadata and Transfer Fields
tokens   : 151
source   : AtmosIceBoundaryType.md
parent   : `atmos_ice_boundary_type` — Atmosphere-to-Ice Boundary Fields
datatype : readme
name     : `atmos_ice_boundary_type` — Atmosphere-to-Ice Boundary Fields/Metadata and Transfer Fields
ichunk   : 0
| Field | Type | Description |
|---|---|---|
| `Atmos_ice_boundary%p` | real 3D | Atmospheric surface pressure [Pa]; typically ~1×10⁵ Pa. |
| `Atmos_ice_boundary%xtype` | integer | Transfer mode for the atmosphere-to-ice exchange: `REGRID` (1), `REDIST` (2), or `DIRECT` (3). |
| `Atmos_ice_boundary%fluxes` | `type(coupler_3d_bc_type)` | Array of additional per-tracer gas and deposition fluxes from the atmosphere to the ice. |
***

name     : `atmos_ice_boundary_type` — Atmosphere-to-Ice Boundary Fields/Overview
tokens   : 193
source   : AtmosIceBoundaryType.md
parent   : `atmos_ice_boundary_type` — Atmosphere-to-Ice Boundary Fields
datatype : readme
name     : `atmos_ice_boundary_type` — Atmosphere-to-Ice Boundary Fields/Overview
ichunk   : 0
`atmos_ice_boundary_type` holds all data passed from the coupler to the sea-ice model (SIS2) at each atmospheric timestep. An instance named `Atmos_ice_boundary` is declared in `coupler_main.F90`. Fields are 3D arrays dimensioned `(:, :, n_categories)` where the third dimension indexes the sea-ice thickness categories; category 1 corresponds to open ocean.  
**Populated by:** `flux_down_from_atmos`, `sfc_boundary_layer`
**Consumed by:** `update_ice_model_fast`, `flux_ice_to_ocean`
**Related types:** `atmos_land_boundary_type`, `land_ice_atmos_boundary_type`, `ice_ocean_boundary_type`  
---
***

name     : `atmos_ice_boundary_type` — Atmosphere-to-Ice Boundary Fields/Precipitation Fields
tokens   : 152
source   : AtmosIceBoundaryType.md
parent   : `atmos_ice_boundary_type` — Atmosphere-to-Ice Boundary Fields
datatype : readme
name     : `atmos_ice_boundary_type` — Atmosphere-to-Ice Boundary Fields/Precipitation Fields
ichunk   : 0
| Field | Type / Dimensions | Units | Description |
|---|---|---|---|
| `Atmos_ice_boundary%lprec` | real 3D | kg/m²/s | Liquid precipitation (rain) from the atmosphere onto the ice or ocean in each thickness category. Rain falling on snow is currently assumed to drain directly through the ice into the ocean. |
| `Atmos_ice_boundary%fprec` | real 3D | kg/m²/s | Frozen precipitation (snowfall, sleet, hail, graupel) from the atmosphere to the ice or ocean. All forms of frozen precipitation are treated as snow in SIS2. |  
---
***

name     : `atmos_ice_boundary_type` — Atmosphere-to-Ice Boundary Fields/Radiation Flux Fields/chunk1
tokens   : 326
source   : AtmosIceBoundaryType.md
parent   : `atmos_ice_boundary_type` — Atmosphere-to-Ice Boundary Fields
datatype : readme
name     : `atmos_ice_boundary_type` — Atmosphere-to-Ice Boundary Fields/Radiation Flux Fields/chunk1
ichunk   : 1
All fields are real 3D arrays in W/m².  
| Field | Units | Description |
|---|---|---|
| `Atmos_ice_boundary%lw_flux` | W/m² | Net downward longwave radiation flux from the atmosphere into the ice or ocean. |
| `Atmos_ice_boundary%sw_flux_vis_dir` | W/m² | Net direct visible shortwave radiation flux into the ice or ocean. |
| `Atmos_ice_boundary%sw_flux_vis_dif` | W/m² | Net diffuse visible shortwave radiation flux into the ice or ocean. |
| `Atmos_ice_boundary%sw_flux_nir_dir` | W/m² | Net direct near-infrared shortwave radiation flux into the ice or ocean. |
| `Atmos_ice_boundary%sw_flux_nir_dif` | W/m² | Net diffuse near-infrared shortwave radiation flux into the ice or ocean. |
| `Atmos_ice_boundary%sw_down_vis_dir` | W/m² | Downward direct visible shortwave radiation flux from the atmosphere. |
| `Atmos_ice_boundary%sw_down_vis_dif` | W/m² | Downward diffuse visible shortwave radiation flux from the atmosphere. |
| `Atmos_ice_boundary%sw_down_nir_dir` | W/m² | Downward direct near-infrared shortwave radiation flux from the atmosphere. |
***

name     : `atmos_ice_boundary_type` — Atmosphere-to-Ice Boundary Fields/Radiation Flux Fields/chunk1/chunk2
tokens   : 99
source   : AtmosIceBoundaryType.md
parent   : `atmos_ice_boundary_type` — Atmosphere-to-Ice Boundary Fields
datatype : readme
name     : `atmos_ice_boundary_type` — Atmosphere-to-Ice Boundary Fields/Radiation Flux Fields/chunk1/chunk2
ichunk   : 2
| `Atmos_ice_boundary%sw_down_nir_dif` | W/m² | Downward diffuse near-infrared shortwave radiation flux from the atmosphere. |
| `Atmos_ice_boundary%coszen` | dimensionless (≤ 1) | Cosine of the solar zenith angle averaged over the next radiation timestep (not the timestep used to compute the `sw_flux` fields). |  
---
***

name     : `atmos_ice_boundary_type` — Atmosphere-to-Ice Boundary Fields/Sensible Heat and Moisture Flux Fields
tokens   : 113
source   : AtmosIceBoundaryType.md
parent   : `atmos_ice_boundary_type` — Atmosphere-to-Ice Boundary Fields
datatype : readme
name     : `atmos_ice_boundary_type` — Atmosphere-to-Ice Boundary Fields/Sensible Heat and Moisture Flux Fields
ichunk   : 0
| Field | Type / Dimensions | Units | Description |
|---|---|---|---|
| `Atmos_ice_boundary%t_flux` | real 3D | W/m² | Net sensible heat flux from the ocean or ice surface into the atmosphere. |
| `Atmos_ice_boundary%q_flux` | real 3D | kg/m²/s | Moisture flux from the ice or ocean to the atmosphere due to evaporation or sublimation. |  
---
***

name     : `atmos_ice_boundary_type` — Atmosphere-to-Ice Boundary Fields/Wind Stress Fields
tokens   : 141
source   : AtmosIceBoundaryType.md
parent   : `atmos_ice_boundary_type` — Atmosphere-to-Ice Boundary Fields
datatype : readme
name     : `atmos_ice_boundary_type` — Atmosphere-to-Ice Boundary Fields/Wind Stress Fields
ichunk   : 0
All fields are real 3D arrays on an A-grid (not rotated to the model grid).  
| Field | Units | Description |
|---|---|---|
| `Atmos_ice_boundary%u_flux` | Pa | True-eastward wind stress from the atmosphere to the ocean or ice in each thickness category. |
| `Atmos_ice_boundary%v_flux` | Pa | True-northward wind stress from the atmosphere to the ocean or ice in each thickness category. |
| `Atmos_ice_boundary%u_star` | Pa | Atmospheric friction velocity on an A-grid. |  
---
***

name     : `atmos_land_boundary_type` — Atmosphere-to-Land Boundary Fields/Implicit Coupling Derivative Fields
tokens   : 258
source   : AtmosLandBoundaryType.md
parent   : `atmos_land_boundary_type` — Atmosphere-to-Land Boundary Fields
datatype : readme
name     : `atmos_land_boundary_type` — Atmosphere-to-Land Boundary Fields/Implicit Coupling Derivative Fields
ichunk   : 0
These linearisation (derivative) terms are required to close the **implicit tridiagonal surface diffusion scheme** between the atmosphere and land. They are populated during `update_atmos_model_down` (forward sweep) and used by `update_land_model_fast` to update the land surface temperature.  
| Field | Type / Dimensions | Units | Description |
|---|---|---|---|
| `Atmos_land_boundary%dhdt` | real 2D | W/m²/K | `d(sensible heat flux)/d(T_surf)` — derivative of sensible heat flux with respect to surface temperature. |
| `Atmos_land_boundary%dhdq` | real 2D | W/m²/(kg/kg) | `d(sensible heat flux)/d(q_surf)` — derivative of sensible heat flux with respect to surface specific humidity. |
| `Atmos_land_boundary%drdt` | real 2D | W/m²/K | `d(longwave flux)/d(T_surf)` — derivative of longwave flux with respect to surface radiative temperature. |  
---
***

name     : `atmos_land_boundary_type` — Atmosphere-to-Land Boundary Fields/Metadata Field
tokens   : 73
source   : AtmosLandBoundaryType.md
parent   : `atmos_land_boundary_type` — Atmosphere-to-Land Boundary Fields
datatype : readme
name     : `atmos_land_boundary_type` — Atmosphere-to-Land Boundary Fields/Metadata Field
ichunk   : 0
| Field | Type | Description |
|---|---|---|
| `Atmos_land_boundary%xtype` | integer | Transfer mode for the atmosphere-to-land exchange: `REGRID` (1), `REDIST` (2), or `DIRECT` (3). |
***

name     : `atmos_land_boundary_type` — Atmosphere-to-Land Boundary Fields/Overview
tokens   : 183
source   : AtmosLandBoundaryType.md
parent   : `atmos_land_boundary_type` — Atmosphere-to-Land Boundary Fields
datatype : readme
name     : `atmos_land_boundary_type` — Atmosphere-to-Land Boundary Fields/Overview
ichunk   : 0
`atmos_land_boundary_type` carries all data passed from the coupler to the land model (LM4) at each atmospheric timestep. An instance named `Atmos_land_boundary` is declared in `coupler_main.F90`. All fields are pointers dimensioned `(grid_index, tile_number)` unless otherwise noted; the tile dimension supports LM4's unstructured multi-tile land representation.  
**Populated by:** `flux_down_from_atmos`, `sfc_boundary_layer`
**Consumed by:** `update_land_model_fast`
**Related types:** `land_data_type`, `land_ice_atmos_boundary_type`, `atmos_ice_boundary_type`  
---
***

name     : `atmos_land_boundary_type` — Atmosphere-to-Land Boundary Fields/Precipitation Fields
tokens   : 113
source   : AtmosLandBoundaryType.md
parent   : `atmos_land_boundary_type` — Atmosphere-to-Land Boundary Fields
datatype : readme
name     : `atmos_land_boundary_type` — Atmosphere-to-Land Boundary Fields/Precipitation Fields
ichunk   : 0
| Field | Type / Dimensions | Units | Description |
|---|---|---|---|
| `Atmos_land_boundary%lprec` | real 2D | kg/m²/s | Liquid precipitation rate. |
| `Atmos_land_boundary%fprec` | real 2D | kg/m²/s | Frozen precipitation rate. |
| `Atmos_land_boundary%tprec` | real 2D | K | Temperature of precipitation. |  
---
***

name     : `atmos_land_boundary_type` — Atmosphere-to-Land Boundary Fields/Radiation Flux Fields
tokens   : 338
source   : AtmosLandBoundaryType.md
parent   : `atmos_land_boundary_type` — Atmosphere-to-Land Boundary Fields
datatype : readme
name     : `atmos_land_boundary_type` — Atmosphere-to-Land Boundary Fields/Radiation Flux Fields
ichunk   : 0
All fields are real 2D arrays in W/m², dimensioned `(grid_index, tile_number)`.  
| Field | Units | Description |
|---|---|---|
| `Atmos_land_boundary%t_flux` | W/m² | Sensible heat flux into the land surface. |
| `Atmos_land_boundary%lw_flux` | W/m² | Net longwave radiation flux at the land surface. |
| `Atmos_land_boundary%lwdn_flux` | W/m² | Downward longwave radiation flux at the land surface. |
| `Atmos_land_boundary%sw_flux` | W/m² | Net shortwave radiation flux at the land surface. |
| `Atmos_land_boundary%swdn_flux` | W/m² | Downward shortwave radiation flux at the land surface. |
| `Atmos_land_boundary%sw_flux_down_vis_dir` | W/m² | Downward direct-beam visible shortwave flux. |
| `Atmos_land_boundary%sw_flux_down_total_dir` | W/m² | Downward direct-beam total (broadband) shortwave flux. |
| `Atmos_land_boundary%sw_flux_down_vis_dif` | W/m² | Downward diffuse visible shortwave flux. |
| `Atmos_land_boundary%sw_flux_down_total_dif` | W/m² | Downward diffuse total (broadband) shortwave flux. |  
---
***

name     : `atmos_land_boundary_type` — Atmosphere-to-Land Boundary Fields/Tracer Flux Fields
tokens   : 146
source   : AtmosLandBoundaryType.md
parent   : `atmos_land_boundary_type` — Atmosphere-to-Land Boundary Fields
datatype : readme
name     : `atmos_land_boundary_type` — Atmosphere-to-Land Boundary Fields/Tracer Flux Fields
ichunk   : 0
Dimensioned `(grid_index, tile_number, tracer_index)`.  
| Field | Units | Description |
|---|---|---|
| `Atmos_land_boundary%tr_flux` | tracer units · kg air / (m²·s) | Flux of each tracer into the land surface, including water vapor flux. |
| `Atmos_land_boundary%dfdtr` | varies | `d(tracer flux)/d(tracer_surf)` — derivative of the tracer flux with respect to the surface tracer value, including evaporation over surface specific humidity. |  
---
***

name     : `atmos_land_boundary_type` — Atmosphere-to-Land Boundary Fields/Turbulence and Surface Layer Fields
tokens   : 269
source   : AtmosLandBoundaryType.md
parent   : `atmos_land_boundary_type` — Atmosphere-to-Land Boundary Fields
datatype : readme
name     : `atmos_land_boundary_type` — Atmosphere-to-Land Boundary Fields/Turbulence and Surface Layer Fields
ichunk   : 0
All fields are real 2D arrays dimensioned `(grid_index, tile_number)`.  
| Field | Units | Description |
|---|---|---|
| `Atmos_land_boundary%cd_m` | dimensionless | Drag coefficient for momentum. |
| `Atmos_land_boundary%cd_t` | dimensionless | Drag coefficient for tracers (heat and moisture). |
| `Atmos_land_boundary%ustar` | m/s | Turbulent wind scale (friction velocity). |
| `Atmos_land_boundary%bstar` | m/s | Turbulent buoyancy scale. |
| `Atmos_land_boundary%wind` | m/s | Absolute wind speed at the bottom of the atmospheric layer. |
| `Atmos_land_boundary%z_bot` | m | Height of the bottom atmospheric layer above the land surface. |
| `Atmos_land_boundary%drag_q` | m/s | Product of the moisture drag coefficient and wind speed (`cd_q × wind`); used in land surface moisture flux calculations. |
| `Atmos_land_boundary%p_surf` | Pa | Surface pressure. |  
---
***

name     : `ice_data_type` — Sea-Ice Model State (SIS2)/Gas Exchange and Tracer Fields
tokens   : 181
source   : IceDataType.md
parent   : `ice_data_type` — Sea-Ice Model State (SIS2)
datatype : readme
name     : `ice_data_type` — Sea-Ice Model State (SIS2)/Gas Exchange and Tracer Fields
ichunk   : 0
| Field | Type | Description |
|---|---|---|
| `Ice%ocean_fields` | `type(coupler_3d_bc_type)` | Named surface-state fields shared with the atmosphere (SST, SSS, piston velocities, etc.) for atmosphere-ocean gas exchange; populated by `flux_ocean_to_ice`. |
| `Ice%ocean_fluxes` | `type(coupler_2d_bc_type)` | Computed gas fluxes from the ice to the ocean for additional tracers. |
| `Ice%ocean_fluxes_top` | `type(coupler_3d_bc_type)` | Gas flux boundary conditions at the top of the ice (atmosphere side); flagged for eventual removal. |  
---
***

name     : `ice_data_type` — Sea-Ice Model State (SIS2)/Ice-to-Ocean Flux Fields (Computed by the Slow-Ice Model)/chunk1
tokens   : 388
source   : IceDataType.md
parent   : `ice_data_type` — Sea-Ice Model State (SIS2)
datatype : readme
name     : `ice_data_type` — Sea-Ice Model State (SIS2)/Ice-to-Ocean Flux Fields (Computed by the Slow-Ice Model)/chunk1
ichunk   : 1
These 2D arrays are populated by the slow-ice model and passed to MOM6 by `flux_ice_to_ocean`.  
| Field | Units | Description |
|---|---|---|
| `Ice%flux_u` | Pa | Flux of x-momentum into the ocean (zonal wind/ice stress). |
| `Ice%flux_v` | Pa | Flux of y-momentum into the ocean (meridional wind/ice stress). |
| `Ice%flux_t` | W/m² | Sensible heat flux out of the ocean. |
| `Ice%flux_q` | kg/m²/s | Evaporative moisture flux out of the ocean. |
| `Ice%flux_lh` | W/m² | Latent heat flux out of the ocean. |
| `Ice%flux_lw` | W/m² | Net longwave flux out of the ocean. |
| `Ice%flux_sw_vis_dir` | W/m² | Direct visible shortwave heat flux into the ocean. |
| `Ice%flux_sw_vis_dif` | W/m² | Diffuse visible shortwave heat flux into the ocean. |
| `Ice%flux_sw_nir_dir` | W/m² | Direct near-infrared shortwave heat flux into the ocean. |
| `Ice%flux_sw_nir_dif` | W/m² | Diffuse near-infrared shortwave heat flux into the ocean. |
| `Ice%flux_salt` | kg/m²/s | Salt flux out of the ocean (brine rejection / melting). |
| `Ice%salt_left_behind` | kg/m²/s | Salt remaining in the ocean during ice growth (not ejected as brine). |
***

name     : `ice_data_type` — Sea-Ice Model State (SIS2)/Ice-to-Ocean Flux Fields (Computed by the Slow-Ice Model)/chunk1/chunk2
tokens   : 251
source   : IceDataType.md
parent   : `ice_data_type` — Sea-Ice Model State (SIS2)
datatype : readme
name     : `ice_data_type` — Sea-Ice Model State (SIS2)/Ice-to-Ocean Flux Fields (Computed by the Slow-Ice Model)/chunk1/chunk2
ichunk   : 2
| `Ice%lprec` | kg/m² | Liquid precipitation flux into the ocean. |
| `Ice%fprec` | kg/m² | Frozen precipitation flux into the ocean. |
| `Ice%runoff` | kg/m² | Liquid runoff from land into the ocean. |
| `Ice%runoff_hflx` | W/m² | Heat flux associated with liquid runoff, relative to a reference temperature. |
| `Ice%runoff_carbon` | kg/m² | Carbon content of liquid runoff into the ocean. |
| `Ice%calving` | kg/m² | Calving of ice or frozen freshwater runoff into the ocean. |
| `Ice%calving_hflx` | W/m² | Heat flux associated with calving, relative to a reference temperature. |
| `Ice%p_surf` | Pa | Pressure at the ocean surface; may or may not include atmospheric pressure depending on configuration. |
| `Ice%stress_mag` | Pa | Time-mean magnitude of the ice-ocean stress; passed to the ocean when `pass_stress_mag = .true.` in `SIS_slow_CS`. |  
---
***

name     : `ice_data_type` — Sea-Ice Model State (SIS2)/Iceberg Fields
tokens   : 144
source   : IceDataType.md
parent   : `ice_data_type` — Sea-Ice Model State (SIS2)
datatype : readme
name     : `ice_data_type` — Sea-Ice Model State (SIS2)/Iceberg Fields
ichunk   : 0
Allocated only when the iceberg module is active (`do_icebergs = .true.`).  
| Field | Type / Dimensions | Units | Description |
|---|---|---|---|
| `Ice%ustar_berg` | real 2D | m/s | Friction velocity contribution beneath icebergs; used for iceberg-ocean drag. |
| `Ice%area_berg` | real 2D | m²/m² | Fraction of the grid cell covered by icebergs. |
| `Ice%mass_berg` | real 2D | kg/m² | Mass of icebergs per unit area. |  
---
***

name     : `ice_data_type` — Sea-Ice Model State (SIS2)/Overview
tokens   : 369
source   : IceDataType.md
parent   : `ice_data_type` — Sea-Ice Model State (SIS2)
datatype : readme
name     : `ice_data_type` — Sea-Ice Model State (SIS2)/Overview
ichunk   : 0
`ice_data_type` is the publicly visible face of the SIS2 sea-ice model. It carries the surface state, inter-component fluxes, and PE/domain metadata that the coupler needs. All internal SIS2 state is accessed through the private control structures `fCS` (fast ice) and `sCS` (slow ice), which are opaque to the coupler.  
**Declared in:** `coupler_main.F90` as variable `Ice`
**Defined in:** `ice_model.F90` (SIS2)  
The type supports a **split fast-ice / slow-ice architecture**:
- **Fast ice** processes (surface thermodynamics, atmosphere–ice flux coupling) run on the atmospheric timestep on atmosphere PEs.
- **Slow ice** processes (dynamics, freezing/melting, transport) run on the coupled timestep and may run on ocean PEs when `slow_ice_with_ocean = .true.`.  
See [README.md](README.md) for a description of how this affects the PE layout.  
**Related types:** `atmos_ice_boundary_type`, `ice_ocean_boundary_type`, `ocean_ice_boundary_type`, `ice_ocean_driver_type`
**Key subroutines:** `update_ice_model_fast`, `update_ice_model_slow`, `flux_ocean_to_ice`, `flux_ice_to_ocean`, `exchange_slow_to_fast_ice`, `exchange_fast_to_slow_ice`  
---
***

name     : `ice_data_type` — Sea-Ice Model State (SIS2)/PE and Domain Metadata/chunk1
tokens   : 379
source   : IceDataType.md
parent   : `ice_data_type` — Sea-Ice Model State (SIS2)
datatype : readme
name     : `ice_data_type` — Sea-Ice Model State (SIS2)/PE and Domain Metadata/chunk1
ichunk   : 1
| Field | Type | Description |
|---|---|---|
| `Ice%pe` | logical | `.true.` on any PE that participates in ice computation (fast or slow). |
| `Ice%fast_ice_pe` | logical | `.true.` on PEs in the fast-ice pelist; these PEs handle atmosphere-timestep ice processes. |
| `Ice%slow_ice_pe` | logical | `.true.` on PEs in the slow-ice pelist; these PEs handle coupled-timestep ice dynamics and ice-ocean exchange. |
| `Ice%shared_slow_fast_PEs` | logical | `.true.` when fast and slow ice use the same PE set and domain decomposition (`slow_ice_with_ocean=.false.`); `.false.` when slow ice runs on the ocean PEs. |
| `Ice%pelist` | `integer(:)` | Combined list of all ice PEs (union of fast and slow pelists); used for flux exchange. |
| `Ice%fast_pelist` | `integer(:)` | MPI PE numbers for fast-ice processes. |
| `Ice%slow_pelist` | `integer(:)` | MPI PE numbers for slow-ice processes. |
| `Ice%Domain` | `type(domain2D)` | Copy of the fast-ice FMS domain without halos; used for exchange-grid setup. |
| `Ice%slow_Domain_NH` | `type(domain2D)` | Copy of the slow-ice FMS domain without halos; used for ice-ocean flux redistribution. |
***

name     : `ice_data_type` — Sea-Ice Model State (SIS2)/PE and Domain Metadata/chunk1/chunk2
tokens   : 231
source   : IceDataType.md
parent   : `ice_data_type` — Sea-Ice Model State (SIS2)
datatype : readme
name     : `ice_data_type` — Sea-Ice Model State (SIS2)/PE and Domain Metadata/chunk1/chunk2
ichunk   : 2
| `Ice%fast_domain` | `type(domain2D)` (pointer) | Pointer to the fast-ice MPI domain (or an allocated copy on slow-ice PEs). |
| `Ice%slow_domain` | `type(domain2D)` (pointer) | Pointer to the slow-ice MPI domain (or an allocated copy on fast-ice PEs). |
| `Ice%ocean_pt` | `logical(:,:)` | Mask array; `.true.` at ocean (non-land) points. |
| `Ice%xtype` | integer | Transfer mode for ice-ocean flux exchange: `DIRECT` (3) when ice and ocean share the same decomposition, `REDIST` (2) when they differ. |
| `Ice%axes` | `integer(3)` | Diag-manager axis IDs for the ice surface grid. |
| `Ice%Time` | `type(time_type)` | The sea-ice model's current clock time. |  
---
***

name     : `ice_data_type` — Sea-Ice Model State (SIS2)/Per-Category Surface Fields (Atmosphere–Ice Interface)/chunk1
tokens   : 299
source   : IceDataType.md
parent   : `ice_data_type` — Sea-Ice Model State (SIS2)
datatype : readme
name     : `ice_data_type` — Sea-Ice Model State (SIS2)/Per-Category Surface Fields (Atmosphere–Ice Interface)/chunk1
ichunk   : 1
These 3D arrays are dimensioned `(:, :, n_categories)` and provide per-ice-thickness-category information to the atmosphere each fast timestep. **Category 1 is open ocean**; the sum of `part_size` over all categories equals 1.  
| Field | Units | Description |
|---|---|---|
| `Ice%part_size` | dimensionless, 0–1 | Fractional coverage of the grid cell by each ice thickness category. |
| `Ice%t_surf` | K | Surface temperature of the ocean (category 1) or each ice thickness category. |
| `Ice%albedo` | dimensionless, 0–1 | Broadband surface albedo averaged across all wavelength and orientation bands within each ice category. |
| `Ice%albedo_vis_dir` | dimensionless | Surface albedo for direct visible shortwave radiation in each ice category. |
| `Ice%albedo_nir_dir` | dimensionless | Surface albedo for diffuse visible shortwave radiation in each ice category. |
| `Ice%albedo_vis_dif` | dimensionless | Surface albedo for direct near-infrared shortwave radiation in each ice category. |
| `Ice%albedo_nir_dif` | dimensionless | Surface albedo for diffuse near-infrared shortwave radiation in each ice category. |
***

name     : `ice_data_type` — Sea-Ice Model State (SIS2)/Per-Category Surface Fields (Atmosphere–Ice Interface)/chunk1/chunk2
tokens   : 263
source   : IceDataType.md
parent   : `ice_data_type` — Sea-Ice Model State (SIS2)
datatype : readme
name     : `ice_data_type` — Sea-Ice Model State (SIS2)/Per-Category Surface Fields (Atmosphere–Ice Interface)/chunk1/chunk2
ichunk   : 2
| `Ice%rough_mom` | m | Surface roughness length for momentum at the ocean/ice surface, as provided by `ocean_rough_mod`. |
| `Ice%rough_heat` | m | Surface roughness length for heat at the ocean/ice surface. |
| `Ice%rough_moist` | m | Surface roughness length for moisture at the ocean/ice surface. |
| `Ice%u_surf` | m/s | Eastward surface velocity of the ocean (category 1) or sea ice; used as a lower boundary condition for wind stress. |
| `Ice%v_surf` | m/s | Northward surface velocity of the ocean (category 1) or sea ice. |
| `Ice%flux_uv_stagger` | integer | Staggering of `u_surf`/`v_surf` relative to tracer points; valid values are `AGRID`, `BGRID_NE`, `CGRID_NE`, `BGRID_SW`, `CGRID_SW` (Arakawa notation). Initialized to -999 so that a global max across all PEs propagates the correct value to non-ice PEs. |  
---
***

name     : `ice_data_type` — Sea-Ice Model State (SIS2)/Private Control Structures/chunk1
tokens   : 335
source   : IceDataType.md
parent   : `ice_data_type` — Sea-Ice Model State (SIS2)
datatype : readme
name     : `ice_data_type` — Sea-Ice Model State (SIS2)/Private Control Structures/chunk1
ichunk   : 1
These fields are private to the ice model and opaque to the coupler. They are listed here for reference only.  
| Field | Type | Description |
|---|---|---|
| `Ice%fCS` | `type(SIS_fast_CS)` (pointer) | Control structure for the SIS2 fast ice thermodynamics; lives on atmosphere PEs. Contains the fast-ice grid (`fCS%G`), diagnostics, and all fast-timestep state. |
| `Ice%sCS` | `type(SIS_slow_CS)` (pointer) | Control structure for the SIS2 slow ice dynamics and thermodynamics; may live on ocean PEs when `slow_ice_with_ocean=.true.`. Contains the slow-ice grid (`sCS%G`), dynamics, tracer registry, and all slow-timestep state. |
| `Ice%icebergs` | `type(icebergs)` (pointer) | Control structure for the Lagrangian iceberg module; null when `do_icebergs=.false.`. |
| `Ice%US` | `type(unit_scale_type)` (pointer) | SIS2 dimensional unit-scaling factors; converts between external MKS values and SIS2 internal non-dimensionalised units. |
| `Ice%Ice_restart` | `type(SIS_restart_CS)` (pointer) | Control structure for writing and reading slow-ice restart files. |
***

name     : `ice_data_type` — Sea-Ice Model State (SIS2)/Private Control Structures/chunk1/chunk2
tokens   : 115
source   : IceDataType.md
parent   : `ice_data_type` — Sea-Ice Model State (SIS2)
datatype : readme
name     : `ice_data_type` — Sea-Ice Model State (SIS2)/Private Control Structures/chunk1/chunk2
ichunk   : 2
| `Ice%Ice_fast_restart` | `type(SIS_restart_CS)` (pointer) | Control structure for writing and reading fast-ice restart files. |
| `Ice%OBC` | `type(ice_OBC_type)` (pointer) | Control structure for ice open boundary conditions; null when OBCs are not configured. |
| `Ice%restart_output_dir` | `character(240)` | Directory path for restart file output; default is `./RESTART/`. |
***

name     : `ice_data_type` — Sea-Ice Model State (SIS2)/Scalar Ocean-Side Fields
tokens   : 181
source   : IceDataType.md
parent   : `ice_data_type` — Sea-Ice Model State (SIS2)
datatype : readme
name     : `ice_data_type` — Sea-Ice Model State (SIS2)/Scalar Ocean-Side Fields
ichunk   : 0
These 2D arrays carry ocean surface state passed from MOM6 to the ice model by `flux_ocean_to_ice`.  
| Field | Type / Dimensions | Units | Description |
|---|---|---|---|
| `Ice%s_surf` | real 2D | g salt/kg seawater | Ocean surface salinity. |
| `Ice%SST_C` | real 2D | °C | Ocean surface temperature; used in forecast mode. |
| `Ice%area` | real 2D | m² | Area of each ocean cell; land cells have area = 0 and this field can double as a mask. |
| `Ice%mi` | real 2D | kg/m² | Total ice + snow mass per unit area; passed to the ocean for pressure loading and to the wave model. |  
---
***

name     : `ice_ocean_boundary_type` — Ice-to-Ocean Boundary Fields/Biogeochemistry Deposition Fields
tokens   : 349
source   : IceOceanBoundaryType.md
parent   : `ice_ocean_boundary_type` — Ice-to-Ocean Boundary Fields
datatype : readme
name     : `ice_ocean_boundary_type` — Ice-to-Ocean Boundary Fields/Biogeochemistry Deposition Fields
ichunk   : 0
These fields support ocean biogeochemistry modules that require atmospheric deposition forcing.  
| Field | Type / Dimensions | Units | Description |
|---|---|---|---|
| `Ice_ocean_boundary%nhx_dep` | real 2D | kg/m²/s | Reduced nitrogen (NHx) deposition flux. |
| `Ice_ocean_boundary%noy_dep` | real 2D | kg/m²/s | Oxidized nitrogen (NOy) deposition flux. |
| `Ice_ocean_boundary%atm_co2_prog` | real 2D | ppm | Prognostic atmospheric CO₂ concentration. |
| `Ice_ocean_boundary%atm_co2_diag` | real 2D | ppm | Diagnostic atmospheric CO₂ concentration. |
| `Ice_ocean_boundary%atm_fine_dust_flux` | real 2D | kg/m²/s | Fine dust deposition flux from the atmosphere. |
| `Ice_ocean_boundary%atm_coarse_dust_flux` | real 2D | kg/m²/s | Coarse dust deposition flux from the atmosphere. |
| `Ice_ocean_boundary%seaice_dust_flux` | real 2D | kg/m²/s | Dust flux released from sea ice. |
| `Ice_ocean_boundary%atm_bc_flux` | real 2D | kg/m²/s | Black carbon deposition flux from the atmosphere. |
| `Ice_ocean_boundary%seaice_bc_flux` | real 2D | kg/m²/s | Black carbon flux released from sea ice. |  
---
***

name     : `ice_ocean_boundary_type` — Ice-to-Ocean Boundary Fields/Freshwater and Salt Flux Fields
tokens   : 257
source   : IceOceanBoundaryType.md
parent   : `ice_ocean_boundary_type` — Ice-to-Ocean Boundary Fields
datatype : readme
name     : `ice_ocean_boundary_type` — Ice-to-Ocean Boundary Fields/Freshwater and Salt Flux Fields
ichunk   : 0
| Field | Type / Dimensions | Units | Description |
|---|---|---|---|
| `Ice_ocean_boundary%q_flux` | real 2D | kg/m²/s | Specific humidity (freshwater) flux into the ocean. |
| `Ice_ocean_boundary%salt_flux` | real 2D | kg/m²/s | Salt flux from sea ice into the ocean (brine rejection / melting). |
| `Ice_ocean_boundary%excess_salt` | real 2D | kg/m²/s | Salt left behind in the ocean by brine rejection rather than ejected as a salt flux. (FMS cap only) |
| `Ice_ocean_boundary%seaice_melt` | real 2D | kg/m²/s | Water flux due to sea ice and snow melting. (NUOPC cap only) |
| `Ice_ocean_boundary%lprec` | real 2D | kg/m²/s | Mass flux of liquid precipitation into the ocean. |
| `Ice_ocean_boundary%fprec` | real 2D | kg/m²/s | Mass flux of frozen precipitation into the ocean. |  
---
***

name     : `ice_ocean_boundary_type` — Ice-to-Ocean Boundary Fields/Heat Flux Fields/chunk1
tokens   : 319
source   : IceOceanBoundaryType.md
parent   : `ice_ocean_boundary_type` — Ice-to-Ocean Boundary Fields
datatype : readme
name     : `ice_ocean_boundary_type` — Ice-to-Ocean Boundary Fields/Heat Flux Fields/chunk1
ichunk   : 1
| Field | Type / Dimensions | Units | Description |
|---|---|---|---|
| `Ice_ocean_boundary%t_flux` | real 2D | W/m² | Sensible heat flux into the ocean. |
| `Ice_ocean_boundary%lw_flux` | real 2D | W/m² | Net longwave radiation flux into the ocean. |
| `Ice_ocean_boundary%sw_flux_vis_dir` | real 2D | W/m² | Direct visible shortwave radiation into the ocean. |
| `Ice_ocean_boundary%sw_flux_vis_dif` | real 2D | W/m² | Diffuse visible shortwave radiation into the ocean. |
| `Ice_ocean_boundary%sw_flux_nir_dir` | real 2D | W/m² | Direct near-infrared shortwave radiation into the ocean. |
| `Ice_ocean_boundary%sw_flux_nir_dif` | real 2D | W/m² | Diffuse near-infrared shortwave radiation into the ocean. |
| `Ice_ocean_boundary%seaice_melt_heat` | real 2D | W/m² | Heat flux from sea ice and snow melting. (NUOPC cap only) |
| `Ice_ocean_boundary%swnet_afracr` | real 2D | W/m² | Net shortwave radiation multiplied by the atmosphere fraction, positive into the ocean. (NUOPC cap only) |
***

name     : `ice_ocean_boundary_type` — Ice-to-Ocean Boundary Fields/Heat Flux Fields/chunk1/chunk2
tokens   : 301
source   : IceOceanBoundaryType.md
parent   : `ice_ocean_boundary_type` — Ice-to-Ocean Boundary Fields
datatype : readme
name     : `ice_ocean_boundary_type` — Ice-to-Ocean Boundary Fields/Heat Flux Fields/chunk1/chunk2
ichunk   : 2
| `Ice_ocean_boundary%swpen_ifrac_n` | real 3D | W/m² | Net shortwave radiation penetrating into ice and ocean, multiplied by ice fraction per thickness category; third dimension indexes ice categories. (NUOPC cap only) |
| `Ice_ocean_boundary%hrofl` | real 2D | W/m² | Heat content from liquid runoff. |
| `Ice_ocean_boundary%hrofi` | real 2D | W/m² | Heat content from frozen runoff (calving). |
| `Ice_ocean_boundary%hrofl_glc` | real 2D | W/m² | Heat content from liquid glacier runoff via the river-routing model. |
| `Ice_ocean_boundary%hrofi_glc` | real 2D | W/m² | Heat content from frozen glacier runoff via the river-routing model. |
| `Ice_ocean_boundary%hrain` | real 2D | W/m² | Heat content from liquid precipitation. |
| `Ice_ocean_boundary%hsnow` | real 2D | W/m² | Heat content from frozen precipitation. |
| `Ice_ocean_boundary%hevap` | real 2D | W/m² | Heat content from evaporation. |
| `Ice_ocean_boundary%hcond` | real 2D | W/m² | Heat content from condensation. |  
---
***

name     : `ice_ocean_boundary_type` — Ice-to-Ocean Boundary Fields/Iceberg Fields
tokens   : 128
source   : IceOceanBoundaryType.md
parent   : `ice_ocean_boundary_type` — Ice-to-Ocean Boundary Fields
datatype : readme
name     : `ice_ocean_boundary_type` — Ice-to-Ocean Boundary Fields/Iceberg Fields
ichunk   : 0
| Field | Type / Dimensions | Units | Description |
|---|---|---|---|
| `Ice_ocean_boundary%ustar_berg` | real 2D | m/s | Frictional velocity beneath icebergs. |
| `Ice_ocean_boundary%area_berg` | real 2D | m²/m² | Fractional area of the ocean cell covered by icebergs. |
| `Ice_ocean_boundary%mass_berg` | real 2D | kg/m² | Mass of icebergs per unit ocean area. |  
---
***

name     : `ice_ocean_boundary_type` — Ice-to-Ocean Boundary Fields/Land Runoff and Calving Fields/FMS cap
tokens   : 182
source   : IceOceanBoundaryType.md
parent   : `ice_ocean_boundary_type` — Ice-to-Ocean Boundary Fields/Land Runoff and Calving Fields
datatype : readme
name     : `ice_ocean_boundary_type` — Ice-to-Ocean Boundary Fields/Land Runoff and Calving Fields/FMS cap
ichunk   : 0
| Field | Units | Description |
|---|---|---|
| `Ice_ocean_boundary%runoff` | kg/m²/s | Mass flux of liquid runoff from land into the ocean. |
| `Ice_ocean_boundary%runoff_carbon` | kg/m²/s | Mass flux of carbon carried by liquid runoff. |
| `Ice_ocean_boundary%runoff_hflx` | W/m² | Heat content of liquid runoff relative to 0 °C. |
| `Ice_ocean_boundary%calving` | kg/m²/s | Mass flux of frozen runoff (calving) into the ocean; offered first to icebergs if active. |
| `Ice_ocean_boundary%calving_hflx` | W/m² | Heat content of frozen runoff relative to 0 °C. |
***

name     : `ice_ocean_boundary_type` — Ice-to-Ocean Boundary Fields/Land Runoff and Calving Fields/NUOPC cap
tokens   : 142
source   : IceOceanBoundaryType.md
parent   : `ice_ocean_boundary_type` — Ice-to-Ocean Boundary Fields/Land Runoff and Calving Fields
datatype : readme
name     : `ice_ocean_boundary_type` — Ice-to-Ocean Boundary Fields/Land Runoff and Calving Fields/NUOPC cap
ichunk   : 0
| Field | Units | Description |
|---|---|---|
| `Ice_ocean_boundary%lrunoff` | kg/m²/s | Liquid runoff. |
| `Ice_ocean_boundary%frunoff` | kg/m²/s | Frozen (ice) runoff. |
| `Ice_ocean_boundary%lrunoff_glc` | kg/m²/s | Liquid glacier runoff delivered via the river-routing model. |
| `Ice_ocean_boundary%frunoff_glc` | kg/m²/s | Frozen glacier runoff delivered via the river-routing model. |  
---
***

name     : `ice_ocean_boundary_type` — Ice-to-Ocean Boundary Fields/Langmuir Turbulence and Wave Fields
tokens   : 252
source   : IceOceanBoundaryType.md
parent   : `ice_ocean_boundary_type` — Ice-to-Ocean Boundary Fields
datatype : readme
name     : `ice_ocean_boundary_type` — Ice-to-Ocean Boundary Fields/Langmuir Turbulence and Wave Fields
ichunk   : 0
These fields support Langmuir turbulence and wave-driven mixing parameterizations in MOM6.  
| Field | Type / Dimensions | Units | Description |
|---|---|---|---|
| `Ice_ocean_boundary%lamult` | real 2D | dimensionless | Langmuir turbulence enhancement factor. |
| `Ice_ocean_boundary%stk_wavenumbers` | real 1D | rad/m | Central wavenumber of each Stokes drift band; dimensioned `(num_stk_bands)`. |
| `Ice_ocean_boundary%ustkb` | real 3D | m/s | Stokes drift spectrum, zonal component, at u-points; third dimension indexes wavenumber bands. |
| `Ice_ocean_boundary%vstkb` | real 3D | m/s | Stokes drift spectrum, meridional component, at v-points; third dimension indexes wavenumber bands. |
| `Ice_ocean_boundary%num_stk_bands` | integer | — | Number of Stokes drift wavenumber bands passed through the coupler. |  
---
***

name     : `ice_ocean_boundary_type` — Ice-to-Ocean Boundary Fields/Overview
tokens   : 183
source   : IceOceanBoundaryType.md
parent   : `ice_ocean_boundary_type` — Ice-to-Ocean Boundary Fields
datatype : readme
name     : `ice_ocean_boundary_type` — Ice-to-Ocean Boundary Fields/Overview
ichunk   : 0
`ice_ocean_boundary_type` holds all surface forcing passed from the sea-ice model (SIS2) to the ocean model (MOM6) each coupled timestep. An instance named `Ice_ocean_boundary` is declared in `coupler_main.F90`. Fields are 2D arrays unless otherwise noted.  
**Populated by:** `flux_ice_to_ocean`
**Consumed by:** `update_ocean_model`
**Related types:** `ocean_ice_boundary_type`, `ice_data_type`  
> **Cap-specific fields:** Some fields are only present in the FMS coupler cap; others only in the NUOPC cap. These are labelled `(FMS cap only)` or `(NUOPC cap only)` respectively.  
---
***

name     : `ice_ocean_boundary_type` — Ice-to-Ocean Boundary Fields/Pressure, Mass Loading, and Sea-Ice State
tokens   : 338
source   : IceOceanBoundaryType.md
parent   : `ice_ocean_boundary_type` — Ice-to-Ocean Boundary Fields
datatype : readme
name     : `ice_ocean_boundary_type` — Ice-to-Ocean Boundary Fields/Pressure, Mass Loading, and Sea-Ice State
ichunk   : 0
| Field | Type / Dimensions | Units | Description |
|---|---|---|---|
| `Ice_ocean_boundary%p` | real 2D | Pa | Pressure of overlying ice and atmosphere on the ocean surface. |
| `Ice_ocean_boundary%mi` | real 2D | kg/m² | Mass of sea ice per unit ocean area; used for ice-pressure loading. |
| `Ice_ocean_boundary%ice_rigidity` | real 2D | m³/s | Rigidity of sea ice and ice shelves expressed as a divergence-damping coefficient; determined outside the ocean model. |
| `Ice_ocean_boundary%ice_fraction` | real 2D | dimensionless | Fractional ice area. (NUOPC cap only) |
| `Ice_ocean_boundary%ifrac_n` | real 3D | dimensionless | Ice fraction per ice thickness category; third dimension indexes categories. (NUOPC cap only) |
| `Ice_ocean_boundary%ice_ncat` | integer | — | Number of ice categories provided by the coupler; 1 means per-category data is not used. (NUOPC cap only) |
| `Ice_ocean_boundary%afracr` | real 2D | dimensionless | Fractional atmosphere coverage relative to the ocean grid cell. (NUOPC cap only) |
| `Ice_ocean_boundary%shelf_sfc_mass_flux` | real 2D | kg/m²/s | Mass flux to the surface of the ice sheet. |  
---
***

name     : `ice_ocean_boundary_type` — Ice-to-Ocean Boundary Fields/Transfer and Tracer Metadata
tokens   : 119
source   : IceOceanBoundaryType.md
parent   : `ice_ocean_boundary_type` — Ice-to-Ocean Boundary Fields
datatype : readme
name     : `ice_ocean_boundary_type` — Ice-to-Ocean Boundary Fields/Transfer and Tracer Metadata
ichunk   : 0
| Field | Type | Description |
|---|---|---|
| `Ice_ocean_boundary%xtype` | integer | Transfer mode for the ice-to-ocean exchange: `REGRID` (1), `REDIST` (2), or `DIRECT` (3). |
| `Ice_ocean_boundary%fluxes` | `type(coupler_2d_bc_type)` | Named array of additional per-tracer passive tracer fluxes from ice/atmosphere to ocean. |
***

name     : `ice_ocean_boundary_type` — Ice-to-Ocean Boundary Fields/Wind Stress Fields
tokens   : 248
source   : IceOceanBoundaryType.md
parent   : `ice_ocean_boundary_type` — Ice-to-Ocean Boundary Fields
datatype : readme
name     : `ice_ocean_boundary_type` — Ice-to-Ocean Boundary Fields/Wind Stress Fields
ichunk   : 0
| Field | Type / Dimensions | Units | Description |
|---|---|---|---|
| `Ice_ocean_boundary%u_flux` | real 2D | Pa | i-direction wind/ice stress on the ocean surface. |
| `Ice_ocean_boundary%v_flux` | real 2D | Pa | j-direction wind/ice stress on the ocean surface. |
| `Ice_ocean_boundary%stress_mag` | real 2D | Pa | Time-mean magnitude of the stress on the ocean; present when `pass_stress_mag=.true.` in `SIS_slow_CS`. (FMS cap only) |
| `Ice_ocean_boundary%wind_stagger` | integer | — | Spatial discretization of the wind stresses; may be set by the flux-exchange code based on what the sea-ice model provides, otherwise taken from the surface forcing control structure. |
| `Ice_ocean_boundary%u10_sqr` | real 2D | m²/s² | Wind speed squared at 10 m height. (NUOPC cap only) |  
---
***

name     : `ice_ocean_driver_type` — Combined Ice–Ocean Driver Control Structure/Control Structure Fields
tokens   : 361
source   : IceOceanDriverType.md
parent   : `ice_ocean_driver_type` — Combined Ice–Ocean Driver Control Structure
datatype : readme
name     : `ice_ocean_driver_type` — Combined Ice–Ocean Driver Control Structure/Control Structure Fields
ichunk   : 0
| Field | Type | Default | Description |
|---|---|---|---|
| `Ice_ocean_driver_CS%CS_is_initialized` | logical | `.false.` | `.true.` once `ice_ocean_driver_init` has completed successfully; guards against use before initialization. |
| `Ice_ocean_driver_CS%single_MOM_call` | logical | `.true.` | If `.true.`, MOM6 dynamics and thermodynamics are advanced together in a single call to `update_ocean_model`. If `.false.`, separate calls are made for the two phases. |
| `Ice_ocean_driver_CS%intersperse_ice_ocn` | logical | `.false.` | If `.true.`, ice and ocean thermodynamic and dynamic updates are interspersed rather than sequential. Requires `single_MOM_call=.false.`. |
| `Ice_ocean_driver_CS%use_intersperse_bug` | logical | `.false.` | If `.true.`, retains a bug in the intersperse option where the ocean state was not being passed back to the sea ice between interspersed steps; exists for backward compatibility. |
| `Ice_ocean_driver_CS%dt_coupled_dyn` | real | -1 (s) | Timestep for coupling ice and ocean dynamics when `intersperse_ice_ocn=.true.`; set to < 0 to use the standard coupled timestep `dt_cpld`. |
***

name     : `ice_ocean_driver_type` — Combined Ice–Ocean Driver Control Structure/Overview
tokens   : 315
source   : IceOceanDriverType.md
parent   : `ice_ocean_driver_type` — Combined Ice–Ocean Driver Control Structure
datatype : readme
name     : `ice_ocean_driver_type` — Combined Ice–Ocean Driver Control Structure/Overview
ichunk   : 0
`ice_ocean_driver_type` is the control structure for the **combined ice-ocean driver module** (`combined_ice_ocean_driver`). It is used **only** when `combine_ice_and_ocean = .true.` in `coupler_nml`, which requires both `concurrent_ice = .true.` and `slow_ice_with_ocean = .true.`. In this mode, the coupler makes a single call to `update_slow_ice_and_ocean` rather than separate calls to `update_ice_model_slow` and `update_ocean_model`.  
An instance (conventionally named `Ice_ocean_driver_CS`) is held as a pointer in the coupler state and passed opaquely to `update_slow_ice_and_ocean`, `ice_ocean_driver_init`, and `ice_ocean_driver_end`. All members are private to the module.  
This module provides a platform for tighter integration between SIS2 and MOM6 and is expected to evolve as coupled ice-ocean numerics develop.  
**Related types:** `ice_data_type`, `ocean_state_type`
**Controlling namelist flags:** `combine_ice_and_ocean`, `concurrent_ice`, `slow_ice_with_ocean` (all in `coupler_nml`)  
---
***

name     : `land_data_type` — Land Model State (LM4)/Domain and PE Metadata
tokens   : 236
source   : LandDataType.md
parent   : `land_data_type` — Land Model State (LM4)
datatype : readme
name     : `land_data_type` — Land Model State (LM4)/Domain and PE Metadata
ichunk   : 0
| Field | Type | Description |
|---|---|---|
| `Land%mask` | `logical 2D` | `.true.` where the grid cell contains land; used to gate land-only computations. |
| `Land%axes(1)` | integer | Diag-manager axis ID for the unstructured land grid; used when registering tiled land diagnostics. |
| `Land%domain` | `type(domain2D)` | FMS structured-grid domain for the land model; used for halo exchanges and exchange-grid setup. |
| `Land%ug_domain` | `type(domainUG)` | FMS unstructured-grid domain for the land model; carries the tile-based decomposition used by LM4. |
| `Land%pelist` | `integer 1D` | List of MPI PE numbers on which the land model is running. |
| `Land%pe` | logical | `.true.` on PEs that are part of the land pelist; used to gate land stock calculations. |
***

name     : `land_data_type` — Land Model State (LM4)/Land Discharge and Runoff Fields
tokens   : 178
source   : LandDataType.md
parent   : `land_data_type` — Land Model State (LM4)
datatype : readme
name     : `land_data_type` — Land Model State (LM4)/Land Discharge and Runoff Fields
ichunk   : 0
These fields carry freshwater and heat leaving the land surface and routed to the ocean/ice via `flux_land_to_ice`. Dimensioned `(lon, lat)`.  
| Field | Units | Description |
|---|---|---|
| `Land%discharge` | kg/m²/s | Liquid water discharge (river runoff) from land to ocean. |
| `Land%discharge_heat` | W/m² | Sensible heat carried by liquid discharge, using 0 °C as datum. |
| `Land%discharge_snow` | kg/m²/s | Solid water (snow/ice) discharge from land to ocean. |
| `Land%discharge_snow_heat` | W/m² | Sensible heat carried by solid discharge, using 0 °C as datum. |  
---
***

name     : `land_data_type` — Land Model State (LM4)/Overview
tokens   : 239
source   : LandDataType.md
parent   : `land_data_type` — Land Model State (LM4)
datatype : readme
name     : `land_data_type` — Land Model State (LM4)/Overview
ichunk   : 0
`land_data_type` carries the land surface states passed from the land model (LM4) to the coupler. The land model uses an **unstructured tile representation** where multiple land-cover types (soil, vegetation, lakes, etc.) can co-exist within a single atmospheric grid cell.  
**Declared in:** `coupler_main.F90` as variable `Land`
**Defined in:** the LM4 land model  
Most fields have dimensions `(grid_index, tile_number)`, where `grid_index` indexes the structured atmosphere grid and `tile_number` indexes the LM4 land tiles within each grid cell. Discharge/runoff fields have dimensions `(lon, lat)`.  
**Related types:** `atmos_land_boundary_type`, `land_ice_atmos_boundary_type`
**Key subroutines:** `update_land_model_fast`, `update_land_model_slow`, `flux_land_to_ice`  
---
***

name     : `land_data_type` — Land Model State (LM4)/Surface Albedo Fields
tokens   : 188
source   : LandDataType.md
parent   : `land_data_type` — Land Model State (LM4)
datatype : readme
name     : `land_data_type` — Land Model State (LM4)/Surface Albedo Fields
ichunk   : 0
Dimensioned `(grid_index, tile_number)`.  
| Field | Units | Description |
|---|---|---|
| `Land%albedo` | dimensionless | Broadband surface albedo; legacy field — per-band albedos below are preferred. |
| `Land%albedo_vis_dir` | dimensionless | Surface albedo for direct-beam visible radiation (0.2–0.7 µm). |
| `Land%albedo_nir_dir` | dimensionless | Surface albedo for direct-beam near-infrared radiation. |
| `Land%albedo_vis_dif` | dimensionless | Surface albedo for diffuse visible radiation. |
| `Land%albedo_nir_dif` | dimensionless | Surface albedo for diffuse near-infrared radiation. |  
---
***

name     : `land_data_type` — Land Model State (LM4)/Surface Roughness Fields
tokens   : 123
source   : LandDataType.md
parent   : `land_data_type` — Land Model State (LM4)
datatype : readme
name     : `land_data_type` — Land Model State (LM4)/Surface Roughness Fields
ichunk   : 0
Dimensioned `(grid_index, tile_number)`.  
| Field | Units | Description |
|---|---|---|
| `Land%rough_mom` | m | Surface roughness length for momentum; used in Monin-Obukhov flux calculations. |
| `Land%rough_heat` | m | Surface roughness length for heat and tracers. |
| `Land%rough_scale` | dimensionless | Topographic form-drag scaling factor for momentum; accounts for sub-grid orographic drag. |  
---
***

name     : `land_data_type` — Land Model State (LM4)/Surface State Fields
tokens   : 220
source   : LandDataType.md
parent   : `land_data_type` — Land Model State (LM4)
datatype : readme
name     : `land_data_type` — Land Model State (LM4)/Surface State Fields
ichunk   : 0
Dimensioned `(grid_index, tile_number)`.  
| Field | Units | Description |
|---|---|---|
| `Land%tile_size` | dimensionless, 0–1 | Fractional coverage of the atmospheric grid cell by this tile; used to area-weight tile quantities back onto the atmosphere grid. |
| `Land%t_surf` | K | Ground (radiative) surface temperature; used in longwave radiation and sensible heat flux calculations. |
| `Land%t_ca` | K | Canopy air temperature — near-surface air temperature within the plant canopy layer; differs from `t_surf` over vegetated tiles. |
| `Land%tr` | — | Surface tracer mixing ratios on each tile, including canopy air specific humidity as the first tracer; additional tracers (e.g., CO₂) follow the tracer table order. Dimensioned `(grid_index, tile_number, tracer_index)`. |  
---
***

name     : `land_ice_atmos_boundary_type` — Aggregated Surface State Returned to the Atmosphere/Implicit Coupling Output Fields
tokens   : 162
source   : LandIceAtmosBoundaryType.md
parent   : `land_ice_atmos_boundary_type` — Aggregated Surface State Returned to the Atmosphere
datatype : readme
name     : `land_ice_atmos_boundary_type` — Aggregated Surface State Returned to the Atmosphere/Implicit Coupling Output Fields
ichunk   : 0
These fields are outputs of the **tridiagonal back-substitution step** (`update_atmos_model_up`). They correct the atmospheric temperature and tracer tendencies for the implicit surface coupling.  
| Field | Type / Dimensions | Units | Description |
|---|---|---|---|
| `Land_ice_atmos_boundary%dt_t` | real 2D | K/s | Temperature tendency correction at the lowest atmospheric level from the implicit surface flux scheme. |
| `Land_ice_atmos_boundary%dt_tr` | real 3D | tracer units/s | Tracer mixing-ratio tendency correction at the lowest level; third dimension indexes tracers. |  
---
***

name     : `land_ice_atmos_boundary_type` — Aggregated Surface State Returned to the Atmosphere/Internal and Generic Exchange Fields
tokens   : 179
source   : LandIceAtmosBoundaryType.md
parent   : `land_ice_atmos_boundary_type` — Aggregated Surface State Returned to the Atmosphere
datatype : readme
name     : `land_ice_atmos_boundary_type` — Aggregated Surface State Returned to the Atmosphere/Internal and Generic Exchange Fields
ichunk   : 0
| Field | Type | Description |
|---|---|---|
| `Land_ice_atmos_boundary%data` | real 3D | Collective array providing named access to the scalar fields above; used internally for data-override and exchange-grid operations. |
| `Land_ice_atmos_boundary%gex_lnd2atm` | real 3D | Generic exchange fields returned from the land model to the atmosphere (e.g., surface emission fluxes); third dimension indexes the exchange field list. |
| `Land_ice_atmos_boundary%xtype` | integer | Transfer mode for the exchange-grid-to-atmosphere remap: `REGRID` (1), `REDIST` (2), or `DIRECT` (3). |
***

name     : `land_ice_atmos_boundary_type` — Aggregated Surface State Returned to the Atmosphere/Overview
tokens   : 213
source   : LandIceAtmosBoundaryType.md
parent   : `land_ice_atmos_boundary_type` — Aggregated Surface State Returned to the Atmosphere
datatype : readme
name     : `land_ice_atmos_boundary_type` — Aggregated Surface State Returned to the Atmosphere/Overview
ichunk   : 0
`land_ice_atmos_boundary_type` contains surface quantities passed from the land and ice models back to the atmosphere at each fast (atmospheric) timestep. All quantities are on the **exchange grid** and represent area-weighted aggregates over land and ice fractions. An instance named `Land_Ice_Atmos_Boundary` is declared in `coupler_main.F90`.  
**Populated by:** `sfc_boundary_layer`, `flux_up_to_atmos`
**Consumed by:** `update_atmos_model_up`, the atmosphere radiation scheme
**Related types:** `atmos_land_boundary_type`, `atmos_ice_boundary_type`, `land_data_type`, `ice_data_type`  
Reference heights `z_ref_heat` and `z_ref_mom` are configured in `flux_exchange_nml`.  
---
***

name     : `land_ice_atmos_boundary_type` — Aggregated Surface State Returned to the Atmosphere/Reference-Height Diagnostic Fields
tokens   : 315
source   : LandIceAtmosBoundaryType.md
parent   : `land_ice_atmos_boundary_type` — Aggregated Surface State Returned to the Atmosphere
datatype : readme
name     : `land_ice_atmos_boundary_type` — Aggregated Surface State Returned to the Atmosphere/Reference-Height Diagnostic Fields
ichunk   : 0
These fields are interpolated from the surface-layer profile to the reference heights `z_ref_heat` and `z_ref_mom` configured in `flux_exchange_nml`. All are real 2D arrays.  
| Field | Units | Description |
|---|---|---|
| `Land_ice_atmos_boundary%u_ref` | m/s | Zonal wind at the momentum reference height (`z_ref_mom`). |
| `Land_ice_atmos_boundary%v_ref` | m/s | Meridional wind at the momentum reference height (`z_ref_mom`). |
| `Land_ice_atmos_boundary%t_ref` | K | Air temperature at the heat reference height (`z_ref_heat`). |
| `Land_ice_atmos_boundary%q_ref` | kg/kg | Specific humidity at the heat reference height (`z_ref_heat`). |
| `Land_ice_atmos_boundary%wind` | m/s | Absolute wind speed at the lowest atmospheric model level including gust corrections. |
| `Land_ice_atmos_boundary%thv_atm` | K | Virtual potential temperature at the lowest atmospheric model level. |
| `Land_ice_atmos_boundary%thv_surf` | K | Virtual potential temperature at the surface. |  
---
***

name     : `land_ice_atmos_boundary_type` — Aggregated Surface State Returned to the Atmosphere/Surface Heat Flux Fields
tokens   : 131
source   : LandIceAtmosBoundaryType.md
parent   : `land_ice_atmos_boundary_type` — Aggregated Surface State Returned to the Atmosphere
datatype : readme
name     : `land_ice_atmos_boundary_type` — Aggregated Surface State Returned to the Atmosphere/Surface Heat Flux Fields
ichunk   : 0
> **Note:** `shflx` and `lhflx` are not compiled when `use_AM3_physics` is defined.  
| Field | Type / Dimensions | Units | Description |
|---|---|---|---|
| `Land_ice_atmos_boundary%shflx` | real 2D | W/m² | Sensible heat flux at the surface. |
| `Land_ice_atmos_boundary%lhflx` | real 2D | W/m² | Latent heat flux at the surface. |  
---
***

name     : `land_ice_atmos_boundary_type` — Aggregated Surface State Returned to the Atmosphere/Surface Temperature and Albedo Fields/chunk1
tokens   : 298
source   : LandIceAtmosBoundaryType.md
parent   : `land_ice_atmos_boundary_type` — Aggregated Surface State Returned to the Atmosphere
datatype : readme
name     : `land_ice_atmos_boundary_type` — Aggregated Surface State Returned to the Atmosphere/Surface Temperature and Albedo Fields/chunk1
ichunk   : 1
All fields are real 2D arrays on the exchange grid.  
| Field | Units | Description |
|---|---|---|
| `Land_ice_atmos_boundary%t` | K | Area-weighted surface temperature seen by the atmosphere for radiation calculations; weighted over land and ice fractions. |
| `Land_ice_atmos_boundary%t_ocean` | K | Ocean surface temperature for radiation calculations; sourced from `Ice%t_surf` through the exchange grid. |
| `Land_ice_atmos_boundary%albedo` | dimensionless | Broadband surface albedo. |
| `Land_ice_atmos_boundary%albedo_vis_dir` | dimensionless | Direct-beam visible-band surface albedo. |
| `Land_ice_atmos_boundary%albedo_nir_dir` | dimensionless | Direct-beam near-infrared surface albedo. |
| `Land_ice_atmos_boundary%albedo_vis_dif` | dimensionless | Diffuse visible-band surface albedo. |
| `Land_ice_atmos_boundary%albedo_nir_dif` | dimensionless | Diffuse near-infrared surface albedo. |
| `Land_ice_atmos_boundary%land_frac` | dimensionless | Fraction of the atmospheric grid cell covered by land. |
***

name     : `land_ice_atmos_boundary_type` — Aggregated Surface State Returned to the Atmosphere/Surface Temperature and Albedo Fields/chunk1/chunk2
tokens   : 105
source   : LandIceAtmosBoundaryType.md
parent   : `land_ice_atmos_boundary_type` — Aggregated Surface State Returned to the Atmosphere
datatype : readme
name     : `land_ice_atmos_boundary_type` — Aggregated Surface State Returned to the Atmosphere/Surface Temperature and Albedo Fields/chunk1/chunk2
ichunk   : 2
| `Land_ice_atmos_boundary%frac_open_sea` | dimensionless | Non-sea-ice fraction of the grid cell; complement of the sea-ice concentration. |
| `Land_ice_atmos_boundary%rough_mom` | m | Area-weighted surface roughness length for momentum. |
| `Land_ice_atmos_boundary%rough_heat` | m | Area-weighted surface roughness length for heat. |  
---
***

name     : `land_ice_atmos_boundary_type` — Aggregated Surface State Returned to the Atmosphere/Wind Stress and Turbulence Fields
tokens   : 284
source   : LandIceAtmosBoundaryType.md
parent   : `land_ice_atmos_boundary_type` — Aggregated Surface State Returned to the Atmosphere
datatype : readme
name     : `land_ice_atmos_boundary_type` — Aggregated Surface State Returned to the Atmosphere/Wind Stress and Turbulence Fields
ichunk   : 0
All fields are real 2D arrays.  
| Field | Units | Description |
|---|---|---|
| `Land_ice_atmos_boundary%u_flux` | Pa | Zonal wind stress on the atmosphere. |
| `Land_ice_atmos_boundary%v_flux` | Pa | Meridional wind stress on the atmosphere. |
| `Land_ice_atmos_boundary%dtaudu` | Pa·s/m | `d(zonal wind stress)/d(u)` — implicit coupling coefficient for zonal momentum. |
| `Land_ice_atmos_boundary%dtaudv` | Pa·s/m | `d(meridional wind stress)/d(v)` — implicit coupling coefficient for meridional momentum. |
| `Land_ice_atmos_boundary%u_star` | m/s | Friction velocity (surface turbulent velocity scale). |
| `Land_ice_atmos_boundary%b_star` | m/s² | Buoyancy scale used in Monin-Obukhov similarity theory. |
| `Land_ice_atmos_boundary%q_star` | kg/kg | Moisture scale used in Monin-Obukhov similarity theory. |  
---
***

name     : `ocean_ice_boundary_type` — Ocean-to-Ice Boundary Fields/Calving Fields
tokens   : 104
source   : OceanIceBoundaryType.md
parent   : `ocean_ice_boundary_type` — Ocean-to-Ice Boundary Fields
datatype : readme
name     : `ocean_ice_boundary_type` — Ocean-to-Ice Boundary Fields/Calving Fields
ichunk   : 0
| Field | Type / Dimensions | Units | Description |
|---|---|---|---|
| `Ocean_ice_boundary%calving` | real 2D | kg/m²/s | Mass flux per unit area of ice-shelf flux to be converted to icebergs. |
| `Ocean_ice_boundary%calving_hflx` | real 2D | W/m² | Heat flux associated with calving. |  
---
***

name     : `ocean_ice_boundary_type` — Ocean-to-Ice Boundary Fields/Ocean Surface Thermodynamic Fields
tokens   : 166
source   : OceanIceBoundaryType.md
parent   : `ocean_ice_boundary_type` — Ocean-to-Ice Boundary Fields
datatype : readme
name     : `ocean_ice_boundary_type` — Ocean-to-Ice Boundary Fields/Ocean Surface Thermodynamic Fields
ichunk   : 0
| Field | Type / Dimensions | Units | Description |
|---|---|---|---|
| `Ocean_ice_boundary%t` | real 2D | K | Ocean surface temperature. |
| `Ocean_ice_boundary%s` | real 2D | g salt/kg seawater | Ocean surface salinity. |
| `Ocean_ice_boundary%frazil` | real 2D | J/m² | Frazil heat rejected by the ocean since the last coupling step; delivered to SIS2 so it can account for ocean-side freezing. |
| `Ocean_ice_boundary%sea_level` | real 2D | m | Sea level after adjustment for any surface pressure that the ocean allows to be expressed. |  
---
***

name     : `ocean_ice_boundary_type` — Ocean-to-Ice Boundary Fields/Overview
tokens   : 162
source   : OceanIceBoundaryType.md
parent   : `ocean_ice_boundary_type` — Ocean-to-Ice Boundary Fields
datatype : readme
name     : `ocean_ice_boundary_type` — Ocean-to-Ice Boundary Fields/Overview
ichunk   : 0
`ocean_ice_boundary_type` carries ocean surface state passed from the ocean model (MOM6) to the sea-ice model (SIS2) each coupled timestep. An instance named `Ocean_ice_boundary` is declared in `coupler_main.F90`.  
**Populated by:** `flux_ocean_to_ice` (reads from `ocean_public_type`)
**Consumed by:** `unpack_ocean_ice_boundary`, `set_ice_surface_fields`, `update_ice_model_fast`
**Related types:** `ocean_public_type`, `ice_data_type`, `ice_ocean_boundary_type`  
---
***

name     : `ocean_ice_boundary_type` — Ocean-to-Ice Boundary Fields/Surface Velocity Fields
tokens   : 146
source   : OceanIceBoundaryType.md
parent   : `ocean_ice_boundary_type` — Ocean-to-Ice Boundary Fields
datatype : readme
name     : `ocean_ice_boundary_type` — Ocean-to-Ice Boundary Fields/Surface Velocity Fields
ichunk   : 0
| Field | Type / Dimensions | Units | Description |
|---|---|---|---|
| `Ocean_ice_boundary%u` | real 2D | m/s | x-direction ocean surface velocity at a position determined by `stagger`. |
| `Ocean_ice_boundary%v` | real 2D | m/s | y-direction ocean surface velocity at a position determined by `stagger`. |
| `Ocean_ice_boundary%stagger` | integer | — | Spatial staggering of `u` and `v` relative to tracer points; default is `BGRID_NE`. |  
---
***

name     : `ocean_ice_boundary_type` — Ocean-to-Ice Boundary Fields/Transfer and Metadata Fields
tokens   : 171
source   : OceanIceBoundaryType.md
parent   : `ocean_ice_boundary_type` — Ocean-to-Ice Boundary Fields
datatype : readme
name     : `ocean_ice_boundary_type` — Ocean-to-Ice Boundary Fields/Transfer and Metadata Fields
ichunk   : 0
| Field | Type | Description |
|---|---|---|
| `Ocean_ice_boundary%data` | real 3D | Collective array providing named access to the scalar fields above; used internally for data-override and exchange-grid operations. |
| `Ocean_ice_boundary%xtype` | integer | Transfer mode for the ocean-to-ice exchange: `REGRID` (1), `REDIST` (2), or `DIRECT` (3). |
| `Ocean_ice_boundary%fields` | `type(coupler_2d_bc_type)` | Named array of additional per-tracer ocean surface fields (e.g., pCO₂, SSS for gas exchange) passed to the ice model. |
***

name     : `ocean_public_type` — Ocean Model Public Surface Fields (MOM6)/Calving Fields
tokens   : 86
source   : OceanPublicType.md
parent   : `ocean_public_type` — Ocean Model Public Surface Fields (MOM6)
datatype : readme
name     : `ocean_public_type` — Ocean Model Public Surface Fields (MOM6)/Calving Fields
ichunk   : 0
| Field | Units | Description |
|---|---|---|
| `Ocean%calving` | kg/m² | Mass per unit area of ice-shelf flux to be converted to icebergs; passed to the iceberg module. |
| `Ocean%calving_hflx` | W/m² | Heat flux associated with calving. |  
---
***

name     : `ocean_public_type` — Ocean Model Public Surface Fields (MOM6)/Domain and PE Metadata
tokens   : 333
source   : OceanPublicType.md
parent   : `ocean_public_type` — Ocean Model Public Surface Fields (MOM6)
datatype : readme
name     : `ocean_public_type` — Ocean Model Public Surface Fields (MOM6)/Domain and PE Metadata
ichunk   : 0
| Field | Type | Description |
|---|---|---|
| `Ocean%Domain` | `type(domain2d)` | FMS domain decomposition for the ocean surface fields; defines the MPI tile layout used for coupler remapping. |
| `Ocean%is_ocean_pe` | logical | `.true.` on processors that run the ocean model; used throughout the coupler to gate ocean-only code paths. |
| `Ocean%pelist` | `integer(:)` | List of MPI PE numbers assigned to the ocean model. |
| `Ocean%maskmap` | `logical(:,:)` (pointer) | Mask indicating which logical processors are active for ocean computation; logical processors covering all-land points may not be mapped to physical PEs. Need not be set if all processors are used. |
| `Ocean%instance_name` | `character(32)` | Optional name identifying this ocean model instance; used in ensemble runs to disambiguate log messages. |
| `Ocean%stagger` | integer | Arakawa staggering of the surface velocity components (`u_surf`, `v_surf`) relative to tracer points. Valid values: `AGRID`, `BGRID_NE`, `CGRID_NE`, `BGRID_SW`, `CGRID_SW`. Set to -999 before initialization so a global max can propagate the value to non-ocean PEs. |  
---
***

name     : `ocean_public_type` — Ocean Model Public Surface Fields (MOM6)/Ocean Surface State Fields/chunk1
tokens   : 326
source   : OceanPublicType.md
parent   : `ocean_public_type` — Ocean Model Public Surface Fields (MOM6)
datatype : readme
name     : `ocean_public_type` — Ocean Model Public Surface Fields (MOM6)/Ocean Surface State Fields/chunk1
ichunk   : 1
All fields are set by the ocean model after each `update_ocean_model` call and read by the coupler to construct the `ocean_ice_boundary_type` passed to the sea-ice model via `flux_ocean_to_ice`.  
| Field | Units | Description |
|---|---|---|
| `Ocean%t_surf` | K | Sea-surface temperature (SST) on tracer (T) cells. |
| `Ocean%s_surf` | ppt | Sea-surface salinity (SSS) on T cells. |
| `Ocean%u_surf` | m/s | Surface current i-velocity at the locations indicated by `stagger`. |
| `Ocean%v_surf` | m/s | Surface current j-velocity at the locations indicated by `stagger`. |
| `Ocean%sea_lev` | m | Sea level corrected for surface pressure: `dzt(1) + η + p_atm/(ρ₀g)`; passed to the ice model as `sea_level`. |
| `Ocean%frazil` | J/m² | Accumulated heating from frazil ice formation in the ocean since the last coupling step; delivered to the ice model so it can account for ocean-side freezing. |
| `Ocean%melt_potential` | J/m² | Instantaneous heat available to melt sea ice from below; computed when the ocean boundary layer depth exceeds `HFrz`. |
***

name     : `ocean_public_type` — Ocean Model Public Surface Fields (MOM6)/Ocean Surface State Fields/chunk1/chunk2
tokens   : 61
source   : OceanPublicType.md
parent   : `ocean_public_type` — Ocean Model Public Surface Fields (MOM6)
datatype : readme
name     : `ocean_public_type` — Ocean Model Public Surface Fields (MOM6)/Ocean Surface State Fields/chunk1/chunk2
ichunk   : 2
| `Ocean%OBLD` | m | Ocean boundary layer depth; used to determine the depth over which melt potential is computed. |
| `Ocean%area` | m² | Grid-cell area of each ocean surface cell; used for conservative flux remapping. |  
---
***

name     : `ocean_public_type` — Ocean Model Public Surface Fields (MOM6)/Overview
tokens   : 178
source   : OceanPublicType.md
parent   : `ocean_public_type` — Ocean Model Public Surface Fields (MOM6)
datatype : readme
name     : `ocean_public_type` — Ocean Model Public Surface Fields (MOM6)/Overview
ichunk   : 0
`ocean_public_type` is the publicly visible face of the MOM6 ocean model. It contains only the **surface fields and domain metadata** needed by the coupler; the full MOM6 interior state is held in the private `ocean_state_type`. An instance named `Ocean` is declared in `coupler_main.F90`, with `Ocean_state` as a separate pointer to the interior state.  
**Defined in:** `ocean_model_MOM.F90`
**Populated by:** `update_ocean_model`
**Read by:** `flux_ocean_to_ice` to construct `ocean_ice_boundary_type`
**Related types:** `ocean_state_type`, `ocean_ice_boundary_type`  
---
***

name     : `ocean_public_type` — Ocean Model Public Surface Fields (MOM6)/Tracer and Diagnostic Fields
tokens   : 170
source   : OceanPublicType.md
parent   : `ocean_public_type` — Ocean Model Public Surface Fields (MOM6)
datatype : readme
name     : `ocean_public_type` — Ocean Model Public Surface Fields (MOM6)/Tracer and Diagnostic Fields
ichunk   : 0
| Field | Type | Description |
|---|---|---|
| `Ocean%fields` | `type(coupler_2d_bc_type)` | Named arrays of tracer-related ocean surface fields (e.g., pCO₂, O₂ saturation) used in atmosphere-ocean gas flux calculations; populated by `atmos_ocean_fluxes_calc`. |
| `Ocean%avg_kount` | integer | Counter tracking the number of contributions accumulated in the running averages stored in this type; used externally by FMSCoupler to manage time averaging. |
| `Ocean%axes(2)` | `integer(2)` | Diag-manager axis IDs available for I/O using this surface data. |
***

name     : `ocean_state_type` — MOM6 Interior Ocean State/Feature Flags
tokens   : 240
source   : OceanStateType.md
parent   : `ocean_state_type` — MOM6 Interior Ocean State
datatype : readme
name     : `ocean_state_type` — MOM6 Interior Ocean State/Feature Flags
ichunk   : 0
| Field | Type | Description |
|---|---|---|
| `Ocean_state%use_ice_shelf` | logical | If `.true.`, the MOM6 ice shelf model (`MOM_ice_shelf`) is enabled. |
| `Ocean_state%use_waves` | logical | If `.true.`, surface wave coupling is active. |
| `Ocean_state%icebergs_alter_ocean` | logical | If `.true.`, icebergs can modify ocean dynamics and forcing fluxes. |
| `Ocean_state%calve_ice_shelf_bergs` | logical | If `.true.`, icebergs are seeded from ice-shelf flux through the ice front. |
| `Ocean_state%offline_tracer_mode` | logical | If `.false.` (default), full prognostic dynamics and thermodynamics are integrated. If `.true.`, only tracer advection/diffusion is integrated using velocity fields read from a previous run. |  
---
***

name     : `ocean_state_type` — MOM6 Interior Ocean State/Forcing Structures
tokens   : 203
source   : OceanStateType.md
parent   : `ocean_state_type` — MOM6 Interior Ocean State
datatype : readme
name     : `ocean_state_type` — MOM6 Interior Ocean State/Forcing Structures
ichunk   : 0
| Field | Type | Description |
|---|---|---|
| `Ocean_state%forces` | `type(mech_forcing)` | Mechanical surface forcing: wind stress, sea-level pressure, and wave-related fields. |
| `Ocean_state%fluxes` | `type(forcing)` | Primary thermodynamic ocean forcing: heat flux, freshwater flux, salt flux, shortwave penetration, etc. |
| `Ocean_state%flux_tmp` | `type(forcing)` | Secondary forcing structure used when multiple coupled timesteps are taken per thermodynamic step; accumulates forcing between thermodynamic updates. |
| `Ocean_state%sfc_state` | `type(surface)` | Ocean surface state fields (SST, SSS, surface currents, boundary layer depth) returned to the coupler after each update. |  
---
***

name     : `ocean_state_type` — MOM6 Interior Ocean State/Grid Structures
tokens   : 173
source   : OceanStateType.md
parent   : `ocean_state_type` — MOM6 Interior Ocean State
datatype : readme
name     : `ocean_state_type` — MOM6 Interior Ocean State/Grid Structures
ichunk   : 0
| Field | Type | Description |
|---|---|---|
| `Ocean_state%grid` | `type(ocean_grid_type)` (pointer) | MOM6 horizontal grid structure: cell areas, distances, coordinates, metric terms, and land masks. |
| `Ocean_state%GV` | `type(verticalGrid_type)` (pointer) | MOM6 vertical grid structure: layer thicknesses, target densities (for isopycnal coordinates), and ALE remapping parameters. |
| `Ocean_state%US` | `type(unit_scale_type)` (pointer) | MOM6 dimensional unit-scaling factors; converts between external MKS units and MOM6's internal non-dimensionalised units. |  
---
***

name     : `ocean_state_type` — MOM6 Interior Ocean State/MOM6 Control Structures/chunk1
tokens   : 319
source   : OceanStateType.md
parent   : `ocean_state_type` — MOM6 Interior Ocean State
datatype : readme
name     : `ocean_state_type` — MOM6 Interior Ocean State/MOM6 Control Structures/chunk1
ichunk   : 1
| Field | Type | Description |
|---|---|---|
| `Ocean_state%MOM_CSp` | `type(MOM_control_struct)` | MOM6 master control structure; holds all module-level control structures, parameter settings, and diagnostic handles for the ocean model. |
| `Ocean_state%Ice_shelf_CSp` | `type(ice_shelf_CS)` (pointer) | Control structure for the MOM6 ice shelf model; null if `use_ice_shelf=.false.`. |
| `Ocean_state%marine_ice_CSp` | `type(marine_ice_CS)` (pointer) | Control structure for the marine ice effects module (e.g., iceberg melt parameterisation). |
| `Ocean_state%Waves` | `type(wave_parameters_cs)` (pointer) | Control structure for surface wave coupling; null if `use_waves=.false.`. |
| `Ocean_state%forcing_CSp` | `type(surface_forcing_CS)` (pointer) | MOM6 surface forcing control structure; handles the translation from coupler boundary conditions to internal MOM6 forcing arrays. |
| `Ocean_state%diag` | `type(diag_ctrl)` (pointer) | MOM6 diagnostic control structure; manages registration and posting of all ocean diagnostics to the FMS `diag_manager`. |
***

name     : `ocean_state_type` — MOM6 Interior Ocean State/MOM6 Control Structures/chunk1/chunk2
tokens   : 35
source   : OceanStateType.md
parent   : `ocean_state_type` — MOM6 Interior Ocean State
datatype : readme
name     : `ocean_state_type` — MOM6 Interior Ocean State/MOM6 Control Structures/chunk1/chunk2
ichunk   : 2
| `Ocean_state%dirs` | `type(directories)` | Structure containing relevant directory paths for input, output, and restart files. |
***

name     : `ocean_state_type` — MOM6 Interior Ocean State/Overview
tokens   : 160
source   : OceanStateType.md
parent   : `ocean_state_type` — MOM6 Interior Ocean State
datatype : readme
name     : `ocean_state_type` — MOM6 Interior Ocean State/Overview
ichunk   : 0
`ocean_state_type` contains information about the full interior state of the MOM6 ocean model. All members are **private** and are not accessible outside `ocean_model_MOM.F90`. The coupler holds only a pointer to it (`type(ocean_state_type), pointer :: Ocean_state`); the public surface fields are exposed separately through `ocean_public_type`.  
**Defined in:** `ocean_model_MOM.F90`
**Related types:** `ocean_public_type`
**Key subroutines:** `update_ocean_model`, `ocean_model_init`, `ocean_model_end`  
---
***

name     : `ocean_state_type` — MOM6 Interior Ocean State/PE and Time Fields
tokens   : 173
source   : OceanStateType.md
parent   : `ocean_state_type` — MOM6 Interior Ocean State
datatype : readme
name     : `ocean_state_type` — MOM6 Interior Ocean State/PE and Time Fields
ichunk   : 0
| Field | Type | Description |
|---|---|---|
| `Ocean_state%is_ocean_PE` | logical | `.true.` if this PE is part of the ocean pelist; initialised to `.false.` so non-ocean PEs that hold the pointer do nothing. |
| `Ocean_state%Time` | `type(time_type)` | The ocean model's master clock; advanced each call to `update_ocean_model`. |
| `Ocean_state%Time_dyn` | `type(time_type)` | The ocean model's dynamics time; equals `Time` after a complete timestep but may lag during a split dynamics/thermodynamics step. |  
---
***

name     : `ocean_state_type` — MOM6 Interior Ocean State/Physical Constants
tokens   : 112
source   : OceanStateType.md
parent   : `ocean_state_type` — MOM6 Interior Ocean State
datatype : readme
name     : `ocean_state_type` — MOM6 Interior Ocean State/Physical Constants
ichunk   : 0
| Field | Type | Units | Description |
|---|---|---|---|
| `Ocean_state%C_p` | real | J degC⁻¹ kg⁻¹ | Specific heat capacity of seawater. |
| `Ocean_state%press_to_z` | real | Z T² R⁻¹ L⁻² ~> m Pa⁻¹ | Conversion factor from pressure to ocean depth, typically `1/(ρ₀g)`. |  
---
***

name     : `ocean_state_type` — MOM6 Interior Ocean State/Timestep and Step-Count Control/chunk1
tokens   : 346
source   : OceanStateType.md
parent   : `ocean_state_type` — MOM6 Interior Ocean State
datatype : readme
name     : `ocean_state_type` — MOM6 Interior Ocean State/Timestep and Step-Count Control/chunk1
ichunk   : 1
| Field | Type | Default | Description |
|---|---|---|---|
| `Ocean_state%nstep` | integer | 0 | Counter for the number of `update_ocean` calls that advanced the dynamics. |
| `Ocean_state%nstep_thermo` | integer | 0 | Counter for the number of `update_ocean` calls that advanced the thermodynamics. |
| `Ocean_state%single_step_call` | logical | `.true.` | If `.true.`, dynamics and thermodynamics are advanced together in a single call. If `.false.`, separate calls are made using `dt` and `dt_therm`. |
| `Ocean_state%dt` | real | — | Baroclinic dynamics timestep [T ~> s]; only used when `single_step_call=.false.`. |
| `Ocean_state%dt_therm` | real | — | Thermodynamics timestep [T ~> s]; only used when `single_step_call=.false.`. |
| `Ocean_state%thermo_spans_coupling` | logical | — | If `.true.`, thermodynamic and tracer timesteps can span multiple coupled timesteps. |
| `Ocean_state%diabatic_first` | logical | — | If `.true.`, diabatic and thermodynamic processes are applied before the dynamics step. |
***

name     : `ocean_state_type` — MOM6 Interior Ocean State/Timestep and Step-Count Control/chunk1/chunk2
tokens   : 63
source   : OceanStateType.md
parent   : `ocean_state_type` — MOM6 Interior Ocean State
datatype : readme
name     : `ocean_state_type` — MOM6 Interior Ocean State/Timestep and Step-Count Control/chunk1/chunk2
ichunk   : 2
| `Ocean_state%Restart_control` | integer | — | Bit-field controlling restart file writing: bit 0 (+1) saves generic restart files; bit 1 (+2) saves time-stamped files. A negative value suppresses restart writing at run end. |  
---
***

name     : atm_land_ice_flux_exchange_mod/block_end
tokens   : 25
source   : atm_land_ice_flux_exchange_mod
parent   : atm_land_ice_flux_exchange_mod
datatype : variable
name     : atm_land_ice_flux_exchange_mod/block_end
ichunk   : 0
 block_end  integer, dimension(:), allocatable  is the ending do loop indices for OpenMP thread 
***

name     : atm_land_ice_flux_exchange_mod/block_start
tokens   : 25
source   : atm_land_ice_flux_exchange_mod
parent   : atm_land_ice_flux_exchange_mod
datatype : variable
name     : atm_land_ice_flux_exchange_mod/block_start
ichunk   : 0
 block_start  integer, dimension(:), allocatable  is the starting do loop indices for OpenMP thread 
***

name     : atm_land_ice_flux_exchange_mod/cplclock
tokens   : 17
source   : atm_land_ice_flux_exchange_mod
parent   : atm_land_ice_flux_exchange_mod
datatype : variable
name     : atm_land_ice_flux_exchange_mod/cplclock
ichunk   : 0
 cplclock  integer  is a FMS clock id for profiling general processes 
***

name     : atm_land_ice_flux_exchange_mod/d378
tokens   : 18
source   : atm_land_ice_flux_exchange_mod
parent   : atm_land_ice_flux_exchange_mod
datatype : variable
name     : atm_land_ice_flux_exchange_mod/d378
ichunk   : 0
 d378  real, parameter  is the value 1.0-d622 
***

name     : atm_land_ice_flux_exchange_mod/d608
tokens   : 18
source   : atm_land_ice_flux_exchange_mod
parent   : atm_land_ice_flux_exchange_mod
datatype : variable
name     : atm_land_ice_flux_exchange_mod/d608
ichunk   : 0
 d608  real, parameter  is the value d378/d622 
***

name     : atm_land_ice_flux_exchange_mod/d622
tokens   : 16
source   : atm_land_ice_flux_exchange_mod
parent   : atm_land_ice_flux_exchange_mod
datatype : variable
name     : atm_land_ice_flux_exchange_mod/d622
ichunk   : 0
 d622  real, parameter  is the value rdgas/rvgas 
***

name     : atm_land_ice_flux_exchange_mod/direct
tokens   : 31
source   : atm_land_ice_flux_exchange_mod
parent   : atm_land_ice_flux_exchange_mod
datatype : variable
name     : atm_land_ice_flux_exchange_mod/direct
ichunk   : 0
 direct  integer, parameter  is the boundary_typextype value when grids and domains are identical and data can be copied directly beteween components 
***

name     : atm_land_ice_flux_exchange_mod/do_forecast
tokens   : 9
source   : atm_land_ice_flux_exchange_mod
parent   : atm_land_ice_flux_exchange_mod
datatype : variable
name     : atm_land_ice_flux_exchange_mod/do_forecast
ichunk   : 0
 do_forecast  logical  is a flag 
***

name     : atm_land_ice_flux_exchange_mod/do_init
tokens   : 32
source   : atm_land_ice_flux_exchange_mod
parent   : atm_land_ice_flux_exchange_mod
datatype : variable
name     : atm_land_ice_flux_exchange_mod/do_init
ichunk   : 0
 do_init  logical  is a flag where if true, if atm_land_ice_flux_exchnge_init has been called 
***

name     : atm_land_ice_flux_exchange_mod/dt_atm
tokens   : 15
source   : atm_land_ice_flux_exchange_mod
parent   : atm_land_ice_flux_exchange_mod
datatype : variable
name     : atm_land_ice_flux_exchange_mod/dt_atm
ichunk   : 0
 dt_atm  real  is the atmospheric timestep [s] 
***

name     : atm_land_ice_flux_exchange_mod/dt_cpl
tokens   : 16
source   : atm_land_ice_flux_exchange_mod
parent   : atm_land_ice_flux_exchange_mod
datatype : variable
name     : atm_land_ice_flux_exchange_mod/dt_cpl
ichunk   : 0
 dt_cpl  real  is the coupled timestep [s] 
***

name     : atm_land_ice_flux_exchange_mod/ex_albedo_nir_dif_fix
tokens   : 47
source   : atm_land_ice_flux_exchange_mod
parent   : atm_land_ice_flux_exchange_mod
datatype : variable
name     : atm_land_ice_flux_exchange_mod/ex_albedo_nir_dif_fix
ichunk   : 0
 ex_albedo_nir_dif_fix  real, dimension(:), allocatable  is the fixed (overridden) diffuse near-infrared surface albedo on the exchange grid [dimensionless] 
***

name     : atm_land_ice_flux_exchange_mod/ex_albedo_nir_dir_fix
tokens   : 46
source   : atm_land_ice_flux_exchange_mod
parent   : atm_land_ice_flux_exchange_mod
datatype : variable
name     : atm_land_ice_flux_exchange_mod/ex_albedo_nir_dir_fix
ichunk   : 0
 ex_albedo_nir_dir_fix  real, dimension(:), allocatable  is the fixed (overridden) direct near-infrared surface albedo on the exchange grid [dimensionless] 
***

name     : atm_land_ice_flux_exchange_mod/ex_albedo_vis_dif_fix
tokens   : 46
source   : atm_land_ice_flux_exchange_mod
parent   : atm_land_ice_flux_exchange_mod
datatype : variable
name     : atm_land_ice_flux_exchange_mod/ex_albedo_vis_dif_fix
ichunk   : 0
 ex_albedo_vis_dif_fix  real, dimension(:), allocatable  is the fixed (overridden) diffuse visible-band surface albedo on the exchange grid [dimensionless] 
***

name     : atm_land_ice_flux_exchange_mod/ex_albedo_vis_dir_fix
tokens   : 61
source   : atm_land_ice_flux_exchange_mod
parent   : atm_land_ice_flux_exchange_mod
datatype : variable
name     : atm_land_ice_flux_exchange_mod/ex_albedo_vis_dir_fix
ichunk   : 0
 ex_albedo_vis_dir_fix  real, dimension(:), allocatable  is the fixed (overridden) direct visible-band surface albedo on the exchange grid [dimensionless]; used to apply data_override corrections to the albedo before flux calculations 
***

name     : atm_land_ice_flux_exchange_mod/ex_avail
tokens   : 35
source   : atm_land_ice_flux_exchange_mod
parent   : atm_land_ice_flux_exchange_mod
datatype : variable
name     : atm_land_ice_flux_exchange_mod/ex_avail
ichunk   : 0
 ex_avail  logical, dimension(:), allocatable  if a mask array where if true, the exchange grid cell is over ocean and/or seaice 
***

name     : atm_land_ice_flux_exchange_mod/ex_b_star
tokens   : 27
source   : atm_land_ice_flux_exchange_mod
parent   : atm_land_ice_flux_exchange_mod
datatype : variable
name     : atm_land_ice_flux_exchange_mod/ex_b_star
ichunk   : 0
 ex_b_star  real, dimension(:), allocatable  is the boyuancy scale on the exchange grid 
***

name     : atm_land_ice_flux_exchange_mod/ex_cd_m
tokens   : 27
source   : atm_land_ice_flux_exchange_mod
parent   : atm_land_ice_flux_exchange_mod
datatype : variable
name     : atm_land_ice_flux_exchange_mod/ex_cd_m
ichunk   : 0
 ex_cd_m  real, dimension(:), allocatable  is the drag coefficient for momentum on the exchange grid 
***

name     : atm_land_ice_flux_exchange_mod/ex_cd_t
tokens   : 27
source   : atm_land_ice_flux_exchange_mod
parent   : atm_land_ice_flux_exchange_mod
datatype : variable
name     : atm_land_ice_flux_exchange_mod/ex_cd_t
ichunk   : 0
 ex_cd_t  real, dimension(:), allocatable  is the drag coefficient for heat on the exchange grid 
***

name     : atm_land_ice_flux_exchange_mod/ex_con_atm
tokens   : 29
source   : atm_land_ice_flux_exchange_mod
parent   : atm_land_ice_flux_exchange_mod
datatype : variable
name     : atm_land_ice_flux_exchange_mod/ex_con_atm
ichunk   : 0
 ex_con_atm  real, dimension(:), allocatable  is the deposition velocity at lowest atmospheric level on the exchange grid 
***

name     : atm_land_ice_flux_exchange_mod/ex_dedq_surf_forland
tokens   : 22
source   : atm_land_ice_flux_exchange_mod
parent   : atm_land_ice_flux_exchange_mod
datatype : variable
name     : atm_land_ice_flux_exchange_mod/ex_dedq_surf_forland
ichunk   : 0
 ex_dedq_surf_forland  real, dimension(:), allocatable   
***

name     : atm_land_ice_flux_exchange_mod/ex_dedt_surf
tokens   : 38
source   : atm_land_ice_flux_exchange_mod
parent   : atm_land_ice_flux_exchange_mod
datatype : variable
name     : atm_land_ice_flux_exchange_mod/ex_dedt_surf
ichunk   : 0
 ex_dedt_surf  real, dimension(:), allocatable  is d(water.vap.flux)/d(T canopy) on the exchange grid 
***

name     : atm_land_ice_flux_exchange_mod/ex_dedt_surf_forland
tokens   : 21
source   : atm_land_ice_flux_exchange_mod
parent   : atm_land_ice_flux_exchange_mod
datatype : variable
name     : atm_land_ice_flux_exchange_mod/ex_dedt_surf_forland
ichunk   : 0
 ex_dedt_surf_forland  real, dimension(:), allocatable   
***

name     : atm_land_ice_flux_exchange_mod/ex_dfdtr_atm
tokens   : 41
source   : atm_land_ice_flux_exchange_mod
parent   : atm_land_ice_flux_exchange_mod
datatype : variable
name     : atm_land_ice_flux_exchange_mod/ex_dfdtr_atm
ichunk   : 0
 ex_dfdtr_atm  real, dimension(:,:), allocatable  is the d(tracer flux)/d(atm tracer) on the exchange grid 
***

name     : atm_land_ice_flux_exchange_mod/ex_dfdtr_surf
tokens   : 41
source   : atm_land_ice_flux_exchange_mod
parent   : atm_land_ice_flux_exchange_mod
datatype : variable
name     : atm_land_ice_flux_exchange_mod/ex_dfdtr_surf
ichunk   : 0
 ex_dfdtr_surf  real, dimension(:,:), allocatable  is the d(tracer flux)/d(surf tracer) on the exchange grid 
***

name     : atm_land_ice_flux_exchange_mod/ex_dhdt_atm
tokens   : 38
source   : atm_land_ice_flux_exchange_mod
parent   : atm_land_ice_flux_exchange_mod
datatype : variable
name     : atm_land_ice_flux_exchange_mod/ex_dhdt_atm
ichunk   : 0
 ex_dhdt_atm  real, dimension(:), allocatable  is d(sens.heat.flux)/d(T atm) on the exchange grid 
***

name     : atm_land_ice_flux_exchange_mod/ex_dhdt_surf
tokens   : 38
source   : atm_land_ice_flux_exchange_mod
parent   : atm_land_ice_flux_exchange_mod
datatype : variable
name     : atm_land_ice_flux_exchange_mod/ex_dhdt_surf
ichunk   : 0
 ex_dhdt_surf  real, dimension(:), allocatable  is d(sens.heat.flux)/d(T canopy) on the exchange grid 
***

name     : atm_land_ice_flux_exchange_mod/ex_dhdt_surf_forland
tokens   : 21
source   : atm_land_ice_flux_exchange_mod
parent   : atm_land_ice_flux_exchange_mod
datatype : variable
name     : atm_land_ice_flux_exchange_mod/ex_dhdt_surf_forland
ichunk   : 0
 ex_dhdt_surf_forland  real, dimension(:), allocatable   
***

name     : atm_land_ice_flux_exchange_mod/ex_dqsatdt_surf
tokens   : 40
source   : atm_land_ice_flux_exchange_mod
parent   : atm_land_ice_flux_exchange_mod
datatype : variable
name     : atm_land_ice_flux_exchange_mod/ex_dqsatdt_surf
ichunk   : 0
 ex_dqsatdt_surf  real, dimension(:), allocatable  is the d(water.vap.flux)/d(q canopy) on the exchange grid 
***

name     : atm_land_ice_flux_exchange_mod/ex_drag_q
tokens   : 26
source   : atm_land_ice_flux_exchange_mod
parent   : atm_land_ice_flux_exchange_mod
datatype : variable
name     : atm_land_ice_flux_exchange_mod/ex_drag_q
ichunk   : 0
 ex_drag_q  real, dimension(:), allocatable  is the q drag coefficient on the exchange grid 
***

name     : atm_land_ice_flux_exchange_mod/ex_drdt_surf
tokens   : 35
source   : atm_land_ice_flux_exchange_mod
parent   : atm_land_ice_flux_exchange_mod
datatype : variable
name     : atm_land_ice_flux_exchange_mod/ex_drdt_surf
ichunk   : 0
 ex_drdt_surf  real, dimension(:), allocatable  is d(LW flux)/d(T surf) on the exchange grid 
***

name     : atm_land_ice_flux_exchange_mod/ex_dtaudu_atm
tokens   : 33
source   : atm_land_ice_flux_exchange_mod
parent   : atm_land_ice_flux_exchange_mod
datatype : variable
name     : atm_land_ice_flux_exchange_mod/ex_dtaudu_atm
ichunk   : 0
 ex_dtaudu_atm  real, dimension(:), allocatable  is d(stress)/d(u) on the exchange grid 
***

name     : atm_land_ice_flux_exchange_mod/ex_dtaudv_atm
tokens   : 33
source   : atm_land_ice_flux_exchange_mod
parent   : atm_land_ice_flux_exchange_mod
datatype : variable
name     : atm_land_ice_flux_exchange_mod/ex_dtaudv_atm
ichunk   : 0
 ex_dtaudv_atm  real, dimension(:), allocatable  is d(stress)/d(v) on the exchange grid 
***

name     : atm_land_ice_flux_exchange_mod/ex_e_q_n
tokens   : 35
source   : atm_land_ice_flux_exchange_mod
parent   : atm_land_ice_flux_exchange_mod
datatype : variable
name     : atm_land_ice_flux_exchange_mod/ex_e_q_n
ichunk   : 0
 ex_e_q_n  real, dimension(:), allocatable  is dt/mass * dedet_surf * gamma on the exchange grid 
***

name     : atm_land_ice_flux_exchange_mod/ex_e_t_n
tokens   : 53
source   : atm_land_ice_flux_exchange_mod
parent   : atm_land_ice_flux_exchange_mod
datatype : variable
name     : atm_land_ice_flux_exchange_mod/ex_e_t_n
ichunk   : 0
 ex_e_t_n  real, dimension(:), allocatable  is the implicit coupling coefficient e_t^n for sensible heat on the exchange grid; used in the semi-implicit surface flux scheme to couple atmospheric temperature to surface temperature 
***

name     : atm_land_ice_flux_exchange_mod/ex_e_tr_n
tokens   : 31
source   : atm_land_ice_flux_exchange_mod
parent   : atm_land_ice_flux_exchange_mod
datatype : variable
name     : atm_land_ice_flux_exchange_mod/ex_e_tr_n
ichunk   : 0
 ex_e_tr_n  real, dimension(:,:), allocatable  is the coefficient in implicit scheme on the exchange grid 
***

name     : atm_land_ice_flux_exchange_mod/ex_f_t_delt_n
tokens   : 59
source   : atm_land_ice_flux_exchange_mod
parent   : atm_land_ice_flux_exchange_mod
datatype : variable
name     : atm_land_ice_flux_exchange_mod/ex_f_t_delt_n
ichunk   : 0
 ex_f_t_delt_n  real, dimension(:), allocatable  is the implicit coupling coefficient f_t^{delta n} for sensible heat on the exchange grid; represents the accumulated forcing term in the semi-implicit time integration of surface heat flux 
***

name     : atm_land_ice_flux_exchange_mod/ex_f_tr_delt_n
tokens   : 34
source   : atm_land_ice_flux_exchange_mod
parent   : atm_land_ice_flux_exchange_mod
datatype : variable
name     : atm_land_ice_flux_exchange_mod/ex_f_tr_delt_n
ichunk   : 0
 ex_f_tr_delt_n  real, dimension(:,:), allocatable  is the coefficient in implicit scheme on the exchange grid 
***

name     : atm_land_ice_flux_exchange_mod/ex_flux_lw
tokens   : 28
source   : atm_land_ice_flux_exchange_mod
parent   : atm_land_ice_flux_exchange_mod
datatype : variable
name     : atm_land_ice_flux_exchange_mod/ex_flux_lw
ichunk   : 0
 ex_flux_lw  real, dimension(:), allocatable  is the longwave radiation flux on the exchange grid 
***

name     : atm_land_ice_flux_exchange_mod/ex_flux_t
tokens   : 27
source   : atm_land_ice_flux_exchange_mod
parent   : atm_land_ice_flux_exchange_mod
datatype : variable
name     : atm_land_ice_flux_exchange_mod/ex_flux_t
ichunk   : 0
 ex_flux_t  real, dimension(:), allocatable  is the sens heat flux on the exchange grid 
***

name     : atm_land_ice_flux_exchange_mod/ex_flux_tr
tokens   : 29
source   : atm_land_ice_flux_exchange_mod
parent   : atm_land_ice_flux_exchange_mod
datatype : variable
name     : atm_land_ice_flux_exchange_mod/ex_flux_tr
ichunk   : 0
 ex_flux_tr  real, dimension(:,:), allocatable  is the tracer fluxes on the exchange grid 
***

name     : atm_land_ice_flux_exchange_mod/ex_flux_u
tokens   : 27
source   : atm_land_ice_flux_exchange_mod
parent   : atm_land_ice_flux_exchange_mod
datatype : variable
name     : atm_land_ice_flux_exchange_mod/ex_flux_u
ichunk   : 0
 ex_flux_u  real, dimension(:), allocatable  is the u stress on atmosphere on the exchange grid 
***

name     : atm_land_ice_flux_exchange_mod/ex_flux_v
tokens   : 27
source   : atm_land_ice_flux_exchange_mod
parent   : atm_land_ice_flux_exchange_mod
datatype : variable
name     : atm_land_ice_flux_exchange_mod/ex_flux_v
ichunk   : 0
 ex_flux_v  real, dimension(:), allocatable  is the v stress on atmosphere on the exchange grid 
***

name     : atm_land_ice_flux_exchange_mod/ex_gas_fields_atm
tokens   : 34
source   : atm_land_ice_flux_exchange_mod
parent   : atm_land_ice_flux_exchange_mod
datatype : variable
name     : atm_land_ice_flux_exchange_mod/ex_gas_fields_atm
ichunk   : 0
 ex_gas_fields_atm  type(fmscoupler1dbc_type), pointer  contains atmospheric gas fields used for atm-ocean flux exchange 
***

name     : atm_land_ice_flux_exchange_mod/ex_gas_fields_ice
tokens   : 33
source   : atm_land_ice_flux_exchange_mod
parent   : atm_land_ice_flux_exchange_mod
datatype : variable
name     : atm_land_ice_flux_exchange_mod/ex_gas_fields_ice
ichunk   : 0
 ex_gas_fields_ice  type(fmscoupler1dbc_type), pointer  contains ice-top and ocean_surface gas fields 
***

name     : atm_land_ice_flux_exchange_mod/ex_gas_fluxes
tokens   : 30
source   : atm_land_ice_flux_exchange_mod
parent   : atm_land_ice_flux_exchange_mod
datatype : variable
name     : atm_land_ice_flux_exchange_mod/ex_gas_fluxes
ichunk   : 0
 ex_gas_fluxes  type(fmscoupler1dbc_type), pointer  contains gas fluxes between atmosphere and ocean 
***

name     : atm_land_ice_flux_exchange_mod/ex_land
tokens   : 30
source   : atm_land_ice_flux_exchange_mod
parent   : atm_land_ice_flux_exchange_mod
datatype : variable
name     : atm_land_ice_flux_exchange_mod/ex_land
ichunk   : 0
 ex_land  logical, dimension(:), allocatable  is a mask array where if true, the exchange grid cell is over land 
***

name     : atm_land_ice_flux_exchange_mod/ex_p_surf
tokens   : 28
source   : atm_land_ice_flux_exchange_mod
parent   : atm_land_ice_flux_exchange_mod
datatype : variable
name     : atm_land_ice_flux_exchange_mod/ex_p_surf
ichunk   : 0
 ex_p_surf  real, dimension(:), allocatable  is the surface pressure on exchange grid on the exchange grid 
***

name     : atm_land_ice_flux_exchange_mod/ex_seawater
tokens   : 112
source   : atm_land_ice_flux_exchange_mod
parent   : atm_land_ice_flux_exchange_mod
datatype : variable
name     : atm_land_ice_flux_exchange_mod/ex_seawater
ichunk   : 0
 ex_seawater  real, dimension(:), allocatable  is a mask array of seaice fractions on the exchange grid. Takes value of 1 when there is any open water in the OCN grid cell. Takes value of 0 when there is no open water in the OCN grid cell (i.e, totally covered with ice or land). Note, ex_seawater should not be mistaken with ex_avail where ex_avail is 1 for all OCN grid cells regardless of sea-ice coverage. 
***

name     : atm_land_ice_flux_exchange_mod/ex_slp
tokens   : 23
source   : atm_land_ice_flux_exchange_mod
parent   : atm_land_ice_flux_exchange_mod
datatype : variable
name     : atm_land_ice_flux_exchange_mod/ex_slp
ichunk   : 0
 ex_slp  real, dimension(:), allocatable  is the surface pressure on exchange grid 
***

name     : atm_land_ice_flux_exchange_mod/ex_t_ca
tokens   : 33
source   : atm_land_ice_flux_exchange_mod
parent   : atm_land_ice_flux_exchange_mod
datatype : variable
name     : atm_land_ice_flux_exchange_mod/ex_t_ca
ichunk   : 0
 ex_t_ca  real, dimension(:), allocatable  is the near-surface (canopy) air temperature on exchange grid [K] 
***

name     : atm_land_ice_flux_exchange_mod/ex_t_surf
tokens   : 49
source   : atm_land_ice_flux_exchange_mod
parent   : atm_land_ice_flux_exchange_mod
datatype : variable
name     : atm_land_ice_flux_exchange_mod/ex_t_surf
ichunk   : 0
 ex_t_surf  real, dimension(:), allocatable  is the surface temperature for radiation calc on exchange grid [K]. Note, T canopy is only differet from t_surf over vegetated land 
***

name     : atm_land_ice_flux_exchange_mod/ex_t_surf_miz
tokens   : 65
source   : atm_land_ice_flux_exchange_mod
parent   : atm_land_ice_flux_exchange_mod
datatype : variable
name     : atm_land_ice_flux_exchange_mod/ex_t_surf_miz
ichunk   : 0
 ex_t_surf_miz  real, dimension(:), allocatable  is the surface temperature in the marginal ice zone (MIZ) on the exchange grid [K]; Used in forecast mode (do_forecast=.true.) when #ifdef AM3_physics is defined 
***

name     : atm_land_ice_flux_exchange_mod/ex_tr_con_atm
tokens   : 32
source   : atm_land_ice_flux_exchange_mod
parent   : atm_land_ice_flux_exchange_mod
datatype : variable
name     : atm_land_ice_flux_exchange_mod/ex_tr_con_atm
ichunk   : 0
 ex_tr_con_atm  real, dimension(:,:), allocatable  is the deposition velocity at atmospheric height on the exchange grid 
***

name     : atm_land_ice_flux_exchange_mod/ex_tr_con_ref
tokens   : 32
source   : atm_land_ice_flux_exchange_mod
parent   : atm_land_ice_flux_exchange_mod
datatype : variable
name     : atm_land_ice_flux_exchange_mod/ex_tr_con_ref
ichunk   : 0
 ex_tr_con_ref  real, dimension(:,:), allocatable  is the deposition velocity at reference height on the exchange grid 
***

name     : atm_land_ice_flux_exchange_mod/ex_tr_surf
tokens   : 33
source   : atm_land_ice_flux_exchange_mod
parent   : atm_land_ice_flux_exchange_mod
datatype : variable
name     : atm_land_ice_flux_exchange_mod/ex_tr_surf
ichunk   : 0
 ex_tr_surf  real, dimension(:,:), allocatable  is the surface temperature for radiation calc on exchange grid [K] 
***

name     : atm_land_ice_flux_exchange_mod/ex_u_star
tokens   : 24
source   : atm_land_ice_flux_exchange_mod
parent   : atm_land_ice_flux_exchange_mod
datatype : variable
name     : atm_land_ice_flux_exchange_mod/ex_u_star
ichunk   : 0
 ex_u_star  real, dimension(:), allocatable  is the friction velocity on exchange grid 
***

name     : atm_land_ice_flux_exchange_mod/ex_wind
tokens   : 22
source   : atm_land_ice_flux_exchange_mod
parent   : atm_land_ice_flux_exchange_mod
datatype : variable
name     : atm_land_ice_flux_exchange_mod/ex_wind
ichunk   : 0
 ex_wind  real, dimension(:), allocatable  is the wind speed on exchange grid 
***

name     : atm_land_ice_flux_exchange_mod/ex_z_atm
tokens   : 27
source   : atm_land_ice_flux_exchange_mod
parent   : atm_land_ice_flux_exchange_mod
datatype : variable
name     : atm_land_ice_flux_exchange_mod/ex_z_atm
ichunk   : 0
 ex_z_atm  real, dimension(:), allocatable  is the height of lowest atmospheric level on exchange grid 
***

name     : atm_land_ice_flux_exchange_mod/first_static
tokens   : 43
source   : atm_land_ice_flux_exchange_mod
parent   : atm_land_ice_flux_exchange_mod
datatype : variable
name     : atm_land_ice_flux_exchange_mod/first_static
ichunk   : 0
 first_static  logical  is a flag where if true, land_mask, sftlf, height2m, and height10m are saved once per file at first call to sf_boundary_layer 
***

name     : atm_land_ice_flux_exchange_mod/fluxatmdnclock
tokens   : 21
source   : atm_land_ice_flux_exchange_mod
parent   : atm_land_ice_flux_exchange_mod
datatype : variable
name     : atm_land_ice_flux_exchange_mod/fluxatmdnclock
ichunk   : 0
 fluxatmdnclock  integer  is a FMS clock id for profiling flux down from atmosphere 
***

name     : atm_land_ice_flux_exchange_mod/fluxatmupclock
tokens   : 20
source   : atm_land_ice_flux_exchange_mod
parent   : atm_land_ice_flux_exchange_mod
datatype : variable
name     : atm_land_ice_flux_exchange_mod/fluxatmupclock
ichunk   : 0
 fluxatmupclock  integer  is a FMS clock for profiling flux up to atmosphere 
***

name     : atm_land_ice_flux_exchange_mod/frac_precip
tokens   : 29
source   : atm_land_ice_flux_exchange_mod
parent   : atm_land_ice_flux_exchange_mod
datatype : variable
name     : atm_land_ice_flux_exchange_mod/frac_precip
ichunk   : 0
 frac_precip  real, dimension(:,:), allocatable  is an array holding the scale values for precipitation 
***

name     : atm_land_ice_flux_exchange_mod/ico2
tokens   : 21
source   : atm_land_ice_flux_exchange_mod
parent   : atm_land_ice_flux_exchange_mod
datatype : variable
name     : atm_land_ice_flux_exchange_mod/ico2
ichunk   : 0
 ico2  integer  is the co2 tracer index. Initialized as NO_TRACER 
***

name     : atm_land_ice_flux_exchange_mod/id_b_star
tokens   : 24
source   : atm_land_ice_flux_exchange_mod
parent   : atm_land_ice_flux_exchange_mod
datatype : variable
name     : atm_land_ice_flux_exchange_mod/id_b_star
ichunk   : 0
 id_b_star  integer  is a diag_manager register field id for 'bouyancy scale' 
***

name     : atm_land_ice_flux_exchange_mod/id_co2_atm_dvmr
tokens   : 36
source   : atm_land_ice_flux_exchange_mod
parent   : atm_land_ice_flux_exchange_mod
datatype : variable
name     : atm_land_ice_flux_exchange_mod/id_co2_atm_dvmr
ichunk   : 0
 id_co2_atm_dvmr  integer  is a diag_manager register field id for 'co2 dry volume mixing ratio at lowest atmospheric level' 
***

name     : atm_land_ice_flux_exchange_mod/id_co2_bot
tokens   : 34
source   : atm_land_ice_flux_exchange_mod
parent   : atm_land_ice_flux_exchange_mod
datatype : variable
name     : atm_land_ice_flux_exchange_mod/id_co2_bot
ichunk   : 0
 id_co2_bot  integer  is a diag_manager register field id for 'concentration of co2 to be passed to land/photosynthesis' 
***

name     : atm_land_ice_flux_exchange_mod/id_co2_flux_pcair_atm
tokens   : 35
source   : atm_land_ice_flux_exchange_mod
parent   : atm_land_ice_flux_exchange_mod
datatype : variable
name     : atm_land_ice_flux_exchange_mod/id_co2_flux_pcair_atm
ichunk   : 0
 id_co2_flux_pcair_atm  integer  is a diag_manager register field id for 'concentration of co2 to be passed to ocean' 
***

name     : atm_land_ice_flux_exchange_mod/id_co2_surf_dvmr
tokens   : 35
source   : atm_land_ice_flux_exchange_mod
parent   : atm_land_ice_flux_exchange_mod
datatype : variable
name     : atm_land_ice_flux_exchange_mod/id_co2_surf_dvmr
ichunk   : 0
 id_co2_surf_dvmr  integer  is a diag_manager register field id for 'c02 dry volume mixing ratio at surface' 
***

name     : atm_land_ice_flux_exchange_mod/id_del_h
tokens   : 28
source   : atm_land_ice_flux_exchange_mod
parent   : atm_land_ice_flux_exchange_mod
datatype : variable
name     : atm_land_ice_flux_exchange_mod/id_del_h
ichunk   : 0
 id_del_h  integer  is a diag_manager register field id for 'ref height interp factor for for heat' 
***

name     : atm_land_ice_flux_exchange_mod/id_del_m
tokens   : 27
source   : atm_land_ice_flux_exchange_mod
parent   : atm_land_ice_flux_exchange_mod
datatype : variable
name     : atm_land_ice_flux_exchange_mod/id_del_m
ichunk   : 0
 id_del_m  integer  is a diag_manager register field id for 'ref height interp factor for momentum' 
***

name     : atm_land_ice_flux_exchange_mod/id_del_q
tokens   : 27
source   : atm_land_ice_flux_exchange_mod
parent   : atm_land_ice_flux_exchange_mod
datatype : variable
name     : atm_land_ice_flux_exchange_mod/id_del_q
ichunk   : 0
 id_del_q  integer  is a diag_manager register field id for 'ref height interp factor for moisture' 
***

name     : atm_land_ice_flux_exchange_mod/id_drag_heat
tokens   : 24
source   : atm_land_ice_flux_exchange_mod
parent   : atm_land_ice_flux_exchange_mod
datatype : variable
name     : atm_land_ice_flux_exchange_mod/id_drag_heat
ichunk   : 0
 id_drag_heat  integer  is a diag_manager register field id for 'drag coefficient for heat' 
***

name     : atm_land_ice_flux_exchange_mod/id_drag_moist
tokens   : 24
source   : atm_land_ice_flux_exchange_mod
parent   : atm_land_ice_flux_exchange_mod
datatype : variable
name     : atm_land_ice_flux_exchange_mod/id_drag_moist
ichunk   : 0
 id_drag_moist  integer  is a diag_manager register field id for 'drag coefficient for moisture' 
***

name     : atm_land_ice_flux_exchange_mod/id_drag_mom
tokens   : 24
source   : atm_land_ice_flux_exchange_mod
parent   : atm_land_ice_flux_exchange_mod
datatype : variable
name     : atm_land_ice_flux_exchange_mod/id_drag_mom
ichunk   : 0
 id_drag_mom  integer  is a diag_manager register field id for 'drag coefficient for momentum' 
***

name     : atm_land_ice_flux_exchange_mod/id_evspsbl
tokens   : 30
source   : atm_land_ice_flux_exchange_mod
parent   : atm_land_ice_flux_exchange_mod
datatype : variable
name     : atm_land_ice_flux_exchange_mod/id_evspsbl
ichunk   : 0
 id_evspsbl  integer  is a diag_manager register field id for 'water evaporation flux' (cmip) 
***

name     : atm_land_ice_flux_exchange_mod/id_evspsbl_g
tokens   : 31
source   : atm_land_ice_flux_exchange_mod
parent   : atm_land_ice_flux_exchange_mod
datatype : variable
name     : atm_land_ice_flux_exchange_mod/id_evspsbl_g
ichunk   : 0
 id_evspsbl_g  integer  is a diag_manager register field id for 'global integral of water evaporation flux' 
***

name     : atm_land_ice_flux_exchange_mod/id_gust
tokens   : 20
source   : atm_land_ice_flux_exchange_mod
parent   : atm_land_ice_flux_exchange_mod
datatype : variable
name     : atm_land_ice_flux_exchange_mod/id_gust
ichunk   : 0
 id_gust  integer  is a diag_manager register field id for 'gust scale' 
***

name     : atm_land_ice_flux_exchange_mod/id_height10m
tokens   : 27
source   : atm_land_ice_flux_exchange_mod
parent   : atm_land_ice_flux_exchange_mod
datatype : variable
name     : atm_land_ice_flux_exchange_mod/id_height10m
ichunk   : 0
 id_height10m  integer  is a diag_manager register field id for 'near surface height' (cmip) 
***

name     : atm_land_ice_flux_exchange_mod/id_height2m
tokens   : 27
source   : atm_land_ice_flux_exchange_mod
parent   : atm_land_ice_flux_exchange_mod
datatype : variable
name     : atm_land_ice_flux_exchange_mod/id_height2m
ichunk   : 0
 id_height2m  integer  is a diag_manager register field id for 'near surface height' (cmip) 
***

name     : atm_land_ice_flux_exchange_mod/id_hfls
tokens   : 30
source   : atm_land_ice_flux_exchange_mod
parent   : atm_land_ice_flux_exchange_mod
datatype : variable
name     : atm_land_ice_flux_exchange_mod/id_hfls
ichunk   : 0
 id_hfls  integer  is a diag_manager register field id for 'surface upward latent heat flux' (cmip) 
***

name     : atm_land_ice_flux_exchange_mod/id_hfls_g
tokens   : 31
source   : atm_land_ice_flux_exchange_mod
parent   : atm_land_ice_flux_exchange_mod
datatype : variable
name     : atm_land_ice_flux_exchange_mod/id_hfls_g
ichunk   : 0
 id_hfls_g  integer  is a diag_manager register field id for 'global integral of surface upward latent heat flux' 
***

name     : atm_land_ice_flux_exchange_mod/id_hfss
tokens   : 29
source   : atm_land_ice_flux_exchange_mod
parent   : atm_land_ice_flux_exchange_mod
datatype : variable
name     : atm_land_ice_flux_exchange_mod/id_hfss
ichunk   : 0
 id_hfss  integer  is a diag_manager register field id for 'surface upward sensible heat flux' (cmip) 
***

name     : atm_land_ice_flux_exchange_mod/id_hfss_g
tokens   : 30
source   : atm_land_ice_flux_exchange_mod
parent   : atm_land_ice_flux_exchange_mod
datatype : variable
name     : atm_land_ice_flux_exchange_mod/id_hfss_g
ichunk   : 0
 id_hfss_g  integer  is a diag_manager register field id for 'global integral of surface upward sensible heat flux' 
***

name     : atm_land_ice_flux_exchange_mod/id_hurs
tokens   : 29
source   : atm_land_ice_flux_exchange_mod
parent   : atm_land_ice_flux_exchange_mod
datatype : variable
name     : atm_land_ice_flux_exchange_mod/id_hurs
ichunk   : 0
 id_hurs  integer  is a diag_manager register field id for 'near-surface relative humidty' (cmip) 
***

name     : atm_land_ice_flux_exchange_mod/id_huss
tokens   : 28
source   : atm_land_ice_flux_exchange_mod
parent   : atm_land_ice_flux_exchange_mod
datatype : variable
name     : atm_land_ice_flux_exchange_mod/id_huss
ichunk   : 0
 id_huss  integer  is a diag_manager register field id for 'near-surface specific humidity' (cmip) 
***

name     : atm_land_ice_flux_exchange_mod/id_husslut_land
tokens   : 32
source   : atm_land_ice_flux_exchange_mod
parent   : atm_land_ice_flux_exchange_mod
datatype : variable
name     : atm_land_ice_flux_exchange_mod/id_husslut_land
ichunk   : 0
 id_husslut_land  integer  is a diag_manager register field id for 'near-surface specific humidity on land use tile' 
***

name     : atm_land_ice_flux_exchange_mod/id_ice_mask
tokens   : 25
source   : atm_land_ice_flux_exchange_mod
parent   : atm_land_ice_flux_exchange_mod
datatype : variable
name     : atm_land_ice_flux_exchange_mod/id_ice_mask
ichunk   : 0
 id_ice_mask  integer  is a diag_manager register field id for 'fractional amount of land' 
***

name     : atm_land_ice_flux_exchange_mod/id_land_mask
tokens   : 26
source   : atm_land_ice_flux_exchange_mod
parent   : atm_land_ice_flux_exchange_mod
datatype : variable
name     : atm_land_ice_flux_exchange_mod/id_land_mask
ichunk   : 0
 id_land_mask  integer  is a diag_manager register field id for 'fractional amount of sea ice' 
***

name     : atm_land_ice_flux_exchange_mod/id_o2_flux_pcair_atm
tokens   : 35
source   : atm_land_ice_flux_exchange_mod
parent   : atm_land_ice_flux_exchange_mod
datatype : variable
name     : atm_land_ice_flux_exchange_mod/id_o2_flux_pcair_atm
ichunk   : 0
 id_o2_flux_pcair_atm  integer  is a diag_manager register field id for 'concentration of o2 to be passed to ocean' 
***

name     : atm_land_ice_flux_exchange_mod/id_p_atm
tokens   : 25
source   : atm_land_ice_flux_exchange_mod
parent   : atm_land_ice_flux_exchange_mod
datatype : variable
name     : atm_land_ice_flux_exchange_mod/id_p_atm
ichunk   : 0
 id_p_atm  integer  is a diag_manager register field id for 'pressure at lowest atmospheric level' 
***

name     : atm_land_ice_flux_exchange_mod/id_psl
tokens   : 28
source   : atm_land_ice_flux_exchange_mod
parent   : atm_land_ice_flux_exchange_mod
datatype : variable
name     : atm_land_ice_flux_exchange_mod/id_psl
ichunk   : 0
 id_psl  integer  is a diag_manager register field id for 'air pressure at sea level' (cmip) 
***

name     : atm_land_ice_flux_exchange_mod/id_q_flux
tokens   : 24
source   : atm_land_ice_flux_exchange_mod
parent   : atm_land_ice_flux_exchange_mod
datatype : variable
name     : atm_land_ice_flux_exchange_mod/id_q_flux
ichunk   : 0
 id_q_flux  integer  is a diag_manager register field id for 'evaporation rate' 
***

name     : atm_land_ice_flux_exchange_mod/id_q_flux_land
tokens   : 28
source   : atm_land_ice_flux_exchange_mod
parent   : atm_land_ice_flux_exchange_mod
datatype : variable
name     : atm_land_ice_flux_exchange_mod/id_q_flux_land
ichunk   : 0
 id_q_flux_land  integer  is a diag_manager register field id for 'evaporation rate over land' 
***

name     : atm_land_ice_flux_exchange_mod/id_q_ref
tokens   : 28
source   : atm_land_ice_flux_exchange_mod
parent   : atm_land_ice_flux_exchange_mod
datatype : variable
name     : atm_land_ice_flux_exchange_mod/id_q_ref
ichunk   : 0
 id_q_ref  integer  is a diag_manager register field id for 'specific humidity at z_ref_heat' 
***

name     : atm_land_ice_flux_exchange_mod/id_q_ref_land
tokens   : 32
source   : atm_land_ice_flux_exchange_mod
parent   : atm_land_ice_flux_exchange_mod
datatype : variable
name     : atm_land_ice_flux_exchange_mod/id_q_ref_land
ichunk   : 0
 id_q_ref_land  integer  is a diag_manager register field id for 'specific humidity at z_ref_heat over land' 
***

name     : atm_land_ice_flux_exchange_mod/id_q_star
tokens   : 22
source   : atm_land_ice_flux_exchange_mod
parent   : atm_land_ice_flux_exchange_mod
datatype : variable
name     : atm_land_ice_flux_exchange_mod/id_q_star
ichunk   : 0
 id_q_star  integer  is a diag_manager register field id for 'moisture scale' 
***

name     : atm_land_ice_flux_exchange_mod/id_r_flux
tokens   : 29
source   : atm_land_ice_flux_exchange_mod
parent   : atm_land_ice_flux_exchange_mod
datatype : variable
name     : atm_land_ice_flux_exchange_mod/id_r_flux
ichunk   : 0
 id_r_flux  integer  is a diag_manager register field id for 'net (down-up) longwave flux' 
***

name     : atm_land_ice_flux_exchange_mod/id_rh_ref
tokens   : 29
source   : atm_land_ice_flux_exchange_mod
parent   : atm_land_ice_flux_exchange_mod
datatype : variable
name     : atm_land_ice_flux_exchange_mod/id_rh_ref
ichunk   : 0
 id_rh_ref  integer  is a diag_manager register field id for 'relative humidity at z_ref_heat' 
***

name     : atm_land_ice_flux_exchange_mod/id_rh_ref_cmip
tokens   : 32
source   : atm_land_ice_flux_exchange_mod
parent   : atm_land_ice_flux_exchange_mod
datatype : variable
name     : atm_land_ice_flux_exchange_mod/id_rh_ref_cmip
ichunk   : 0
 id_rh_ref_cmip  integer  is a diag_manager register field id for 'relative humidity at z_ref_heat' 
***

name     : atm_land_ice_flux_exchange_mod/id_rh_ref_land
tokens   : 33
source   : atm_land_ice_flux_exchange_mod
parent   : atm_land_ice_flux_exchange_mod
datatype : variable
name     : atm_land_ice_flux_exchange_mod/id_rh_ref_land
ichunk   : 0
 id_rh_ref_land  integer  is a diag_manager register field id for 'relative humidity at z_ref_heat over land' 
***

name     : atm_land_ice_flux_exchange_mod/id_rhs
tokens   : 29
source   : atm_land_ice_flux_exchange_mod
parent   : atm_land_ice_flux_exchange_mod
datatype : variable
name     : atm_land_ice_flux_exchange_mod/id_rhs
ichunk   : 0
 id_rhs  integer  is a diag_manager register field id for 'near-surface relative humidty' (cmip) 
***

name     : atm_land_ice_flux_exchange_mod/id_rls_g
tokens   : 30
source   : atm_land_ice_flux_exchange_mod
parent   : atm_land_ice_flux_exchange_mod
datatype : variable
name     : atm_land_ice_flux_exchange_mod/id_rls_g
ichunk   : 0
 id_rls_g  integer  is a diag_manager register field id for 'global integral of near-surface relative humidty' 
***

name     : atm_land_ice_flux_exchange_mod/id_rough_heat
tokens   : 25
source   : atm_land_ice_flux_exchange_mod
parent   : atm_land_ice_flux_exchange_mod
datatype : variable
name     : atm_land_ice_flux_exchange_mod/id_rough_heat
ichunk   : 0
 id_rough_heat  integer  is a diag_manager register field id for 'surface roughness for heat' 
***

name     : atm_land_ice_flux_exchange_mod/id_rough_moist
tokens   : 25
source   : atm_land_ice_flux_exchange_mod
parent   : atm_land_ice_flux_exchange_mod
datatype : variable
name     : atm_land_ice_flux_exchange_mod/id_rough_moist
ichunk   : 0
 id_rough_moist  integer  is a diag_manager register field id for 'surface roughness for moisture' 
***

name     : atm_land_ice_flux_exchange_mod/id_rough_mom
tokens   : 25
source   : atm_land_ice_flux_exchange_mod
parent   : atm_land_ice_flux_exchange_mod
datatype : variable
name     : atm_land_ice_flux_exchange_mod/id_rough_mom
ichunk   : 0
 id_rough_mom  integer  is a diag_manager register field id for 'surface roughness for momentum' 
***

name     : atm_land_ice_flux_exchange_mod/id_rough_scale
tokens   : 27
source   : atm_land_ice_flux_exchange_mod
parent   : atm_land_ice_flux_exchange_mod
datatype : variable
name     : atm_land_ice_flux_exchange_mod/id_rough_scale
ichunk   : 0
 id_rough_scale  integer  is a diag_manager register field id for 'topographic scaling fractor for momentum drag' 
***

name     : atm_land_ice_flux_exchange_mod/id_sfcwind
tokens   : 29
source   : atm_land_ice_flux_exchange_mod
parent   : atm_land_ice_flux_exchange_mod
datatype : variable
name     : atm_land_ice_flux_exchange_mod/id_sfcwind
ichunk   : 0
 id_sfcwind  integer  is a diag_manager register field id for 'near-surface wind speed' (cmip) 
***

name     : atm_land_ice_flux_exchange_mod/id_sftlf
tokens   : 32
source   : atm_land_ice_flux_exchange_mod
parent   : atm_land_ice_flux_exchange_mod
datatype : variable
name     : atm_land_ice_flux_exchange_mod/id_sftlf
ichunk   : 0
 id_sftlf  integer  is a diag_manager register field id for 'fraction of the grid cell occupied by land' (cmip) 
***

name     : atm_land_ice_flux_exchange_mod/id_sic
tokens   : 26
source   : atm_land_ice_flux_exchange_mod
parent   : atm_land_ice_flux_exchange_mod
datatype : variable
name     : atm_land_ice_flux_exchange_mod/id_sic
ichunk   : 0
 id_sic  integer  is a diag_manager register field id for 'sea ice area fraction' (cmip) 
***

name     : atm_land_ice_flux_exchange_mod/id_slp
tokens   : 22
source   : atm_land_ice_flux_exchange_mod
parent   : atm_land_ice_flux_exchange_mod
datatype : variable
name     : atm_land_ice_flux_exchange_mod/id_slp
ichunk   : 0
 id_slp  integer  is a diag_manager register field id for 'sea level pressure' 
***

name     : atm_land_ice_flux_exchange_mod/id_t_atm
tokens   : 25
source   : atm_land_ice_flux_exchange_mod
parent   : atm_land_ice_flux_exchange_mod
datatype : variable
name     : atm_land_ice_flux_exchange_mod/id_t_atm
ichunk   : 0
 id_t_atm  integer  is a diag_manager register field id for 'temperature at lowest atmospheric level' 
***

name     : atm_land_ice_flux_exchange_mod/id_t_ca
tokens   : 23
source   : atm_land_ice_flux_exchange_mod
parent   : atm_land_ice_flux_exchange_mod
datatype : variable
name     : atm_land_ice_flux_exchange_mod/id_t_ca
ichunk   : 0
 id_t_ca  integer  is a diag_manager register field id for 'canopy air temperature' 
***

name     : atm_land_ice_flux_exchange_mod/id_t_flux
tokens   : 23
source   : atm_land_ice_flux_exchange_mod
parent   : atm_land_ice_flux_exchange_mod
datatype : variable
name     : atm_land_ice_flux_exchange_mod/id_t_flux
ichunk   : 0
 id_t_flux  integer  is a diag_manager register field id for 'sensible heat flux' 
***

name     : atm_land_ice_flux_exchange_mod/id_t_flux_land
tokens   : 27
source   : atm_land_ice_flux_exchange_mod
parent   : atm_land_ice_flux_exchange_mod
datatype : variable
name     : atm_land_ice_flux_exchange_mod/id_t_flux_land
ichunk   : 0
 id_t_flux_land  integer  is a diag_manager register field id for 'sensible heat flux over land' 
***

name     : atm_land_ice_flux_exchange_mod/id_t_ocean
tokens   : 25
source   : atm_land_ice_flux_exchange_mod
parent   : atm_land_ice_flux_exchange_mod
datatype : variable
name     : atm_land_ice_flux_exchange_mod/id_t_ocean
ichunk   : 0
 id_t_ocean  integer  is a diag_manager register field id for 'surface temperature from ocean output' 
***

name     : atm_land_ice_flux_exchange_mod/id_t_ref
tokens   : 27
source   : atm_land_ice_flux_exchange_mod
parent   : atm_land_ice_flux_exchange_mod
datatype : variable
name     : atm_land_ice_flux_exchange_mod/id_t_ref
ichunk   : 0
 id_t_ref  integer  is a diag_manager register field id for 'temperature at z_ref_heat' 
***

name     : atm_land_ice_flux_exchange_mod/id_t_ref_land
tokens   : 31
source   : atm_land_ice_flux_exchange_mod
parent   : atm_land_ice_flux_exchange_mod
datatype : variable
name     : atm_land_ice_flux_exchange_mod/id_t_ref_land
ichunk   : 0
 id_t_ref_land  integer  is a diag_manager register field id for 'temperature at z_ref_heat over land' 
***

name     : atm_land_ice_flux_exchange_mod/id_t_surf
tokens   : 22
source   : atm_land_ice_flux_exchange_mod
parent   : atm_land_ice_flux_exchange_mod
datatype : variable
name     : atm_land_ice_flux_exchange_mod/id_t_surf
ichunk   : 0
 id_t_surf  integer  is a diag_manager register field id for 'surface temperature' 
***

name     : atm_land_ice_flux_exchange_mod/id_tas
tokens   : 28
source   : atm_land_ice_flux_exchange_mod
parent   : atm_land_ice_flux_exchange_mod
datatype : variable
name     : atm_land_ice_flux_exchange_mod/id_tas
ichunk   : 0
 id_tas  integer  is a diag_manager register field id for 'near-surface air temperature' (cmip) 
***

name     : atm_land_ice_flux_exchange_mod/id_tas_g
tokens   : 29
source   : atm_land_ice_flux_exchange_mod
parent   : atm_land_ice_flux_exchange_mod
datatype : variable
name     : atm_land_ice_flux_exchange_mod/id_tas_g
ichunk   : 0
 id_tas_g  integer  is a diag_manager register field id for 'global integral of near-surface air temperature' 
***

name     : atm_land_ice_flux_exchange_mod/id_tasl_g
tokens   : 31
source   : atm_land_ice_flux_exchange_mod
parent   : atm_land_ice_flux_exchange_mod
datatype : variable
name     : atm_land_ice_flux_exchange_mod/id_tasl_g
ichunk   : 0
 id_tasl_g  integer  is a diag_manager register field id for 'global integral of near-surface air temperature on land' 
***

name     : atm_land_ice_flux_exchange_mod/id_taslut_land
tokens   : 41
source   : atm_land_ice_flux_exchange_mod
parent   : atm_land_ice_flux_exchange_mod
datatype : variable
name     : atm_land_ice_flux_exchange_mod/id_taslut_land
ichunk   : 0
 id_taslut_land  integer  is a diag_manager register field id for 'near-surface air temperature at z_ref_heat above displacement height on land-use tile' 
***

name     : atm_land_ice_flux_exchange_mod/id_tauu
tokens   : 28
source   : atm_land_ice_flux_exchange_mod
parent   : atm_land_ice_flux_exchange_mod
datatype : variable
name     : atm_land_ice_flux_exchange_mod/id_tauu
ichunk   : 0
 id_tauu  integer  is a diag_manager register field id for 'surface downward eastward wind stress' (cmip) 
***

name     : atm_land_ice_flux_exchange_mod/id_tauv
tokens   : 28
source   : atm_land_ice_flux_exchange_mod
parent   : atm_land_ice_flux_exchange_mod
datatype : variable
name     : atm_land_ice_flux_exchange_mod/id_tauv
ichunk   : 0
 id_tauv  integer  is a diag_manager register field id for 'surface downward northward wind stress' (cmip) 
***

name     : atm_land_ice_flux_exchange_mod/id_thv_atm
tokens   : 26
source   : atm_land_ice_flux_exchange_mod
parent   : atm_land_ice_flux_exchange_mod
datatype : variable
name     : atm_land_ice_flux_exchange_mod/id_thv_atm
ichunk   : 0
 id_thv_atm  integer  is a diag_manager register field id for 'surface air virtual potential temperature' 
***

name     : atm_land_ice_flux_exchange_mod/id_thv_surf
tokens   : 25
source   : atm_land_ice_flux_exchange_mod
parent   : atm_land_ice_flux_exchange_mod
datatype : variable
name     : atm_land_ice_flux_exchange_mod/id_thv_surf
ichunk   : 0
 id_thv_surf  integer  is a diag_manager register field id for 'surface virtual potential temperature' 
***

name     : atm_land_ice_flux_exchange_mod/id_tos
tokens   : 26
source   : atm_land_ice_flux_exchange_mod
parent   : atm_land_ice_flux_exchange_mod
datatype : variable
name     : atm_land_ice_flux_exchange_mod/id_tos
ichunk   : 0
 id_tos  integer  is a diag_manager register field id for 'sea surface temperature' (cmip) 
***

name     : atm_land_ice_flux_exchange_mod/id_tr_atm
tokens   : 38
source   : atm_land_ice_flux_exchange_mod
parent   : atm_land_ice_flux_exchange_mod
datatype : variable
name     : atm_land_ice_flux_exchange_mod/id_tr_atm
ichunk   : 0
 id_tr_atm  integer, dimension(:), allocatable  is an array of diag_manager register field ids for 'tracers at lowest atmospheric level' 
***

name     : atm_land_ice_flux_exchange_mod/id_tr_con_atm
tokens   : 59
source   : atm_land_ice_flux_exchange_mod
parent   : atm_land_ice_flux_exchange_mod
datatype : variable
name     : atm_land_ice_flux_exchange_mod/id_tr_con_atm
ichunk   : 0
 id_tr_con_atm  integer, dimension(:), allocatable  is an array of diag_manager register field ids for 'deposition velocity at lowest atmospheric level (atm)'. Used only when USE_LEGACY_LAND macro is set at compile time 
***

name     : atm_land_ice_flux_exchange_mod/id_tr_con_atm_land
tokens   : 59
source   : atm_land_ice_flux_exchange_mod
parent   : atm_land_ice_flux_exchange_mod
datatype : variable
name     : atm_land_ice_flux_exchange_mod/id_tr_con_atm_land
ichunk   : 0
 id_tr_con_atm_land  integer, dimension(:), allocatable  is an array of diag_manager register field ids for 'deposition velocity at lowest atmospheric level over land' Used only when USE_LEGACY_LAND macro is set at compile time 
***

name     : atm_land_ice_flux_exchange_mod/id_tr_con_ref
tokens   : 42
source   : atm_land_ice_flux_exchange_mod
parent   : atm_land_ice_flux_exchange_mod
datatype : variable
name     : atm_land_ice_flux_exchange_mod/id_tr_con_ref
ichunk   : 0
 id_tr_con_ref  integer, dimension(:), allocatable  is an array of diag_manager register field ids for 'deposition velocity at reference height (atm)' 
***

name     : atm_land_ice_flux_exchange_mod/id_tr_con_ref_land
tokens   : 42
source   : atm_land_ice_flux_exchange_mod
parent   : atm_land_ice_flux_exchange_mod
datatype : variable
name     : atm_land_ice_flux_exchange_mod/id_tr_con_ref_land
ichunk   : 0
 id_tr_con_ref_land  integer, dimension(:), allocatable  is an array of diag_manager register field id for 'deposition velocity at reference height over land' 
***

name     : atm_land_ice_flux_exchange_mod/id_tr_flux
tokens   : 36
source   : atm_land_ice_flux_exchange_mod
parent   : atm_land_ice_flux_exchange_mod
datatype : variable
name     : atm_land_ice_flux_exchange_mod/id_tr_flux
ichunk   : 0
 id_tr_flux  integer, dimension(:), allocatable  is an array of diag_manager register field ids for 'tracers fluxes' 
***

name     : atm_land_ice_flux_exchange_mod/id_tr_flux_land
tokens   : 49
source   : atm_land_ice_flux_exchange_mod
parent   : atm_land_ice_flux_exchange_mod
datatype : variable
name     : atm_land_ice_flux_exchange_mod/id_tr_flux_land
ichunk   : 0
 id_tr_flux_land  integer, dimension(:), allocatable  is an array of diag_manager register field ids for 'flux of tracer concentration over land in [kg/m2*s]' 
***

name     : atm_land_ice_flux_exchange_mod/id_tr_mol_flux
tokens   : 49
source   : atm_land_ice_flux_exchange_mod
parent   : atm_land_ice_flux_exchange_mod
datatype : variable
name     : atm_land_ice_flux_exchange_mod/id_tr_mol_flux
ichunk   : 0
 id_tr_mol_flux  integer, dimension(:), allocatable  is an array of diag_manager register field ids for 'flux of co2 concentration in [mol/m2*s]' 
***

name     : atm_land_ice_flux_exchange_mod/id_tr_mol_flux0
tokens   : 53
source   : atm_land_ice_flux_exchange_mod
parent   : atm_land_ice_flux_exchange_mod
datatype : variable
name     : atm_land_ice_flux_exchange_mod/id_tr_mol_flux0
ichunk   : 0
 id_tr_mol_flux0  integer, dimension(:), allocatable  is an array of diag_manager register field ids for 'gross flux of tracer concentration over land in [mol/m2*s]' 
***

name     : atm_land_ice_flux_exchange_mod/id_tr_mol_flux_land
tokens   : 53
source   : atm_land_ice_flux_exchange_mod
parent   : atm_land_ice_flux_exchange_mod
datatype : variable
name     : atm_land_ice_flux_exchange_mod/id_tr_mol_flux_land
ichunk   : 0
 id_tr_mol_flux_land  integer, dimension(:), allocatable  is an array of diag_manager register field ids for 'flux of tracer concentration over land in [mol/m2*s]' 
***

name     : atm_land_ice_flux_exchange_mod/id_tr_ref
tokens   : 40
source   : atm_land_ice_flux_exchange_mod
parent   : atm_land_ice_flux_exchange_mod
datatype : variable
name     : atm_land_ice_flux_exchange_mod/id_tr_ref
ichunk   : 0
 id_tr_ref  integer, dimension(:), allocatable  is an array of diag_manager register field ids for 'tracers at z_ref_heat' 
***

name     : atm_land_ice_flux_exchange_mod/id_tr_ref_land
tokens   : 45
source   : atm_land_ice_flux_exchange_mod
parent   : atm_land_ice_flux_exchange_mod
datatype : variable
name     : atm_land_ice_flux_exchange_mod/id_tr_ref_land
ichunk   : 0
 id_tr_ref_land  integer, dimension(:), allocatable  is an array of diag_manager register field ids for 'tracer flux at z_ref_heat over land' 
***

name     : atm_land_ice_flux_exchange_mod/id_tr_surf
tokens   : 36
source   : atm_land_ice_flux_exchange_mod
parent   : atm_land_ice_flux_exchange_mod
datatype : variable
name     : atm_land_ice_flux_exchange_mod/id_tr_surf
ichunk   : 0
 id_tr_surf  integer, dimension(:), allocatable  is an array of diag_manager register field ids for 'tracers at surface' 
***

name     : atm_land_ice_flux_exchange_mod/id_ts
tokens   : 24
source   : atm_land_ice_flux_exchange_mod
parent   : atm_land_ice_flux_exchange_mod
datatype : variable
name     : atm_land_ice_flux_exchange_mod/id_ts
ichunk   : 0
 id_ts  integer  is a diag_manager register field id for 'surface temperature' (cmip) 
***

name     : atm_land_ice_flux_exchange_mod/id_ts_g
tokens   : 25
source   : atm_land_ice_flux_exchange_mod
parent   : atm_land_ice_flux_exchange_mod
datatype : variable
name     : atm_land_ice_flux_exchange_mod/id_ts_g
ichunk   : 0
 id_ts_g  integer  is a diag_manager register field id for 'global integral of surface temperature' 
***

name     : atm_land_ice_flux_exchange_mod/id_tslsi
tokens   : 31
source   : atm_land_ice_flux_exchange_mod
parent   : atm_land_ice_flux_exchange_mod
datatype : variable
name     : atm_land_ice_flux_exchange_mod/id_tslsi
ichunk   : 0
 id_tslsi  integer  is a diag_manager register field id for 'surface temperature on land or sea ice' (cmip) 
***

name     : atm_land_ice_flux_exchange_mod/id_u_atm
tokens   : 27
source   : atm_land_ice_flux_exchange_mod
parent   : atm_land_ice_flux_exchange_mod
datatype : variable
name     : atm_land_ice_flux_exchange_mod/id_u_atm
ichunk   : 0
 id_u_atm  integer  is a diag_manager register field id for 'u wind component at lowest atmospheric level' 
***

name     : atm_land_ice_flux_exchange_mod/id_u_flux
tokens   : 24
source   : atm_land_ice_flux_exchange_mod
parent   : atm_land_ice_flux_exchange_mod
datatype : variable
name     : atm_land_ice_flux_exchange_mod/id_u_flux
ichunk   : 0
 id_u_flux  integer  is a diag_manager register field id for 'zonal wind stress' 
***

name     : atm_land_ice_flux_exchange_mod/id_u_ref
tokens   : 30
source   : atm_land_ice_flux_exchange_mod
parent   : atm_land_ice_flux_exchange_mod
datatype : variable
name     : atm_land_ice_flux_exchange_mod/id_u_ref
ichunk   : 0
 id_u_ref  integer  is a diag_manager register field id for 'zonal wind component at z_ref_mom' 
***

name     : atm_land_ice_flux_exchange_mod/id_u_ref_land
tokens   : 34
source   : atm_land_ice_flux_exchange_mod
parent   : atm_land_ice_flux_exchange_mod
datatype : variable
name     : atm_land_ice_flux_exchange_mod/id_u_ref_land
ichunk   : 0
 id_u_ref_land  integer  is a diag_manager register field id for 'zonal wind component at z_ref_mom over land' 
***

name     : atm_land_ice_flux_exchange_mod/id_u_star
tokens   : 22
source   : atm_land_ice_flux_exchange_mod
parent   : atm_land_ice_flux_exchange_mod
datatype : variable
name     : atm_land_ice_flux_exchange_mod/id_u_star
ichunk   : 0
 id_u_star  integer  is a diag_manager register field id for 'friction velocity' 
***

name     : atm_land_ice_flux_exchange_mod/id_uas
tokens   : 28
source   : atm_land_ice_flux_exchange_mod
parent   : atm_land_ice_flux_exchange_mod
datatype : variable
name     : atm_land_ice_flux_exchange_mod/id_uas
ichunk   : 0
 id_uas  integer  is a diag_manager register field id for 'eastward near-surface wind' (cmip) 
***

name     : atm_land_ice_flux_exchange_mod/id_v_atm
tokens   : 27
source   : atm_land_ice_flux_exchange_mod
parent   : atm_land_ice_flux_exchange_mod
datatype : variable
name     : atm_land_ice_flux_exchange_mod/id_v_atm
ichunk   : 0
 id_v_atm  integer  is a diag_manager register field id for 'v wind component at lowest atmospheric level' 
***

name     : atm_land_ice_flux_exchange_mod/id_v_flux
tokens   : 25
source   : atm_land_ice_flux_exchange_mod
parent   : atm_land_ice_flux_exchange_mod
datatype : variable
name     : atm_land_ice_flux_exchange_mod/id_v_flux
ichunk   : 0
 id_v_flux  integer  is a diag_manager register field id for 'meridional wind stress' 
***

name     : atm_land_ice_flux_exchange_mod/id_v_ref
tokens   : 31
source   : atm_land_ice_flux_exchange_mod
parent   : atm_land_ice_flux_exchange_mod
datatype : variable
name     : atm_land_ice_flux_exchange_mod/id_v_ref
ichunk   : 0
 id_v_ref  integer  is a diag_manager register field id for 'meridional wind component at z_ref_mom' 
***

name     : atm_land_ice_flux_exchange_mod/id_v_ref_land
tokens   : 35
source   : atm_land_ice_flux_exchange_mod
parent   : atm_land_ice_flux_exchange_mod
datatype : variable
name     : atm_land_ice_flux_exchange_mod/id_v_ref_land
ichunk   : 0
 id_v_ref_land  integer  is a diag_manager register field id for 'meridional wind component at z_ref_mom over land' 
***

name     : atm_land_ice_flux_exchange_mod/id_vas
tokens   : 28
source   : atm_land_ice_flux_exchange_mod
parent   : atm_land_ice_flux_exchange_mod
datatype : variable
name     : atm_land_ice_flux_exchange_mod/id_vas
ichunk   : 0
 id_vas  integer  is a diag_manager register field id for 'northward near-surface wind' (cmip) 
***

name     : atm_land_ice_flux_exchange_mod/id_wind
tokens   : 23
source   : atm_land_ice_flux_exchange_mod
parent   : atm_land_ice_flux_exchange_mod
datatype : variable
name     : atm_land_ice_flux_exchange_mod/id_wind
ichunk   : 0
 id_wind  integer  is a diag_manager register field id for 'wind speed for flux calculations' 
***

name     : atm_land_ice_flux_exchange_mod/id_wind_ref
tokens   : 30
source   : atm_land_ice_flux_exchange_mod
parent   : atm_land_ice_flux_exchange_mod
datatype : variable
name     : atm_land_ice_flux_exchange_mod/id_wind_ref
ichunk   : 0
 id_wind_ref  integer  is a diag_manager register field id for 'absolute value of wind at z_ref_mom' 
***

name     : atm_land_ice_flux_exchange_mod/id_z_atm
tokens   : 25
source   : atm_land_ice_flux_exchange_mod
parent   : atm_land_ice_flux_exchange_mod
datatype : variable
name     : atm_land_ice_flux_exchange_mod/id_z_atm
ichunk   : 0
 id_z_atm  integer  is a diag_manager register field id for 'height of lowest atmospheric level' 
***

name     : atm_land_ice_flux_exchange_mod/inh3
tokens   : 21
source   : atm_land_ice_flux_exchange_mod
parent   : atm_land_ice_flux_exchange_mod
datatype : variable
name     : atm_land_ice_flux_exchange_mod/inh3
ichunk   : 0
 inh3  integer  is the nh3 tracer index. Initialized as NO_TRACER 
***

name     : atm_land_ice_flux_exchange_mod/isphum
tokens   : 19
source   : atm_land_ice_flux_exchange_mod
parent   : atm_land_ice_flux_exchange_mod
datatype : variable
name     : atm_land_ice_flux_exchange_mod/isphum
ichunk   : 0
 isphum  integer  is the specific humidity index. Initialized as NO_TRACER 
***

name     : atm_land_ice_flux_exchange_mod/mod_name
tokens   : 26
source   : atm_land_ice_flux_exchange_mod
parent   : atm_land_ice_flux_exchange_mod
datatype : variable
name     : atm_land_ice_flux_exchange_mod/mod_name
ichunk   : 0
 mod_name  character(len=4), parameter  is the module name used when registering variable for diag_manager 
***

name     : atm_land_ice_flux_exchange_mod/my_nblocks
tokens   : 22
source   : atm_land_ice_flux_exchange_mod
parent   : atm_land_ice_flux_exchange_mod
datatype : variable
name     : atm_land_ice_flux_exchange_mod/my_nblocks
ichunk   : 0
 my_nblocks  integer  is the number of blocks in OpenMP parallelization, defaults to 1 
***

name     : atm_land_ice_flux_exchange_mod/n_atm_tr
tokens   : 22
source   : atm_land_ice_flux_exchange_mod
parent   : atm_land_ice_flux_exchange_mod
datatype : variable
name     : atm_land_ice_flux_exchange_mod/n_atm_tr
ichunk   : 0
 n_atm_tr  integer  is the number of prognostic tracers in the atmos model 
***

name     : atm_land_ice_flux_exchange_mod/n_atm_tr_tot
tokens   : 25
source   : atm_land_ice_flux_exchange_mod
parent   : atm_land_ice_flux_exchange_mod
datatype : variable
name     : atm_land_ice_flux_exchange_mod/n_atm_tr_tot
ichunk   : 0
 n_atm_tr_tot  integer  is the number of prognostic tracers in the atmos model 
***

name     : atm_land_ice_flux_exchange_mod/n_exch_tr
tokens   : 18
source   : atm_land_ice_flux_exchange_mod
parent   : atm_land_ice_flux_exchange_mod
datatype : variable
name     : atm_land_ice_flux_exchange_mod/n_exch_tr
ichunk   : 0
 n_exch_tr  integer  is the number of tracers exchanged between models 
***

name     : atm_land_ice_flux_exchange_mod/n_gex_atm2lnd
tokens   : 24
source   : atm_land_ice_flux_exchange_mod
parent   : atm_land_ice_flux_exchange_mod
datatype : variable
name     : atm_land_ice_flux_exchange_mod/n_gex_atm2lnd
ichunk   : 0
 n_gex_atm2lnd  integer  is the number of gex fields exchanged between land and atmosphere 
***

name     : atm_land_ice_flux_exchange_mod/n_gex_lnd2atm
tokens   : 25
source   : atm_land_ice_flux_exchange_mod
parent   : atm_land_ice_flux_exchange_mod
datatype : variable
name     : atm_land_ice_flux_exchange_mod/n_gex_lnd2atm
ichunk   : 0
 n_gex_lnd2atm  integer  is the number of gex fields exchanged between atmosphere and land 
***

name     : atm_land_ice_flux_exchange_mod/n_lnd_tr
tokens   : 22
source   : atm_land_ice_flux_exchange_mod
parent   : atm_land_ice_flux_exchange_mod
datatype : variable
name     : atm_land_ice_flux_exchange_mod/n_lnd_tr
ichunk   : 0
 n_lnd_tr  integer  is the number of prognostic tracers in the land model 
***

name     : atm_land_ice_flux_exchange_mod/n_lnd_tr_tot
tokens   : 25
source   : atm_land_ice_flux_exchange_mod
parent   : atm_land_ice_flux_exchange_mod
datatype : variable
name     : atm_land_ice_flux_exchange_mod/n_lnd_tr_tot
ichunk   : 0
 n_lnd_tr_tot  integer  is the number of prognostic tracers in the land model 
***

name     : atm_land_ice_flux_exchange_mod/n_xgrid_sfc
tokens   : 19
source   : atm_land_ice_flux_exchange_mod
parent   : atm_land_ice_flux_exchange_mod
datatype : variable
name     : atm_land_ice_flux_exchange_mod/n_xgrid_sfc
ichunk   : 0
 n_xgrid_sfc  integer  is the total number of exchange grid cells 
***

name     : atm_land_ice_flux_exchange_mod/nblocks
tokens   : 26
source   : atm_land_ice_flux_exchange_mod
parent   : atm_land_ice_flux_exchange_mod
datatype : variable
name     : atm_land_ice_flux_exchange_mod/nblocks
ichunk   : 0
 nblocks  integer  is the OpenMP number of thread. Do loops on the exchange grid are parallelized into noblocks 
***

name     : atm_land_ice_flux_exchange_mod/ni_atm
tokens   : 18
source   : atm_land_ice_flux_exchange_mod
parent   : atm_land_ice_flux_exchange_mod
datatype : variable
name     : atm_land_ice_flux_exchange_mod/ni_atm
ichunk   : 0
 ni_atm  integer  is the number of x gridpoints in the atm compute domain 
***

name     : atm_land_ice_flux_exchange_mod/nj_atm
tokens   : 18
source   : atm_land_ice_flux_exchange_mod
parent   : atm_land_ice_flux_exchange_mod
datatype : variable
name     : atm_land_ice_flux_exchange_mod/nj_atm
ichunk   : 0
 nj_atm  integer  is the number of y gridpoints in the atm compute domain 
***

name     : atm_land_ice_flux_exchange_mod/nk_ice
tokens   : 14
source   : atm_land_ice_flux_exchange_mod
parent   : atm_land_ice_flux_exchange_mod
datatype : variable
name     : atm_land_ice_flux_exchange_mod/nk_ice
ichunk   : 0
 nk_ice  integer  is the number of vertical levels in ice 
***

name     : atm_land_ice_flux_exchange_mod/nxc_ice
tokens   : 19
source   : atm_land_ice_flux_exchange_mod
parent   : atm_land_ice_flux_exchange_mod
datatype : variable
name     : atm_land_ice_flux_exchange_mod/nxc_ice
ichunk   : 0
 nxc_ice  integer  is the number of x gridpoints in ice compute domain 
***

name     : atm_land_ice_flux_exchange_mod/nxc_lnd
tokens   : 20
source   : atm_land_ice_flux_exchange_mod
parent   : atm_land_ice_flux_exchange_mod
datatype : variable
name     : atm_land_ice_flux_exchange_mod/nxc_lnd
ichunk   : 0
 nxc_lnd  integer  is the number of x gridpoints in land compute domain 
***

name     : atm_land_ice_flux_exchange_mod/nyc_ice
tokens   : 17
source   : atm_land_ice_flux_exchange_mod
parent   : atm_land_ice_flux_exchange_mod
datatype : variable
name     : atm_land_ice_flux_exchange_mod/nyc_ice
ichunk   : 0
 nyc_ice  integer  is the number of y gridpoints in ice compute domain 
***

name     : atm_land_ice_flux_exchange_mod/nyc_lnd
tokens   : 18
source   : atm_land_ice_flux_exchange_mod
parent   : atm_land_ice_flux_exchange_mod
datatype : variable
name     : atm_land_ice_flux_exchange_mod/nyc_lnd
ichunk   : 0
 nyc_lnd  integer  is the number of y gridpoints in land compute domain 
***

name     : atm_land_ice_flux_exchange_mod/partition_fprec_from_lprec
tokens   : 53
source   : atm_land_ice_flux_exchange_mod
parent   : atm_land_ice_flux_exchange_mod
datatype : variable
name     : atm_land_ice_flux_exchange_mod/partition_fprec_from_lprec
ichunk   : 0
 partition_fprec_from_lprec  logical  is a flag where if true, liquid precip is converted to snow when t_ref < tfreeze. Used for atm override experiments where liquid and frozen precip are combined 
***

name     : atm_land_ice_flux_exchange_mod/redist
tokens   : 28
source   : atm_land_ice_flux_exchange_mod
parent   : atm_land_ice_flux_exchange_mod
datatype : variable
name     : atm_land_ice_flux_exchange_mod/redist
ichunk   : 0
 redist  integer, parameter  is the boundary_typextype value when grids are physically same, but differ in domain decomposition. 
***

name     : atm_land_ice_flux_exchange_mod/regenclock
tokens   : 18
source   : atm_land_ice_flux_exchange_mod
parent   : atm_land_ice_flux_exchange_mod
datatype : variable
name     : atm_land_ice_flux_exchange_mod/regenclock
ichunk   : 0
 regenclock  integer  is a FMS clock for profiling exchange grid generation 
***

name     : atm_land_ice_flux_exchange_mod/regrid
tokens   : 34
source   : atm_land_ice_flux_exchange_mod
parent   : atm_land_ice_flux_exchange_mod
datatype : variable
name     : atm_land_ice_flux_exchange_mod/regrid
ichunk   : 0
 regrid  integer, parameter  is the boundary_typextype value when grids are physically different and data between model components needs to be exchanged via the exchange grid 
***

name     : atm_land_ice_flux_exchange_mod/remap_method
tokens   : 25
source   : atm_land_ice_flux_exchange_mod
parent   : atm_land_ice_flux_exchange_mod
datatype : variable
name     : atm_land_ice_flux_exchange_mod/remap_method
ichunk   : 0
 remap_method  integer  is a flag value to indicate first or second order conservative remapping onto exchange grid 
***

name     : atm_land_ice_flux_exchange_mod/scale_precip_2d
tokens   : 27
source   : atm_land_ice_flux_exchange_mod
parent   : atm_land_ice_flux_exchange_mod
datatype : variable
name     : atm_land_ice_flux_exchange_mod/scale_precip_2d
ichunk   : 0
 scale_precip_2d  logical  is a flag where if true, scale mass of liqud preciptation 
***

name     : atm_land_ice_flux_exchange_mod/sfcclock
tokens   : 21
source   : atm_land_ice_flux_exchange_mod
parent   : atm_land_ice_flux_exchange_mod
datatype : variable
name     : atm_land_ice_flux_exchange_mod/sfcclock
ichunk   : 0
 sfcclock  integer  is a FMS clock id for profiling sfc_boundary_layer 
***

name     : atm_land_ice_flux_exchange_mod/tag
tokens   : 23
source   : atm_land_ice_flux_exchange_mod
parent   : atm_land_ice_flux_exchange_mod
datatype : variable
name     : atm_land_ice_flux_exchange_mod/tag
ichunk   : 0
 tag  character(len=128)  is a Github tag that is set automatically during compile time 
***

name     : atm_land_ice_flux_exchange_mod/tfreeze
tokens   : 20
source   : atm_land_ice_flux_exchange_mod
parent   : atm_land_ice_flux_exchange_mod
datatype : variable
name     : atm_land_ice_flux_exchange_mod/tfreeze
ichunk   : 0
 tfreeze  real, parameter  is the freezing point of water at 1 atm [K] 
***

name     : atm_land_ice_flux_exchange_mod/tr_table
tokens   : 33
source   : atm_land_ice_flux_exchange_mod
parent   : atm_land_ice_flux_exchange_mod
datatype : variable
name     : atm_land_ice_flux_exchange_mod/tr_table
ichunk   : 0
 tr_table  type(tracer_ind_type), dimension(:), allocatable  is the table of tracers passed through flux exchange 
***

name     : atm_land_ice_flux_exchange_mod/tr_table_map
tokens   : 43
source   : atm_land_ice_flux_exchange_mod
parent   : atm_land_ice_flux_exchange_mod
datatype : variable
name     : atm_land_ice_flux_exchange_mod/tr_table_map
ichunk   : 0
 tr_table_map  type(tracer_exch_ind_type), dimension(:), allocatable  is a map to map atm tracers to exchange, ice and land variables 
***

name     : atm_land_ice_flux_exchange_mod/version
tokens   : 22
source   : atm_land_ice_flux_exchange_mod
parent   : atm_land_ice_flux_exchange_mod
datatype : variable
name     : atm_land_ice_flux_exchange_mod/version
ichunk   : 0
 version  character(len=128)  is a program version number that is set automatically during compile time 
***

name     : atm_land_ice_flux_exchange_mod/x1_grid_atm
tokens   : 28
source   : atm_land_ice_flux_exchange_mod
parent   : atm_land_ice_flux_exchange_mod
datatype : variable
name     : atm_land_ice_flux_exchange_mod/x1_grid_atm
ichunk   : 0
 x1_grid_atm  integer  is the exchange grid index for xgrid_stock_move. Set to value of 1 
***

name     : atm_land_ice_flux_exchange_mod/x1_grid_ice
tokens   : 28
source   : atm_land_ice_flux_exchange_mod
parent   : atm_land_ice_flux_exchange_mod
datatype : variable
name     : atm_land_ice_flux_exchange_mod/x1_grid_ice
ichunk   : 0
 x1_grid_ice  integer  is the exchange grid index for xgrid_stock_move. Set to value of 2 
***

name     : atm_land_ice_flux_exchange_mod/x1_grid_lnd
tokens   : 29
source   : atm_land_ice_flux_exchange_mod
parent   : atm_land_ice_flux_exchange_mod
datatype : variable
name     : atm_land_ice_flux_exchange_mod/x1_grid_lnd
ichunk   : 0
 x1_grid_lnd  integer  is the exchange grid index for xgrid_stock_move. Set to value of 3 
***

name     : atm_land_ice_flux_exchange_mod/xmap_sfc
tokens   : 43
source   : atm_land_ice_flux_exchange_mod
parent   : atm_land_ice_flux_exchange_mod
datatype : variable
name     : atm_land_ice_flux_exchange_mod/xmap_sfc
ichunk   : 0
 xmap_sfc  type(fmsxgridxmap_type), save  is a FmsXgridXmap_type that holds the exchange grid between different components 
***

name     : atm_land_ice_flux_exchange_mod/z_ref_heat
tokens   : 40
source   : atm_land_ice_flux_exchange_mod
parent   : atm_land_ice_flux_exchange_mod
datatype : variable
name     : atm_land_ice_flux_exchange_mod/z_ref_heat
ichunk   : 0
 z_ref_heat  real  is the reference height (meters) for temperature and relative humidity diagnostics (t_ref, rh_ref, del_h, del_q) 
***

name     : atm_land_ice_flux_exchange_mod/z_ref_mom
tokens   : 32
source   : atm_land_ice_flux_exchange_mod
parent   : atm_land_ice_flux_exchange_mod
datatype : variable
name     : atm_land_ice_flux_exchange_mod/z_ref_mom
ichunk   : 0
 z_ref_mom  real  is the reference height (meters) for momentum diagnostics (u_ref, v_ref, del_m) 
***

name     : atmos_ocean_dep_fluxes_calc_mod/mod_name
tokens   : 21
source   : atmos_ocean_dep_fluxes_calc_mod
parent   : atmos_ocean_dep_fluxes_calc_mod
datatype : variable
name     : atmos_ocean_dep_fluxes_calc_mod/mod_name
ichunk   : 0
 mod_name  character(len= *), parameter  mod_name used when printing error messages 
***

name     : atmos_ocean_fluxes_calc_mod/epsln
tokens   : 20
source   : atmos_ocean_fluxes_calc_mod
parent   : atmos_ocean_fluxes_calc_mod
datatype : variable
name     : atmos_ocean_fluxes_calc_mod/epsln
ichunk   : 0
 epsln  real, parameter  is a really small number used to prevent divide-by-zero 
***

name     : atmos_ocean_fluxes_calc_mod/mod_name
tokens   : 22
source   : atmos_ocean_fluxes_calc_mod
parent   : atmos_ocean_fluxes_calc_mod
datatype : variable
name     : atmos_ocean_fluxes_calc_mod/mod_name
ichunk   : 0
 mod_name  character(len= *), parameter  is the module name used when printing error messages 
***

name     : flux_exchange_mod/atm_precip_new
tokens   : 23
source   : flux_exchange_mod
parent   : flux_exchange_mod
datatype : variable
name     : flux_exchange_mod/atm_precip_new
ichunk   : 0
 atm_precip_new  real  is used to take into account implicit evaporation in stock computation 
***

name     : flux_exchange_mod/bound_tol
tokens   : 22
source   : flux_exchange_mod
parent   : flux_exchange_mod
datatype : variable
name     : flux_exchange_mod/bound_tol
ichunk   : 0
 bound_tol  real, parameter  is the tolerance value used when checking grid-boundary coordinate consistency. 
***

name     : flux_exchange_mod/ccc
tokens   : 26
source   : flux_exchange_mod
parent   : flux_exchange_mod
datatype : variable
name     : flux_exchange_mod/ccc
ichunk   : 0
 ccc  real, dimension(3)  is a temporary array used for conservation-check summaries; not used. 
***

name     : flux_exchange_mod/cplclock
tokens   : 23
source   : flux_exchange_mod
parent   : flux_exchange_mod
datatype : variable
name     : flux_exchange_mod/cplclock
ichunk   : 0
 cplclock  integer  is the FMS clock id to profile land-ice-atmos coupler. 
***

name     : flux_exchange_mod/d378
tokens   : 21
source   : flux_exchange_mod
parent   : flux_exchange_mod
datatype : variable
name     : flux_exchange_mod/d378
ichunk   : 0
 d378  real, parameter  is the complement of d622, used in humidity conversions. 
***

name     : flux_exchange_mod/d622
tokens   : 23
source   : flux_exchange_mod
parent   : flux_exchange_mod
datatype : variable
name     : flux_exchange_mod/d622
ichunk   : 0
 d622  real, parameter  is the ratio of dry-air and water-vapor gas constants. 
***

name     : flux_exchange_mod/debug_stocks
tokens   : 28
source   : flux_exchange_mod
parent   : flux_exchange_mod
datatype : variable
name     : flux_exchange_mod/debug_stocks
ichunk   : 0
 debug_stocks  logical  is a flag where if .TRUE., enable extra stock-conservation output for debugging. 
***

name     : flux_exchange_mod/divert_stocks_report
tokens   : 26
source   : flux_exchange_mod
parent   : flux_exchange_mod
datatype : variable
name     : flux_exchange_mod/divert_stocks_report
ichunk   : 0
 divert_stocks_report  logical  is a flag where if .TRUE., write stock reports 'stocks.out'. 
***

name     : flux_exchange_mod/do_area_weighted_flux
tokens   : 38
source   : flux_exchange_mod
parent   : flux_exchange_mod
datatype : variable
name     : flux_exchange_mod/do_area_weighted_flux
ichunk   : 0
 do_area_weighted_flux  logical  is a flag where if .TRUE., normalize exchanged fluxes by the area. used in ice_ocean_flux_exchange. 
***

name     : flux_exchange_mod/do_forecast
tokens   : 10
source   : flux_exchange_mod
parent   : flux_exchange_mod
datatype : variable
name     : flux_exchange_mod/do_forecast
ichunk   : 0
 do_forecast  logical  is a flag. 
***

name     : flux_exchange_mod/do_init
tokens   : 19
source   : flux_exchange_mod
parent   : flux_exchange_mod
datatype : variable
name     : flux_exchange_mod/do_init
ichunk   : 0
 do_init  logical  is a flag where if .TRUE., initialize module 
***

name     : flux_exchange_mod/do_runoff
tokens   : 26
source   : flux_exchange_mod
parent   : flux_exchange_mod
datatype : variable
name     : flux_exchange_mod/do_runoff
ichunk   : 0
 do_runoff  logical  is a flag where if .TRUE., turn on the land runoff interpolation to the ocean 
***

name     : flux_exchange_mod/dt_atm
tokens   : 15
source   : flux_exchange_mod
parent   : flux_exchange_mod
datatype : variable
name     : flux_exchange_mod/dt_atm
ichunk   : 0
 dt_atm  real  is the atmosphere timestep [s] 
***

name     : flux_exchange_mod/dt_cpl
tokens   : 18
source   : flux_exchange_mod
parent   : flux_exchange_mod
datatype : variable
name     : flux_exchange_mod/dt_cpl
ichunk   : 0
 dt_cpl  real  is the coupled timesteps in [s]. 
***

name     : flux_exchange_mod/ex_gas_fields_atm
tokens   : 43
source   : flux_exchange_mod
parent   : flux_exchange_mod
datatype : variable
name     : flux_exchange_mod/ex_gas_fields_atm
ichunk   : 0
 ex_gas_fields_atm  type(fmscoupler1dbc_type), target  is a derived type containing atmospheric surface variables that are used in calculating atmosphere-ocean gas fluxes. 
***

name     : flux_exchange_mod/ex_gas_fields_ice
tokens   : 47
source   : flux_exchange_mod
parent   : flux_exchange_mod
datatype : variable
name     : flux_exchange_mod/ex_gas_fields_ice
ichunk   : 0
 ex_gas_fields_ice  type(fmscoupler1dbc_type), target  is a derived type containing ice-top and ocean surface variables that are used in calculating atmosphere-ocean gas fluxes. 
***

name     : flux_exchange_mod/ex_gas_fluxes
tokens   : 54
source   : flux_exchange_mod
parent   : flux_exchange_mod
datatype : variable
name     : flux_exchange_mod/ex_gas_fluxes
ichunk   : 0
 ex_gas_fluxes  type(fmscoupler1dbc_type), target  is a derived type for exchanging gas or tracer fluxes between the atmosphere and ocean, defined by the field table. Also a place holder of intermediate calculations. 
***

name     : flux_exchange_mod/gas_fluxes_initialized
tokens   : 27
source   : flux_exchange_mod
parent   : flux_exchange_mod
datatype : variable
name     : flux_exchange_mod/gas_fluxes_initialized
ichunk   : 0
 gas_fluxes_initialized  logical  is a flag where if .TRUE., component fluxes have been initialized. 
***

name     : flux_exchange_mod/nblocks
tokens   : 18
source   : flux_exchange_mod
parent   : flux_exchange_mod
datatype : variable
name     : flux_exchange_mod/nblocks
ichunk   : 0
 nblocks  integer  is the number of OpenMP blocks, defaults to 1. 
***

name     : flux_exchange_mod/ni_atm
tokens   : 18
source   : flux_exchange_mod
parent   : flux_exchange_mod
datatype : variable
name     : flux_exchange_mod/ni_atm
ichunk   : 0
 ni_atm  integer  is the number of x gridpoints in the atm compute domain 
***

name     : flux_exchange_mod/nj_atm
tokens   : 18
source   : flux_exchange_mod
parent   : flux_exchange_mod
datatype : variable
name     : flux_exchange_mod/nj_atm
ichunk   : 0
 nj_atm  integer  is the number of y gridpoints in the atm compute domain 
***

name     : flux_exchange_mod/partition_fprec_from_lprec
tokens   : 41
source   : flux_exchange_mod
parent   : flux_exchange_mod
datatype : variable
name     : flux_exchange_mod/partition_fprec_from_lprec
ichunk   : 0
 partition_fprec_from_lprec  logical  is a flag where if .TRUE., convert liquid precip to snow when t_ref is less than tfreeze parameter 
***

name     : flux_exchange_mod/scale_precip_2d
tokens   : 35
source   : flux_exchange_mod
parent   : flux_exchange_mod
datatype : variable
name     : flux_exchange_mod/scale_precip_2d
ichunk   : 0
 scale_precip_2d  logical  is a flag where if .TRUE., rescale liquid precipitation using a 2-D field from data override. 
***

name     : flux_exchange_mod/tag
tokens   : 19
source   : flux_exchange_mod
parent   : flux_exchange_mod
datatype : variable
name     : flux_exchange_mod/tag
ichunk   : 0
 tag  character(len=128)  is a string set automatically at compile time. 
***

name     : flux_exchange_mod/tfreeze
tokens   : 20
source   : flux_exchange_mod
parent   : flux_exchange_mod
datatype : variable
name     : flux_exchange_mod/tfreeze
ichunk   : 0
 tfreeze  real, parameter  Freezing point of water at one atmosphere in [K]. 
***

name     : flux_exchange_mod/version
tokens   : 21
source   : flux_exchange_mod
parent   : flux_exchange_mod
datatype : variable
name     : flux_exchange_mod/version
ichunk   : 0
 version  character(len=128)  is the program version string set automatically at compile time. 
***

name     : flux_exchange_mod/z_ref_heat
tokens   : 41
source   : flux_exchange_mod
parent   : flux_exchange_mod
datatype : variable
name     : flux_exchange_mod/z_ref_heat
ichunk   : 0
 z_ref_heat  real  is the reference height [m] for temperature and relative humidity diagnostics (t_ref, rh_ref, del_h, del_q). 
***

name     : flux_exchange_mod/z_ref_mom
tokens   : 33
source   : flux_exchange_mod
parent   : flux_exchange_mod
datatype : variable
name     : flux_exchange_mod/z_ref_mom
ichunk   : 0
 z_ref_mom  real  is the reference height [m] for momentum diagnostics (u_ref, v_ref, del_m). 
***

name     : full_coupler_mod/atmos_npes
tokens   : 30
source   : full_coupler_mod
parent   : full_coupler_mod
datatype : variable
name     : full_coupler_mod/atmos_npes
ichunk   : 0
 atmos_npes  integer, public  is a namelist variable to set the number of MPI ranks (processing element) for the atmosphere 
***

name     : full_coupler_mod/atmos_nthreads
tokens   : 29
source   : full_coupler_mod
parent   : full_coupler_mod
datatype : variable
name     : full_coupler_mod/atmos_nthreads
ichunk   : 0
 atmos_nthreads  integer, public  is a namelist variable to set the number of OpenMP threads to use in the atmosphere 
***

name     : full_coupler_mod/calendar
tokens   : 80
source   : full_coupler_mod
parent   : full_coupler_mod
datatype : variable
name     : full_coupler_mod/calendar
ichunk   : 0
 calendar  character(len=17)  is a variable in the coupler namelist (coupler_nml) with format (yr, mo, day, hr, min, sec) to set the model start date. Example — start a run on 1 January 2000: &coupler_nml current_date = 2000, 1, 1, 0, 0, 0 / 
***

name     : full_coupler_mod/calendar_type
tokens   : 17
source   : full_coupler_mod
parent   : full_coupler_mod
datatype : variable
name     : full_coupler_mod/calendar_type
ichunk   : 0
 calendar_type  integer  is the calendar_type initialized to INVALID_CALENDAR 
***

name     : full_coupler_mod/check_stocks
tokens   : 48
source   : full_coupler_mod
parent   : full_coupler_mod
datatype : variable
name     : full_coupler_mod/check_stocks
ichunk   : 0
 check_stocks  integer, public  is a namelist flag where value of -1: don't computed stocks; value of 0: compute stocks at the end of the run; value>0: compute stocks every n coupled steps 
***

name     : full_coupler_mod/combined_ice_and_ocean
tokens   : 68
source   : full_coupler_mod
parent   : full_coupler_mod
datatype : variable
name     : full_coupler_mod/combined_ice_and_ocean
ichunk   : 0
 combined_ice_and_ocean  logical, public  is a namelist flag where if true, there is a single call from the coupler to advance both the slow sea-ice and the ocean. slow_ice_with_ocean and concurrent_ice must both be true if combined_ice_and_ocean is true. 
***

name     : full_coupler_mod/concurrent
tokens   : 74
source   : full_coupler_mod
parent   : full_coupler_mod
datatype : variable
name     : full_coupler_mod/concurrent
ichunk   : 0
 concurrent  logical, public  is a namelist flag where if .TRUE., the ocean model updates concurrently with the atmosphere-land-ice on a separate set of PEs. Concurrent should be .TRUE. if concurrent_ice is .TRUE. If .FALSE., the execution is serial: call atmos... followed by call ocean... 
***

name     : full_coupler_mod/concurrent_ice
tokens   : 109
source   : full_coupler_mod
parent   : full_coupler_mod
datatype : variable
name     : full_coupler_mod/concurrent_ice
ichunk   : 0
 concurrent_ice  logical, public  is a namelist flag where if .TRUE., the slow sea-ice is forced with the fluxes that were used for the fast ice processes one timestep before. When used in conjuction with setting slow_ice_with_ocean=.TRUE., this approach allows the atmosphere and ocean to run concurrently even if use_lag_fluxes=.FALSE., and it can be shown to ameliorate or eliminate several ice-ocean coupled instabilities. 
***

name     : full_coupler_mod/current_date
tokens   : 11
source   : full_coupler_mod
parent   : full_coupler_mod
datatype : variable
name     : full_coupler_mod/current_date
ichunk   : 0
 current_date  integer, dimension(6)   
***

name     : full_coupler_mod/date_init
tokens   : 36
source   : full_coupler_mod
parent   : full_coupler_mod
datatype : variable
name     : full_coupler_mod/date_init
ichunk   : 0
 date_init  integer, dimension(6)  is the initial date for the model run in (yr, mo, day, hr, min, sec) format 
***

name     : full_coupler_mod/days
tokens   : 20
source   : full_coupler_mod
parent   : full_coupler_mod
datatype : variable
name     : full_coupler_mod/days
ichunk   : 0
 days  integer, public  is a namelist variable to set the number of additional days to simulate 
***

name     : full_coupler_mod/do_atmos
tokens   : 23
source   : full_coupler_mod
parent   : full_coupler_mod
datatype : variable
name     : full_coupler_mod/do_atmos
ichunk   : 0
 do_atmos  logical, public  is a namelist flag where if .false., skip atmosphere update 
***

name     : full_coupler_mod/do_chksum
tokens   : 28
source   : full_coupler_mod
parent   : full_coupler_mod
datatype : variable
name     : full_coupler_mod/do_chksum
ichunk   : 0
 do_chksum  logical, public  is a namelist flag where if .TRUE., compute checksums throughout the model simulation 
***

name     : full_coupler_mod/do_concurrent_radiation
tokens   : 40
source   : full_coupler_mod
parent   : full_coupler_mod
datatype : variable
name     : full_coupler_mod/do_concurrent_radiation
ichunk   : 0
 do_concurrent_radiation  logical, public  is a namelist flag where if .TRUE., radiation is updated concurrently with atmospheric physics with OpenMP threading (radiation_nthreads) 
***

name     : full_coupler_mod/do_debug
tokens   : 28
source   : full_coupler_mod
parent   : full_coupler_mod
datatype : variable
name     : full_coupler_mod/do_debug
ichunk   : 0
 do_debug  logical, public  is a namelist flag where if .TRUE., print additional debugging messages. 
***

name     : full_coupler_mod/do_endpoint_chksum
tokens   : 34
source   : full_coupler_mod
parent   : full_coupler_mod
datatype : variable
name     : full_coupler_mod/do_endpoint_chksum
ichunk   : 0
 do_endpoint_chksum  logical, public  is a namelist flag where if .TRUE., do checksums of the initial and final states. 
***

name     : full_coupler_mod/do_flux
tokens   : 26
source   : full_coupler_mod
parent   : full_coupler_mod
datatype : variable
name     : full_coupler_mod/do_flux
ichunk   : 0
 do_flux  logical, public  is a namelist flag where if .false., skip all flux exchanges between components. 
***

name     : full_coupler_mod/do_ice
tokens   : 25
source   : full_coupler_mod
parent   : full_coupler_mod
datatype : variable
name     : full_coupler_mod/do_ice
ichunk   : 0
 do_ice  logical, public  is a namelist flag where if .false., skip sea-ice model update 
***

name     : full_coupler_mod/do_land
tokens   : 23
source   : full_coupler_mod
parent   : full_coupler_mod
datatype : variable
name     : full_coupler_mod/do_land
ichunk   : 0
 do_land  logical, public  is a namelist flag where if .false., skip land model update 
***

name     : full_coupler_mod/do_ocean
tokens   : 23
source   : full_coupler_mod
parent   : full_coupler_mod
datatype : variable
name     : full_coupler_mod/do_ocean
ichunk   : 0
 do_ocean  logical, public  is a namelist flag where if .false., skip ocean model update 
***

name     : full_coupler_mod/dt_atmos
tokens   : 36
source   : full_coupler_mod
parent   : full_coupler_mod
datatype : variable
name     : full_coupler_mod/dt_atmos
ichunk   : 0
 dt_atmos  integer, public  is a namelist variable to set the the time step [s] for the atmospheric model dynamics and fast coupling with land and sea ice 
***

name     : full_coupler_mod/dt_cpld
tokens   : 55
source   : full_coupler_mod
parent   : full_coupler_mod
datatype : variable
name     : full_coupler_mod/dt_cpld
ichunk   : 0
 dt_cpld  integer, public  is a namelist variable to set the time step [s] for coupling between ocean and atmosphere. This must be an integral multiple of dt_atmos and dt_ocean. This is the "slow" timestep. 
***

name     : full_coupler_mod/force_date_from_namelist
tokens   : 11
source   : full_coupler_mod
parent   : full_coupler_mod
datatype : variable
name     : full_coupler_mod/force_date_from_namelist
ichunk   : 0
 force_date_from_namelist  logical   
***

name     : full_coupler_mod/hours
tokens   : 20
source   : full_coupler_mod
parent   : full_coupler_mod
datatype : variable
name     : full_coupler_mod/hours
ichunk   : 0
 hours  integer, public  is a namelist variable to set the number of additional hours to simulate 
***

name     : full_coupler_mod/ice_npes
tokens   : 29
source   : full_coupler_mod
parent   : full_coupler_mod
datatype : variable
name     : full_coupler_mod/ice_npes
ichunk   : 0
 ice_npes  integer, public  is a namelist variable to set the number of MPI ranks (processing element) for the ice 
***

name     : full_coupler_mod/land_npes
tokens   : 29
source   : full_coupler_mod
parent   : full_coupler_mod
datatype : variable
name     : full_coupler_mod/land_npes
ichunk   : 0
 land_npes  integer, public  is a namelist variable to set the number of MPI ranks (processing element) for the land 
***

name     : full_coupler_mod/minutes
tokens   : 20
source   : full_coupler_mod
parent   : full_coupler_mod
datatype : variable
name     : full_coupler_mod/minutes
ichunk   : 0
 minutes  integer, public  is a namelist variable to set the number of additional minutes to simulate 
***

name     : full_coupler_mod/mod_name
tokens   : 26
source   : full_coupler_mod
parent   : full_coupler_mod
datatype : variable
name     : full_coupler_mod/mod_name
ichunk   : 0
 mod_name  character(len=48), parameter  is a string variable for the module name, used in error messages 
***

name     : full_coupler_mod/months
tokens   : 42
source   : full_coupler_mod
parent   : full_coupler_mod
datatype : variable
name     : full_coupler_mod/months
ichunk   : 0
 months  integer, public  is a flag in the coupler namelist (coupler_nml) where a .true. value enforces starting date to be current_date from the namelist. 
***

name     : full_coupler_mod/ocean_npes
tokens   : 29
source   : full_coupler_mod
parent   : full_coupler_mod
datatype : variable
name     : full_coupler_mod/ocean_npes
ichunk   : 0
 ocean_npes  integer, public  is a namelist variable to set the number of MPI ranks (processing element) for the ocean 
***

name     : full_coupler_mod/ocean_nthreads
tokens   : 28
source   : full_coupler_mod
parent   : full_coupler_mod
datatype : variable
name     : full_coupler_mod/ocean_nthreads
ichunk   : 0
 ocean_nthreads  integer, public  is a namelist variable to set the number of OpenMP threads to use in the ocean 
***

name     : full_coupler_mod/radiation_nthreads
tokens   : 45
source   : full_coupler_mod
parent   : full_coupler_mod
datatype : variable
name     : full_coupler_mod/radiation_nthreads
ichunk   : 0
 radiation_nthreads  integer, public  is a namelist variable to set the number of threads to use for radiation; is set to atmos_nthreads if do_concurrent_radiation is .false. 
***

name     : full_coupler_mod/restart_interval
tokens   : 114
source   : full_coupler_mod
parent   : full_coupler_mod
datatype : variable
name     : full_coupler_mod/restart_interval
ichunk   : 0
 restart_interval  integer, dimension(6), public  is a variable in the coupler namelist (coupler_nml) with format (yr, mo, day, hr, min, sec) to set the time interval for writing the intermediate restarts. Intermediate restarts are not written if restart_interval = [0,0,0,0,0,0] Example nml to write restarts every 6 hours: &coupler_nml restart_interval = 0, 0, 0, 6, 0, 0 / 
***

name     : full_coupler_mod/seconds
tokens   : 20
source   : full_coupler_mod
parent   : full_coupler_mod
datatype : variable
name     : full_coupler_mod/seconds
ichunk   : 0
 seconds  integer, public  is a namelist variable to set the number of additional seconds to simulate 
***

name     : full_coupler_mod/slow_ice_with_ocean
tokens   : 54
source   : full_coupler_mod
parent   : full_coupler_mod
datatype : variable
name     : full_coupler_mod/slow_ice_with_ocean
ichunk   : 0
 slow_ice_with_ocean  logical, public  is a namelist flag where if true, the slow sea-ice is advanced on the ocean PEs. Otherwise the slow sea-ice processes are on the same PEs as the fast sea-ice. 
***

name     : full_coupler_mod/text
tokens   : 18
source   : full_coupler_mod
parent   : full_coupler_mod
datatype : variable
name     : full_coupler_mod/text
ichunk   : 0
 text  character(len=80)  is a temporary string variable used for printing messages 
***

name     : full_coupler_mod/use_hyper_thread
tokens   : 31
source   : full_coupler_mod
parent   : full_coupler_mod
datatype : variable
name     : full_coupler_mod/use_hyper_thread
ichunk   : 0
 use_hyper_thread  logical, public  is a namelist flag where if .TRUE., enable use of hyperthreading on supported hardware 
***

name     : full_coupler_mod/use_lag_fluxes
tokens   : 184
source   : full_coupler_mod
parent   : full_coupler_mod
datatype : variable
name     : full_coupler_mod/use_lag_fluxes
ichunk   : 0
 use_lag_fluxes  logical, public  is a namelist flag where if .TRUE., the ocean is forced with surface boundary conditions (SBCs) from one coupling timestep ago. If .FALSE., the ocean is forced with most recent SBCs. For an old leapfrog MOM4 coupling with dt_cpld=dt_ocean, lag fluxes can be shown to be stable and current fluxes to be unconditionally unstable. For dt_cpld>dt_ocean there is probably sufficient damping for MOM4. For more modern ocean models (such as MOM5, GOLD or MOM6) that do not use leapfrog timestepping, use_lag_fluxes=.False. should be much more stable. Controls whether ice-to-ocean flux exchange are called at the beginning or at the end of the time loop 
***

name     : ice_ocean_flux_exchange_mod/cplocnclock
tokens   : 31
source   : ice_ocean_flux_exchange_mod
parent   : ice_ocean_flux_exchange_mod
datatype : variable
name     : ice_ocean_flux_exchange_mod/cplocnclock
ichunk   : 0
 cplocnclock  integer  is a FMS clock ID to time flux_ice_to_ocean and flux_ocean_to_ice 
***

name     : ice_ocean_flux_exchange_mod/debug_stocks
tokens   : 27
source   : ice_ocean_flux_exchange_mod
parent   : ice_ocean_flux_exchange_mod
datatype : variable
name     : ice_ocean_flux_exchange_mod/debug_stocks
ichunk   : 0
 debug_stocks  logical  is a flag where if .TRUE., call check_flux_conservation at module initialization 
***

name     : ice_ocean_flux_exchange_mod/direct
tokens   : 27
source   : ice_ocean_flux_exchange_mod
parent   : ice_ocean_flux_exchange_mod
datatype : variable
name     : ice_ocean_flux_exchange_mod/direct
ichunk   : 0
 direct  integer, parameter  is a flag used to indicate grids for ocean and ice are same. Data can be copied directly. 
***

name     : ice_ocean_flux_exchange_mod/do_area_weighted_flux
tokens   : 48
source   : ice_ocean_flux_exchange_mod
parent   : ice_ocean_flux_exchange_mod
datatype : variable
name     : ice_ocean_flux_exchange_mod/do_area_weighted_flux
ichunk   : 0
 do_area_weighted_flux  logical  is a flag where if .TRUE., scale fluxes by source cell area and divide by the destination cell area to preserve the global area-weighted integral if redistributing. 
***

name     : ice_ocean_flux_exchange_mod/dt_cpl
tokens   : 23
source   : ice_ocean_flux_exchange_mod
parent   : ice_ocean_flux_exchange_mod
datatype : variable
name     : ice_ocean_flux_exchange_mod/dt_cpl
ichunk   : 0
 dt_cpl  real  is the Coupled (slow) timestep in seconds; used in stock computation 
***

name     : ice_ocean_flux_exchange_mod/fluxiceoceanclock
tokens   : 25
source   : ice_ocean_flux_exchange_mod
parent   : ice_ocean_flux_exchange_mod
datatype : variable
name     : ice_ocean_flux_exchange_mod/fluxiceoceanclock
ichunk   : 0
 fluxiceoceanclock  integer  is a FMS clock ID to time flux_ice_to_ocean transfer 
***

name     : ice_ocean_flux_exchange_mod/fluxoceaniceclock
tokens   : 25
source   : ice_ocean_flux_exchange_mod
parent   : ice_ocean_flux_exchange_mod
datatype : variable
name     : ice_ocean_flux_exchange_mod/fluxoceaniceclock
ichunk   : 0
 fluxoceaniceclock  integer  is a FMS clock ID to time flux_ocean_to_ice transfer 
***

name     : ice_ocean_flux_exchange_mod/redist
tokens   : 44
source   : ice_ocean_flux_exchange_mod
parent   : ice_ocean_flux_exchange_mod
datatype : variable
name     : ice_ocean_flux_exchange_mod/redist
ichunk   : 0
 redist  integer, parameter  is a flag used to indicate grids for ocean and ice are same but with different domain decomposition. Data will be transferred with fms_mpp_redistribute. 
***

name     : ice_ocean_flux_exchange_mod/regrid
tokens   : 31
source   : ice_ocean_flux_exchange_mod
parent   : ice_ocean_flux_exchange_mod
datatype : variable
name     : ice_ocean_flux_exchange_mod/regrid
ichunk   : 0
 regrid  integer, parameter  is a flag used to indicate ice and ocean are on physically different grids. Data will be transferred via the exchange grid 
***

name     : ice_ocean_flux_exchange_mod/slow_ice_ocean_pelist
tokens   : 41
source   : ice_ocean_flux_exchange_mod
parent   : ice_ocean_flux_exchange_mod
datatype : variable
name     : ice_ocean_flux_exchange_mod/slow_ice_ocean_pelist
ichunk   : 0
 slow_ice_ocean_pelist  integer, dimension(:), allocatable  is the Combined MPI pelist of the slow-ice and ocean pes; set during initialization 
***

name     : land_ice_flux_exchange_mod/cplclock
tokens   : 21
source   : land_ice_flux_exchange_mod
parent   : land_ice_flux_exchange_mod
datatype : variable
name     : land_ice_flux_exchange_mod/cplclock
ichunk   : 0
 cplclock  integer  is the clock ID for timing flux_land_to_ice calls. 
***

name     : land_ice_flux_exchange_mod/do_runoff
tokens   : 37
source   : land_ice_flux_exchange_mod
parent   : land_ice_flux_exchange_mod
datatype : variable
name     : land_ice_flux_exchange_mod/do_runoff
ichunk   : 0
 do_runoff  logical  is a flag where if .TRUE., land discharge is transferred to ice. If .FALSE., all runoff/calving fields are zeroed. 
***

name     : land_ice_flux_exchange_mod/dt_cpl
tokens   : 24
source   : land_ice_flux_exchange_mod
parent   : land_ice_flux_exchange_mod
datatype : variable
name     : land_ice_flux_exchange_mod/dt_cpl
ichunk   : 0
 dt_cpl  real  is the coupled (slow) timestep in seconds; used in stock computation. 
***

name     : land_ice_flux_exchange_mod/fluxlandiceclock
tokens   : 23
source   : land_ice_flux_exchange_mod
parent   : land_ice_flux_exchange_mod
datatype : variable
name     : land_ice_flux_exchange_mod/fluxlandiceclock
ichunk   : 0
 fluxlandiceclock  integer  is the clock ID for timing the flux_land_to_ice transfer 
***

name     : land_ice_flux_exchange_mod/n_xgrid_runoff
tokens   : 24
source   : land_ice_flux_exchange_mod
parent   : land_ice_flux_exchange_mod
datatype : variable
name     : land_ice_flux_exchange_mod/n_xgrid_runoff
ichunk   : 0
 n_xgrid_runoff  integer  is the number of exchange grid cells in xmap_runoff. 
***

name     : land_ice_flux_exchange_mod/x2_grid_ice
tokens   : 44
source   : land_ice_flux_exchange_mod
parent   : land_ice_flux_exchange_mod
datatype : variable
name     : land_ice_flux_exchange_mod/x2_grid_ice
ichunk   : 0
 x2_grid_ice  integer  is the ice/ocean index for xmap_runoff; used to identify the destination side when calling fms_xgrid_stock_move. set to 2 
***

name     : land_ice_flux_exchange_mod/x2_grid_lnd
tokens   : 43
source   : land_ice_flux_exchange_mod
parent   : land_ice_flux_exchange_mod
datatype : variable
name     : land_ice_flux_exchange_mod/x2_grid_lnd
ichunk   : 0
 x2_grid_lnd  integer  is the land index for xmap_runoff; used to identify the source side when calling fms_xgrid_stock_move. set to 1 
***

name     : land_ice_flux_exchange_mod/xmap_runoff
tokens   : 34
source   : land_ice_flux_exchange_mod
parent   : land_ice_flux_exchange_mod
datatype : variable
name     : land_ice_flux_exchange_mod/xmap_runoff
ichunk   : 0
 xmap_runoff  type(fmsxgridxmap_type), save  is the exchange grid map between land and ice/ocean. 
***

Total documents: 412
