Collection: FMSCoupler
{'aliases': [],
 'auto_id': True,
 'collection_id': 468826977552564319,
 'collection_name': 'FMSCoupler',
 'consistency_level': 2,
 'created_timestamp': 468826982011371530,
 'description': '',
 'enable_dynamic_field': True,
 'enable_namespace': False,
 'fields': [{'auto_id': True,
             'description': '',
             'field_id': 100,
             'is_primary': True,
             'name': 'id',
             'params': {},
             'type': <DataType.INT64: 5>},
            {'description': '',
             'field_id': 101,
             'name': 'name',
             'params': {'max_length': 65535},
             'type': <DataType.VARCHAR: 21>},
            {'description': '',
             'field_id': 102,
             'name': 'sourcefile',
             'params': {'max_length': 65535},
             'type': <DataType.VARCHAR: 21>},
            {'description': '',
             'field_id': 103,
             'name': 'is_chunked',
             'params': {},
             'type': <DataType.BOOL: 1>},
            {'description': '',
             'field_id': 104,
             'name': 'ichunk',
             'params': {},
             'type': <DataType.INT32: 4>},
            {'description': '',
             'element_type': <DataType.INT32: 4>,
             'field_id': 105,
             'name': 'chunks',
             'params': {'max_capacity': 25},
             'type': <DataType.ARRAY: 22>},
            {'description': '',
             'field_id': 106,
             'name': 'text',
             'params': {'enable_analyzer': 'true',
                        'enable_match': 'true',
                        'max_length': 65535},
             'type': <DataType.VARCHAR: 21>},
            {'description': '',
             'field_id': 107,
             'name': 'dense_vector',
             'params': {'dim': 384},
             'type': <DataType.FLOAT_VECTOR: 101>},
            {'description': '',
             'field_id': 108,
             'is_function_output': True,
             'name': 'sparse_vector',
             'params': {},
             'type': <DataType.SPARSE_FLOAT_VECTOR: 104>}],
 'functions': [{'description': '',
                'id': 100,
                'input_field_ids': [106],
                'input_field_names': ['text'],
                'name': 'text_bm25_emb',
                'output_field_ids': [108],
                'output_field_names': ['sparse_vector'],
                'params': {},
                'type': <FunctionType.BM25: 1>}],
 'num_partitions': 1,
 'num_shards': 1,
 'properties': {'collection.timezone': 'UTC'},
 'update_timestamp': 468826982011371530}
 *** 

ntokens:    95
id: 468826977552564403
name: Module: atm_land_ice_flux_exchange_mod
sourcefile: atm_land_ice_flux_exchange_mod.md
is_chunked: False
ichunk: 1
chunks: [1]
text: Module atm_land_ice_flux_exchange_mod handles flux exchange between atmosphere to land and ice.
ntokens:    127
id: 468826977552564404
name: Module: atm_land_ice_flux_exchange_mod/Module variables/tag
sourcefile: atm_land_ice_flux_exchange_mod.md
is_chunked: False
ichunk: 1
chunks: [1]
text: - name:  tag
- type:  character(len=128) variable
- description:  is a Github tag that is set automatically during compile time
ntokens:    162
id: 468826977552564405
name: Module: atm_land_ice_flux_exchange_mod/Module variables/xmap_sfc
sourcefile: atm_land_ice_flux_exchange_mod.md
is_chunked: False
ichunk: 1
chunks: [1]
text: - name:  xmap_sfc
- type:  type(fmsxgridxmap_type), save variable
- description:  is a FmsXgridXmap_type that holds the exchange grid between different components
ntokens:    105
id: 468826977552564406
name: Module: atm_land_ice_flux_exchange_mod/Module variables/n_xgrid_sfc
sourcefile: atm_land_ice_flux_exchange_mod.md
is_chunked: False
ichunk: 1
chunks: [1]
text: - name:  n_xgrid_sfc
- type:  integer variable
- description:  is the total number of exchange grid cells
ntokens:    146
id: 468826977552564407
name: Module: atm_land_ice_flux_exchange_mod/Module variables/mod_name
sourcefile: atm_land_ice_flux_exchange_mod.md
is_chunked: False
ichunk: 1
chunks: [1]
text: - name:  mod_name
- type:  character(len=4), parameter variable
- description:  is the module name used when registering variable for diag_manager
ntokens:    136
id: 468826977552564408
name: Module: atm_land_ice_flux_exchange_mod/Module variables/id_drag_moist
sourcefile: atm_land_ice_flux_exchange_mod.md
is_chunked: False
ichunk: 1
chunks: [1]
text: - name:  id_drag_moist
- type:  integer variable
- description:  is a diag_manager register field id for 'drag coefficient for moisture'
ntokens:    131
id: 468826977552564409
name: Module: atm_land_ice_flux_exchange_mod/Module variables/id_drag_heat
sourcefile: atm_land_ice_flux_exchange_mod.md
is_chunked: False
ichunk: 1
chunks: [1]
text: - name:  id_drag_heat
- type:  integer variable
- description:  is a diag_manager register field id for 'drag coefficient for heat'
ntokens:    134
id: 468826977552564410
name: Module: atm_land_ice_flux_exchange_mod/Module variables/id_drag_mom
sourcefile: atm_land_ice_flux_exchange_mod.md
is_chunked: False
ichunk: 1
chunks: [1]
text: - name:  id_drag_mom
- type:  integer variable
- description:  is a diag_manager register field id for 'drag coefficient for momentum'
ntokens:    138
id: 468826977552564411
name: Module: atm_land_ice_flux_exchange_mod/Module variables/id_rough_moist
sourcefile: atm_land_ice_flux_exchange_mod.md
is_chunked: False
ichunk: 1
chunks: [1]
text: - name:  id_rough_moist
- type:  integer variable
- description:  is a diag_manager register field id for 'surface roughness for moisture'
ntokens:    133
id: 468826977552564412
name: Module: atm_land_ice_flux_exchange_mod/Module variables/id_rough_heat
sourcefile: atm_land_ice_flux_exchange_mod.md
is_chunked: False
ichunk: 1
chunks: [1]
text: - name:  id_rough_heat
- type:  integer variable
- description:  is a diag_manager register field id for 'surface roughness for heat'
ntokens:    136
id: 468826977552564413
name: Module: atm_land_ice_flux_exchange_mod/Module variables/id_rough_mom
sourcefile: atm_land_ice_flux_exchange_mod.md
is_chunked: False
ichunk: 1
chunks: [1]
text: - name:  id_rough_mom
- type:  integer variable
- description:  is a diag_manager register field id for 'surface roughness for momentum'
ntokens:    134
id: 468826977552564414
name: Module: atm_land_ice_flux_exchange_mod/Module variables/id_land_mask
sourcefile: atm_land_ice_flux_exchange_mod.md
is_chunked: False
ichunk: 1
chunks: [1]
text: - name:  id_land_mask
- type:  integer variable
- description:  is a diag_manager register field id for 'fractional amount of sea ice'
ntokens:    130
id: 468826977552564415
name: Module: atm_land_ice_flux_exchange_mod/Module variables/id_ice_mask
sourcefile: atm_land_ice_flux_exchange_mod.md
is_chunked: False
ichunk: 1
chunks: [1]
text: - name:  id_ice_mask
- type:  integer variable
- description:  is a diag_manager register field id for 'fractional amount of land'
ntokens:    120
id: 468826977552564416
name: Module: atm_land_ice_flux_exchange_mod/Module variables/id_u_star
sourcefile: atm_land_ice_flux_exchange_mod.md
is_chunked: False
ichunk: 1
chunks: [1]
text: - name:  id_u_star
- type:  integer variable
- description:  is a diag_manager register field id for 'friction velocity'
ntokens:    117
id: 468826977552564417
name: Module: atm_land_ice_flux_exchange_mod/Module variables/id_b_star
sourcefile: atm_land_ice_flux_exchange_mod.md
is_chunked: False
ichunk: 1
chunks: [1]
text: - name:  id_b_star
- type:  integer variable
- description:  is a diag_manager register field id for 'bouyancy scale'
ntokens:    117
id: 468826977552564418
name: Module: atm_land_ice_flux_exchange_mod/Module variables/id_q_star
sourcefile: atm_land_ice_flux_exchange_mod.md
is_chunked: False
ichunk: 1
chunks: [1]
text: - name:  id_q_star
- type:  integer variable
- description:  is a diag_manager register field id for 'moisture scale'
ntokens:    120
id: 468826977552564419
name: Module: atm_land_ice_flux_exchange_mod/Module variables/id_u_flux
sourcefile: atm_land_ice_flux_exchange_mod.md
is_chunked: False
ichunk: 1
chunks: [1]
text: - name:  id_u_flux
- type:  integer variable
- description:  is a diag_manager register field id for 'zonal wind stress'
ntokens:    125
id: 468826977552564420
name: Module: atm_land_ice_flux_exchange_mod/Module variables/id_v_flux
sourcefile: atm_land_ice_flux_exchange_mod.md
is_chunked: False
ichunk: 1
chunks: [1]
text: - name:  id_v_flux
- type:  integer variable
- description:  is a diag_manager register field id for 'meridional wind stress'
ntokens:    122
id: 468826977552564421
name: Module: atm_land_ice_flux_exchange_mod/Module variables/id_t_surf
sourcefile: atm_land_ice_flux_exchange_mod.md
is_chunked: False
ichunk: 1
chunks: [1]
text: - name:  id_t_surf
- type:  integer variable
- description:  is a diag_manager register field id for 'surface temperature'
ntokens:    141
id: 468826977552564422
name: Module: atm_land_ice_flux_exchange_mod/Module variables/id_t_ocean
sourcefile: atm_land_ice_flux_exchange_mod.md
is_chunked: False
ichunk: 1
chunks: [1]
text: - name:  id_t_ocean
- type:  integer variable
- description:  is a diag_manager register field id for 'surface temperature from ocean output'
ntokens:    121
id: 468826977552564423
name: Module: atm_land_ice_flux_exchange_mod/Module variables/id_t_flux
sourcefile: atm_land_ice_flux_exchange_mod.md
is_chunked: False
ichunk: 1
chunks: [1]
text: - name:  id_t_flux
- type:  integer variable
- description:  is a diag_manager register field id for 'sensible heat flux'
ntokens:    130
id: 468826977552564424
name: Module: atm_land_ice_flux_exchange_mod/Module variables/id_r_flux
sourcefile: atm_land_ice_flux_exchange_mod.md
is_chunked: False
ichunk: 1
chunks: [1]
text: - name:  id_r_flux
- type:  integer variable
- description:  is a diag_manager register field id for 'net (down-up) longwave flux'
ntokens:    119
id: 468826977552564425
name: Module: atm_land_ice_flux_exchange_mod/Module variables/id_q_flux
sourcefile: atm_land_ice_flux_exchange_mod.md
is_chunked: False
ichunk: 1
chunks: [1]
text: - name:  id_q_flux
- type:  integer variable
- description:  is a diag_manager register field id for 'evaporation rate'
ntokens:    118
id: 468826977552564426
name: Module: atm_land_ice_flux_exchange_mod/Module variables/id_slp
sourcefile: atm_land_ice_flux_exchange_mod.md
is_chunked: False
ichunk: 1
chunks: [1]
text: - name:  id_slp
- type:  integer variable
- description:  is a diag_manager register field id for 'sea level pressure'
ntokens:    141
id: 468826977552564427
name: Module: atm_land_ice_flux_exchange_mod/Module variables/id_t_atm
sourcefile: atm_land_ice_flux_exchange_mod.md
is_chunked: False
ichunk: 1
chunks: [1]
text: - name:  id_t_atm
- type:  integer variable
- description:  is a diag_manager register field id for 'temperature at lowest atmospheric level'
ntokens:    146
id: 468826977552564428
name: Module: atm_land_ice_flux_exchange_mod/Module variables/id_u_atm
sourcefile: atm_land_ice_flux_exchange_mod.md
is_chunked: False
ichunk: 1
chunks: [1]
text: - name:  id_u_atm
- type:  integer variable
- description:  is a diag_manager register field id for 'u wind component at lowest atmospheric level'
ntokens:    146
id: 468826977552564429
name: Module: atm_land_ice_flux_exchange_mod/Module variables/id_v_atm
sourcefile: atm_land_ice_flux_exchange_mod.md
is_chunked: False
ichunk: 1
chunks: [1]
text: - name:  id_v_atm
- type:  integer variable
- description:  is a diag_manager register field id for 'v wind component at lowest atmospheric level'
ntokens:    133
id: 468826977552564430
name: Module: atm_land_ice_flux_exchange_mod/Module variables/id_wind
sourcefile: atm_land_ice_flux_exchange_mod.md
is_chunked: False
ichunk: 1
chunks: [1]
text: - name:  id_wind
- type:  integer variable
- description:  is a diag_manager register field id for 'wind speed for flux calculations'
ntokens:    145
id: 468826977552564431
name: Module: atm_land_ice_flux_exchange_mod/Module variables/id_thv_atm
sourcefile: atm_land_ice_flux_exchange_mod.md
is_chunked: False
ichunk: 1
chunks: [1]
text: - name:  id_thv_atm
- type:  integer variable
- description:  is a diag_manager register field id for 'surface air virtual potential temperature'
ntokens:    142
id: 468826977552564432
name: Module: atm_land_ice_flux_exchange_mod/Module variables/id_thv_surf
sourcefile: atm_land_ice_flux_exchange_mod.md
is_chunked: False
ichunk: 1
chunks: [1]
text: - name:  id_thv_surf
- type:  integer variable
- description:  is a diag_manager register field id for 'surface virtual potential temperature'
ntokens:    127
id: 468826977552564433
name: Module: atm_land_ice_flux_exchange_mod/Module variables/id_t_ref
sourcefile: atm_land_ice_flux_exchange_mod.md
is_chunked: False
ichunk: 1
chunks: [1]
text: - name:  id_t_ref
- type:  integer variable
- description:  is a diag_manager register field id for 'temperature at z_ref_heat'
ntokens:    134
id: 468826977552564434
name: Module: atm_land_ice_flux_exchange_mod/Module variables/id_rh_ref
sourcefile: atm_land_ice_flux_exchange_mod.md
is_chunked: False
ichunk: 1
chunks: [1]
text: - name:  id_rh_ref
- type:  integer variable
- description:  is a diag_manager register field id for 'relative humidity at z_ref_heat'
ntokens:    135
id: 468826977552564435
name: Module: atm_land_ice_flux_exchange_mod/Module variables/id_u_ref
sourcefile: atm_land_ice_flux_exchange_mod.md
is_chunked: False
ichunk: 1
chunks: [1]
text: - name:  id_u_ref
- type:  integer variable
- description:  is a diag_manager register field id for 'zonal wind component at z_ref_mom'
ntokens:    140
id: 468826977552564436
name: Module: atm_land_ice_flux_exchange_mod/Module variables/id_v_ref
sourcefile: atm_land_ice_flux_exchange_mod.md
is_chunked: False
ichunk: 1
chunks: [1]
text: - name:  id_v_ref
- type:  integer variable
- description:  is a diag_manager register field id for 'meridional wind component at z_ref_mom'
ntokens:    140
id: 468826977552564437
name: Module: atm_land_ice_flux_exchange_mod/Module variables/id_wind_ref
sourcefile: atm_land_ice_flux_exchange_mod.md
is_chunked: False
ichunk: 1
chunks: [1]
text: - name:  id_wind_ref
- type:  integer variable
- description:  is a diag_manager register field id for 'absolute value of wind at z_ref_mom'
ntokens:    139
id: 468826977552564438
name: Module: atm_land_ice_flux_exchange_mod/Module variables/id_del_h
sourcefile: atm_land_ice_flux_exchange_mod.md
is_chunked: False
ichunk: 1
chunks: [1]
text: - name:  id_del_h
- type:  integer variable
- description:  is a diag_manager register field id for 'ref height interp factor for for heat'
ntokens:    139
id: 468826977552564439
name: Module: atm_land_ice_flux_exchange_mod/Module variables/id_del_m
sourcefile: atm_land_ice_flux_exchange_mod.md
is_chunked: False
ichunk: 1
chunks: [1]
text: - name:  id_del_m
- type:  integer variable
- description:  is a diag_manager register field id for 'ref height interp factor for momentum'
ntokens:    139
id: 468826977552564440
name: Module: atm_land_ice_flux_exchange_mod/Module variables/id_del_q
sourcefile: atm_land_ice_flux_exchange_mod.md
is_chunked: False
ichunk: 1
chunks: [1]
text: - name:  id_del_q
- type:  integer variable
- description:  is a diag_manager register field id for 'ref height interp factor for moisture'
ntokens:    153
id: 468826977552564441
name: Module: atm_land_ice_flux_exchange_mod/Module variables/id_rough_scale
sourcefile: atm_land_ice_flux_exchange_mod.md
is_chunked: False
ichunk: 1
chunks: [1]
text: - name:  id_rough_scale
- type:  integer variable
- description:  is a diag_manager register field id for 'topographic scaling fractor for momentum drag'
ntokens:    123
id: 468826977552564442
name: Module: atm_land_ice_flux_exchange_mod/Module variables/id_t_ca
sourcefile: atm_land_ice_flux_exchange_mod.md
is_chunked: False
ichunk: 1
chunks: [1]
text: - name:  id_t_ca
- type:  integer variable
- description:  is a diag_manager register field id for 'canopy air temperature'
ntokens:    136
id: 468826977552564443
name: Module: atm_land_ice_flux_exchange_mod/Module variables/id_z_atm
sourcefile: atm_land_ice_flux_exchange_mod.md
is_chunked: False
ichunk: 1
chunks: [1]
text: - name:  id_z_atm
- type:  integer variable
- description:  is a diag_manager register field id for 'height of lowest atmospheric level'
ntokens:    138
id: 468826977552564444
name: Module: atm_land_ice_flux_exchange_mod/Module variables/id_p_atm
sourcefile: atm_land_ice_flux_exchange_mod.md
is_chunked: False
ichunk: 1
chunks: [1]
text: - name:  id_p_atm
- type:  integer variable
- description:  is a diag_manager register field id for 'pressure at lowest atmospheric level'
ntokens:    111
id: 468826977552564445
name: Module: atm_land_ice_flux_exchange_mod/Module variables/id_gust
sourcefile: atm_land_ice_flux_exchange_mod.md
is_chunked: False
ichunk: 1
chunks: [1]
text: - name:  id_gust
- type:  integer variable
- description:  is a diag_manager register field id for 'gust scale'
ntokens:    142
id: 468826977552564446
name: Module: atm_land_ice_flux_exchange_mod/Module variables/id_t_ref_land
sourcefile: atm_land_ice_flux_exchange_mod.md
is_chunked: False
ichunk: 1
chunks: [1]
text: - name:  id_t_ref_land
- type:  integer variable
- description:  is a diag_manager register field id for 'temperature at z_ref_heat over land'
ntokens:    149
id: 468826977552564447
name: Module: atm_land_ice_flux_exchange_mod/Module variables/id_rh_ref_land
sourcefile: atm_land_ice_flux_exchange_mod.md
is_chunked: False
ichunk: 1
chunks: [1]
text: - name:  id_rh_ref_land
- type:  integer variable
- description:  is a diag_manager register field id for 'relative humidity at z_ref_heat over land'
ntokens:    150
id: 468826977552564448
name: Module: atm_land_ice_flux_exchange_mod/Module variables/id_u_ref_land
sourcefile: atm_land_ice_flux_exchange_mod.md
is_chunked: False
ichunk: 1
chunks: [1]
text: - name:  id_u_ref_land
- type:  integer variable
- description:  is a diag_manager register field id for 'zonal wind component at z_ref_mom over land'
ntokens:    155
id: 468826977552564449
name: Module: atm_land_ice_flux_exchange_mod/Module variables/id_v_ref_land
sourcefile: atm_land_ice_flux_exchange_mod.md
is_chunked: False
ichunk: 1
chunks: [1]
text: - name:  id_v_ref_land
- type:  integer variable
- description:  is a diag_manager register field id for 'meridional wind component at z_ref_mom over land'
ntokens:    133
id: 468826977552564450
name: Module: atm_land_ice_flux_exchange_mod/Module variables/id_q_ref
sourcefile: atm_land_ice_flux_exchange_mod.md
is_chunked: False
ichunk: 1
chunks: [1]
text: - name:  id_q_ref
- type:  integer variable
- description:  is a diag_manager register field id for 'specific humidity at z_ref_heat'
ntokens:    148
id: 468826977552564451
name: Module: atm_land_ice_flux_exchange_mod/Module variables/id_q_ref_land
sourcefile: atm_land_ice_flux_exchange_mod.md
is_chunked: False
ichunk: 1
chunks: [1]
text: - name:  id_q_ref_land
- type:  integer variable
- description:  is a diag_manager register field id for 'specific humidity at z_ref_heat over land'
ntokens:    134
id: 468826977552564452
name: Module: atm_land_ice_flux_exchange_mod/Module variables/id_q_flux_land
sourcefile: atm_land_ice_flux_exchange_mod.md
is_chunked: False
ichunk: 1
chunks: [1]
text: - name:  id_q_flux_land
- type:  integer variable
- description:  is a diag_manager register field id for 'evaporation rate over land'
ntokens:    139
id: 468826977552564453
name: Module: atm_land_ice_flux_exchange_mod/Module variables/id_rh_ref_cmip
sourcefile: atm_land_ice_flux_exchange_mod.md
is_chunked: False
ichunk: 1
chunks: [1]
text: - name:  id_rh_ref_cmip
- type:  integer variable
- description:  is a diag_manager register field id for 'relative humidity at z_ref_heat'
ntokens:    156
id: 468826977552564454
name: Module: atm_land_ice_flux_exchange_mod/Module variables/id_husslut_land
sourcefile: atm_land_ice_flux_exchange_mod.md
is_chunked: False
ichunk: 1
chunks: [1]
text: - name:  id_husslut_land
- type:  integer variable
- description:  is a diag_manager register field id for 'near-surface specific humidity on land use tile'
ntokens:    192
id: 468826977552564455
name: Module: atm_land_ice_flux_exchange_mod/Module variables/id_taslut_land
sourcefile: atm_land_ice_flux_exchange_mod.md
is_chunked: False
ichunk: 1
chunks: [1]
text: - name:  id_taslut_land
- type:  integer variable
- description:  is a diag_manager register field id for 'near-surface air temperature a z_ref_heat above displacement height on land-use tile'
ntokens:    136
id: 468826977552564456
name: Module: atm_land_ice_flux_exchange_mod/Module variables/id_t_flux_land
sourcefile: atm_land_ice_flux_exchange_mod.md
is_chunked: False
ichunk: 1
chunks: [1]
text: - name:  id_t_flux_land
- type:  integer variable
- description:  is a diag_manager register field id for 'sensible heat flux over land'
ntokens:    164
id: 468826977552564457
name: Module: atm_land_ice_flux_exchange_mod/Module variables/id_co2_atm_dvmr
sourcefile: atm_land_ice_flux_exchange_mod.md
is_chunked: False
ichunk: 1
chunks: [1]
text: - name:  id_co2_atm_dvmr
- type:  integer variable
- description:  is a diag_manager register field id for 'co2 dry volume mixing ratio at lowest atmospheric level'
ntokens:    148
id: 468826977552564458
name: Module: atm_land_ice_flux_exchange_mod/Module variables/id_co2_surf_dvmr
sourcefile: atm_land_ice_flux_exchange_mod.md
is_chunked: False
ichunk: 1
chunks: [1]
text: - name:  id_co2_surf_dvmr
- type:  integer variable
- description:  is a diag_manager register field id for 'c02 dry volume mixing ratio at surface'
ntokens:    160
id: 468826977552564459
name: Module: atm_land_ice_flux_exchange_mod/Module variables/id_co2_bot
sourcefile: atm_land_ice_flux_exchange_mod.md
is_chunked: False
ichunk: 1
chunks: [1]
text: - name:  id_co2_bot
- type:  integer variable
- description:  is a diag_manager register field id for 'concentration of co2 to be passed to land/photosynthesis'
ntokens:    157
id: 468826977552564460
name: Module: atm_land_ice_flux_exchange_mod/Module variables/id_co2_flux_pcair_atm
sourcefile: atm_land_ice_flux_exchange_mod.md
is_chunked: False
ichunk: 1
chunks: [1]
text: - name:  id_co2_flux_pcair_atm
- type:  integer variable
- description:  is a diag_manager register field id for 'concentration of co2 to be passed to ocean'
ntokens:    155
id: 468826977552564461
name: Module: atm_land_ice_flux_exchange_mod/Module variables/id_o2_flux_pcair_atm
sourcefile: atm_land_ice_flux_exchange_mod.md
is_chunked: False
ichunk: 1
chunks: [1]
text: - name:  id_o2_flux_pcair_atm
- type:  integer variable
- description:  is a diag_manager register field id for 'concentration of o2 to be passed to ocean'
ntokens:    176
id: 468826977552564462
name: Module: atm_land_ice_flux_exchange_mod/Module variables/id_tr_atm
sourcefile: atm_land_ice_flux_exchange_mod.md
is_chunked: False
ichunk: 1
chunks: [1]
text: - name:  id_tr_atm
- type:  integer, dimension(:), allocatable variable
- description:  is an array of diag_manager register field ids for 'tracers at lowest atmospheric level'
ntokens:    160
id: 468826977552564463
name: Module: atm_land_ice_flux_exchange_mod/Module variables/id_tr_surf
sourcefile: atm_land_ice_flux_exchange_mod.md
is_chunked: False
ichunk: 1
chunks: [1]
text: - name:  id_tr_surf
- type:  integer, dimension(:), allocatable variable
- description:  is an array of diag_manager register field ids for 'tracers at surface'
ntokens:    156
id: 468826977552564464
name: Module: atm_land_ice_flux_exchange_mod/Module variables/id_tr_flux
sourcefile: atm_land_ice_flux_exchange_mod.md
is_chunked: False
ichunk: 1
chunks: [1]
text: - name:  id_tr_flux
- type:  integer, dimension(:), allocatable variable
- description:  is an array of diag_manager register field ids for 'tracers fluxes'
ntokens:    185
id: 468826977552564465
name: Module: atm_land_ice_flux_exchange_mod/Module variables/id_tr_mol_flux
sourcefile: atm_land_ice_flux_exchange_mod.md
is_chunked: False
ichunk: 1
chunks: [1]
text: - name:  id_tr_mol_flux
- type:  integer, dimension(:), allocatable variable
- description:  is an array of diag_manager register field ids for 'flux of co2 concentration in [mol/m2*s]'
ntokens:    162
id: 468826977552564466
name: Module: atm_land_ice_flux_exchange_mod/Module variables/id_tr_ref
sourcefile: atm_land_ice_flux_exchange_mod.md
is_chunked: False
ichunk: 1
chunks: [1]
text: - name:  id_tr_ref
- type:  integer, dimension(:), allocatable variable
- description:  is an array of diag_manager register field ids for 'tracers at z_ref_heat'
ntokens:    181
id: 468826977552564467
name: Module: atm_land_ice_flux_exchange_mod/Module variables/id_tr_ref_land
sourcefile: atm_land_ice_flux_exchange_mod.md
is_chunked: False
ichunk: 1
chunks: [1]
text: - name:  id_tr_ref_land
- type:  integer, dimension(:), allocatable variable
- description:  is an array of diag_manager register field ids for 'tracer flux at z_ref_heat over land'
ntokens:    205
id: 468826977552564468
name: Module: atm_land_ice_flux_exchange_mod/Module variables/id_tr_mol_flux0
sourcefile: atm_land_ice_flux_exchange_mod.md
is_chunked: False
ichunk: 1
chunks: [1]
text: - name:  id_tr_mol_flux0
- type:  integer, dimension(:), allocatable variable
- description:  is an array of diag_manager register field ids for 'gross flux of tracer concentration over land in [mol/m2*s]'
ntokens:    198
id: 468826977552564469
name: Module: atm_land_ice_flux_exchange_mod/Module variables/id_tr_flux_land
sourcefile: atm_land_ice_flux_exchange_mod.md
is_chunked: False
ichunk: 1
chunks: [1]
text: - name:  id_tr_flux_land
- type:  integer, dimension(:), allocatable variable
- description:  is an array of diag_manager register field ids for 'flux of tracer concentration over land in [kg/m2*s]'
ntokens:    203
id: 468826977552564470
name: Module: atm_land_ice_flux_exchange_mod/Module variables/id_tr_mol_flux_land
sourcefile: atm_land_ice_flux_exchange_mod.md
is_chunked: False
ichunk: 1
chunks: [1]
text: - name:  id_tr_mol_flux_land
- type:  integer, dimension(:), allocatable variable
- description:  is an array of diag_manager register field ids for 'flux of tracer concentration over land in [mol/m2*s]'
ntokens:    267
id: 468826977552564471
name: Module: atm_land_ice_flux_exchange_mod/Module variables/id_tr_con_atm_land
sourcefile: atm_land_ice_flux_exchange_mod.md
is_chunked: False
ichunk: 1
chunks: [1]
text: - name:  id_tr_con_atm_land
- type:  integer, dimension(:), allocatable variable
- description:  is an array of diag_manager register field ids for 'deposition velocity at lowest atmospheric level over land' Used only when USE_LEGACY_LAND macro is set at compile time
ntokens:    198
id: 468826977552564472
name: Module: atm_land_ice_flux_exchange_mod/Module variables/id_tr_con_ref_land
sourcefile: atm_land_ice_flux_exchange_mod.md
is_chunked: False
ichunk: 1
chunks: [1]
text: - name:  id_tr_con_ref_land
- type:  integer, dimension(:), allocatable variable
- description:  is an array of diag_manager register field id for 'deposition velocity at reference height over land'
ntokens:    259
id: 468826977552564473
name: Module: atm_land_ice_flux_exchange_mod/Module variables/id_tr_con_atm
sourcefile: atm_land_ice_flux_exchange_mod.md
is_chunked: False
ichunk: 1
chunks: [1]
text: - name:  id_tr_con_atm
- type:  integer, dimension(:), allocatable variable
- description:  is an array of diag_manager register field ids for 'deposition velocity at lowest atmospheric level (atm)'. Used only when USE_LEGACY_LAND macro is set at compile time
ntokens:    190
id: 468826977552564474
name: Module: atm_land_ice_flux_exchange_mod/Module variables/id_tr_con_ref
sourcefile: atm_land_ice_flux_exchange_mod.md
is_chunked: False
ichunk: 1
chunks: [1]
text: - name:  id_tr_con_ref
- type:  integer, dimension(:), allocatable variable
- description:  is an array of diag_manager register field ids for 'deposition velocity at reference height (atm)'
ntokens:    135
id: 468826977552564475
name: Module: atm_land_ice_flux_exchange_mod/Module variables/id_tas
sourcefile: atm_land_ice_flux_exchange_mod.md
is_chunked: False
ichunk: 1
chunks: [1]
text: - name:  id_tas
- type:  integer variable
- description:  is a diag_manager register field id for 'near-surface air temperature' (cmip)
ntokens:    133
id: 468826977552564476
name: Module: atm_land_ice_flux_exchange_mod/Module variables/id_uas
sourcefile: atm_land_ice_flux_exchange_mod.md
is_chunked: False
ichunk: 1
chunks: [1]
text: - name:  id_uas
- type:  integer variable
- description:  is a diag_manager register field id for 'eastward near-surface wind' (cmip)
ntokens:    134
id: 468826977552564477
name: Module: atm_land_ice_flux_exchange_mod/Module variables/id_vas
sourcefile: atm_land_ice_flux_exchange_mod.md
is_chunked: False
ichunk: 1
chunks: [1]
text: - name:  id_vas
- type:  integer variable
- description:  is a diag_manager register field id for 'northward near-surface wind' (cmip)
ntokens:    125
id: 468826977552564478
name: Module: atm_land_ice_flux_exchange_mod/Module variables/id_ts
sourcefile: atm_land_ice_flux_exchange_mod.md
is_chunked: False
ichunk: 1
chunks: [1]
text: - name:  id_ts
- type:  integer variable
- description:  is a diag_manager register field id for 'surface temperature' (cmip)
ntokens:    132
id: 468826977552564479
name: Module: atm_land_ice_flux_exchange_mod/Module variables/id_psl
sourcefile: atm_land_ice_flux_exchange_mod.md
is_chunked: False
ichunk: 1
chunks: [1]
text: - name:  id_psl
- type:  integer variable
- description:  is a diag_manager register field id for 'air pressure at sea level' (cmip)
ntokens:    134
id: 468826977552564480
name: Module: atm_land_ice_flux_exchange_mod/Module variables/id_sfcwind
sourcefile: atm_land_ice_flux_exchange_mod.md
is_chunked: False
ichunk: 1
chunks: [1]
text: - name:  id_sfcwind
- type:  integer variable
- description:  is a diag_manager register field id for 'near-surface wind speed' (cmip)
ntokens:    145
id: 468826977552564481
name: Module: atm_land_ice_flux_exchange_mod/Module variables/id_tauu
sourcefile: atm_land_ice_flux_exchange_mod.md
is_chunked: False
ichunk: 1
chunks: [1]
text: - name:  id_tauu
- type:  integer variable
- description:  is a diag_manager register field id for 'surface downward eastward wind stress' (cmip)
ntokens:    146
id: 468826977552564482
name: Module: atm_land_ice_flux_exchange_mod/Module variables/id_tauv
sourcefile: atm_land_ice_flux_exchange_mod.md
is_chunked: False
ichunk: 1
chunks: [1]
text: - name:  id_tauv
- type:  integer variable
- description:  is a diag_manager register field id for 'surface downward northward wind stress' (cmip)
ntokens:    137
id: 468826977552564483
name: Module: atm_land_ice_flux_exchange_mod/Module variables/id_hurs
sourcefile: atm_land_ice_flux_exchange_mod.md
is_chunked: False
ichunk: 1
chunks: [1]
text: - name:  id_hurs
- type:  integer variable
- description:  is a diag_manager register field id for 'near-surface relative humidty' (cmip)
ntokens:    138
id: 468826977552564484
name: Module: atm_land_ice_flux_exchange_mod/Module variables/id_huss
sourcefile: atm_land_ice_flux_exchange_mod.md
is_chunked: False
ichunk: 1
chunks: [1]
text: - name:  id_huss
- type:  integer variable
- description:  is a diag_manager register field id for 'near-surface specific humidity' (cmip)
ntokens:    133
id: 468826977552564485
name: Module: atm_land_ice_flux_exchange_mod/Module variables/id_evspsbl
sourcefile: atm_land_ice_flux_exchange_mod.md
is_chunked: False
ichunk: 1
chunks: [1]
text: - name:  id_evspsbl
- type:  integer variable
- description:  is a diag_manager register field id for 'water evaporation flux' (cmip)
ntokens:    139
id: 468826977552564486
name: Module: atm_land_ice_flux_exchange_mod/Module variables/id_hfls
sourcefile: atm_land_ice_flux_exchange_mod.md
is_chunked: False
ichunk: 1
chunks: [1]
text: - name:  id_hfls
- type:  integer variable
- description:  is a diag_manager register field id for 'surface upward latent heat flux' (cmip)
ntokens:    141
id: 468826977552564487
name: Module: atm_land_ice_flux_exchange_mod/Module variables/id_hfss
sourcefile: atm_land_ice_flux_exchange_mod.md
is_chunked: False
ichunk: 1
chunks: [1]
text: - name:  id_hfss
- type:  integer variable
- description:  is a diag_manager register field id for 'surface upward sensible heat flux' (cmip)
ntokens:    136
id: 468826977552564488
name: Module: atm_land_ice_flux_exchange_mod/Module variables/id_rhs
sourcefile: atm_land_ice_flux_exchange_mod.md
is_chunked: False
ichunk: 1
chunks: [1]
text: - name:  id_rhs
- type:  integer variable
- description:  is a diag_manager register field id for 'near-surface relative humidty' (cmip)
ntokens:    151
id: 468826977552564489
name: Module: atm_land_ice_flux_exchange_mod/Module variables/id_sftlf
sourcefile: atm_land_ice_flux_exchange_mod.md
is_chunked: False
ichunk: 1
chunks: [1]
text: - name:  id_sftlf
- type:  integer variable
- description:  is a diag_manager register field id for 'fraction of the grid cell occupied by land' (cmip)
ntokens:    130
id: 468826977552564490
name: Module: atm_land_ice_flux_exchange_mod/Module variables/id_tos
sourcefile: atm_land_ice_flux_exchange_mod.md
is_chunked: False
ichunk: 1
chunks: [1]
text: - name:  id_tos
- type:  integer variable
- description:  is a diag_manager register field id for 'sea surface temperature' (cmip)
ntokens:    128
id: 468826977552564491
name: Module: atm_land_ice_flux_exchange_mod/Module variables/id_sic
sourcefile: atm_land_ice_flux_exchange_mod.md
is_chunked: False
ichunk: 1
chunks: [1]
text: - name:  id_sic
- type:  integer variable
- description:  is a diag_manager register field id for 'sea ice area fraction' (cmip)
ntokens:    147
id: 468826977552564492
name: Module: atm_land_ice_flux_exchange_mod/Module variables/id_tslsi
sourcefile: atm_land_ice_flux_exchange_mod.md
is_chunked: False
ichunk: 1
chunks: [1]
text: - name:  id_tslsi
- type:  integer variable
- description:  is a diag_manager register field id for 'surface temperature on land or sea ice' (cmip)
ntokens:    131
id: 468826977552564493
name: Module: atm_land_ice_flux_exchange_mod/Module variables/id_height2m
sourcefile: atm_land_ice_flux_exchange_mod.md
is_chunked: False
ichunk: 1
chunks: [1]
text: - name:  id_height2m
- type:  integer variable
- description:  is a diag_manager register field id for 'near surface height' (cmip)
ntokens:    132
id: 468826977552564494
name: Module: atm_land_ice_flux_exchange_mod/Module variables/id_height10m
sourcefile: atm_land_ice_flux_exchange_mod.md
is_chunked: False
ichunk: 1
chunks: [1]
text: - name:  id_height10m
- type:  integer variable
- description:  is a diag_manager register field id for 'near surface height' (cmip)
ntokens:    147
id: 468826977552564495
name: Module: atm_land_ice_flux_exchange_mod/Module variables/id_evspsbl_g
sourcefile: atm_land_ice_flux_exchange_mod.md
is_chunked: False
ichunk: 1
chunks: [1]
text: - name:  id_evspsbl_g
- type:  integer variable
- description:  is a diag_manager register field id for 'global integral of water evaporation flux'
ntokens:    139
id: 468826977552564496
name: Module: atm_land_ice_flux_exchange_mod/Module variables/id_ts_g
sourcefile: atm_land_ice_flux_exchange_mod.md
is_chunked: False
ichunk: 1
chunks: [1]
text: - name:  id_ts_g
- type:  integer variable
- description:  is a diag_manager register field id for 'global integral of surface temperature'
ntokens:    149
id: 468826977552564497
name: Module: atm_land_ice_flux_exchange_mod/Module variables/id_tas_g
sourcefile: atm_land_ice_flux_exchange_mod.md
is_chunked: False
ichunk: 1
chunks: [1]
text: - name:  id_tas_g
- type:  integer variable
- description:  is a diag_manager register field id for 'global integral of near-surface air temperature'
ntokens:    158
id: 468826977552564498
name: Module: atm_land_ice_flux_exchange_mod/Module variables/id_tasl_g
sourcefile: atm_land_ice_flux_exchange_mod.md
is_chunked: False
ichunk: 1
chunks: [1]
text: - name:  id_tasl_g
- type:  integer variable
- description:  is a diag_manager register field id for 'global integral of near-surface air temperature on land'
ntokens:    155
id: 468826977552564499
name: Module: atm_land_ice_flux_exchange_mod/Module variables/id_hfss_g
sourcefile: atm_land_ice_flux_exchange_mod.md
is_chunked: False
ichunk: 1
chunks: [1]
text: - name:  id_hfss_g
- type:  integer variable
- description:  is a diag_manager register field id for 'global integral of surface upward sensible heat flux'
ntokens:    153
id: 468826977552564500
name: Module: atm_land_ice_flux_exchange_mod/Module variables/id_hfls_g
sourcefile: atm_land_ice_flux_exchange_mod.md
is_chunked: False
ichunk: 1
chunks: [1]
text: - name:  id_hfls_g
- type:  integer variable
- description:  is a diag_manager register field id for 'global integral of surface upward latent heat flux'
ntokens:    150
id: 468826977552564501
name: Module: atm_land_ice_flux_exchange_mod/Module variables/id_rls_g
sourcefile: atm_land_ice_flux_exchange_mod.md
is_chunked: False
ichunk: 1
chunks: [1]
text: - name:  id_rls_g
- type:  integer variable
- description:  is a diag_manager register field id for 'global integral of near-surface relative humidty'
ntokens:    189
id: 468826977552564502
name: Module: atm_land_ice_flux_exchange_mod/Module variables/first_static
sourcefile: atm_land_ice_flux_exchange_mod.md
is_chunked: False
ichunk: 1
chunks: [1]
text: - name:  first_static
- type:  logical variable
- description:  is a flag where if true, land_mask, sftlf, height2m, and height10m are saved once per file at first call to sf_boundary_layer
ntokens:    133
id: 468826977552564503
name: Module: atm_land_ice_flux_exchange_mod/Module variables/do_init
sourcefile: atm_land_ice_flux_exchange_mod.md
is_chunked: False
ichunk: 1
chunks: [1]
text: - name:  do_init
- type:  logical variable
- description:  is a flag where if true, if atm_land_ice_flux_exchnge_init has been called
ntokens:    155
id: 468826977552564504
name: Module: atm_land_ice_flux_exchange_mod/Module variables/remap_method
sourcefile: atm_land_ice_flux_exchange_mod.md
is_chunked: False
ichunk: 1
chunks: [1]
text: - name:  remap_method
- type:  integer variable
- description:  is a flag value to indicate first or second order conservative remapping onto exchange grid
ntokens:    88
id: 468826977552564505
name: Module: atm_land_ice_flux_exchange_mod/Module variables/d622
sourcefile: atm_land_ice_flux_exchange_mod.md
is_chunked: False
ichunk: 1
chunks: [1]
text: - name:  d622
- type:  real, parameter variable
- description:  is the value rdgas/rvgas
ntokens:    85
id: 468826977552564506
name: Module: atm_land_ice_flux_exchange_mod/Module variables/d378
sourcefile: atm_land_ice_flux_exchange_mod.md
is_chunked: False
ichunk: 1
chunks: [1]
text: - name:  d378
- type:  real, parameter variable
- description:  is the value 1.0-d622
ntokens:    86
id: 468826977552564507
name: Module: atm_land_ice_flux_exchange_mod/Module variables/d608
sourcefile: atm_land_ice_flux_exchange_mod.md
is_chunked: False
ichunk: 1
chunks: [1]
text: - name:  d608
- type:  real, parameter variable
- description:  is the value d378/d622
ntokens:    110
id: 468826977552564508
name: Module: atm_land_ice_flux_exchange_mod/Module variables/tfreeze
sourcefile: atm_land_ice_flux_exchange_mod.md
is_chunked: False
ichunk: 1
chunks: [1]
text: - name:  tfreeze
- type:  real, parameter variable
- description:  is the freezing point of water at 1 atm [K]
ntokens:    143
id: 468826977552564509
name: Module: atm_land_ice_flux_exchange_mod/Module variables/frac_precip
sourcefile: atm_land_ice_flux_exchange_mod.md
is_chunked: False
ichunk: 1
chunks: [1]
text: - name:  frac_precip
- type:  real, dimension(:,:), allocatable variable
- description:  is an array holding the scale values for precipitation
ntokens:    171
id: 468826977552564510
name: Module: atm_land_ice_flux_exchange_mod/Module variables/z_ref_heat
sourcefile: atm_land_ice_flux_exchange_mod.md
is_chunked: False
ichunk: 1
chunks: [1]
text: - name:  z_ref_heat
- type:  real variable
- description:  is the reference height (meters) for temperature and relative humidity diagnostics (t_ref, rh_ref, del_h, del_q)
ntokens:    137
id: 468826977552564511
name: Module: atm_land_ice_flux_exchange_mod/Module variables/z_ref_mom
sourcefile: atm_land_ice_flux_exchange_mod.md
is_chunked: False
ichunk: 1
chunks: [1]
text: - name:  z_ref_mom
- type:  real variable
- description:  is the reference height (meters) for momentum diagnostics (u_ref, v_ref, del_m)
ntokens:    82
id: 468826977552564512
name: Module: atm_land_ice_flux_exchange_mod/Module variables/do_area_weighted_flux
sourcefile: atm_land_ice_flux_exchange_mod.md
is_chunked: False
ichunk: 1
chunks: [1]
text: - name:  do_area_weighted_flux
- type:  logical variable
- description:  is a flag
ntokens:    72
id: 468826977552564513
name: Module: atm_land_ice_flux_exchange_mod/Module variables/do_forecast
sourcefile: atm_land_ice_flux_exchange_mod.md
is_chunked: False
ichunk: 1
chunks: [1]
text: - name:  do_forecast
- type:  logical variable
- description:  is a flag
ntokens:    150
id: 468826977552564514
name: Module: atm_land_ice_flux_exchange_mod/Module variables/nblocks
sourcefile: atm_land_ice_flux_exchange_mod.md
is_chunked: False
ichunk: 1
chunks: [1]
text: - name:  nblocks
- type:  integer variable
- description:  is the OpenMP number of thread. Do loops on the exchange grid are parallelized into nblocks
ntokens:    237
id: 468826977552564515
name: Module: atm_land_ice_flux_exchange_mod/Module variables/partition_fprec_from_lprec
sourcefile: atm_land_ice_flux_exchange_mod.md
is_chunked: False
ichunk: 1
chunks: [1]
text: - name:  partition_fprec_from_lprec
- type:  logical variable
- description:  is a flag where if true, liquid precip is converted to snow when t_ref < tfreeze. Used for atm override experiments where liquid and frozen precip are combined
ntokens:    124
id: 468826977552564516
name: Module: atm_land_ice_flux_exchange_mod/Module variables/scale_precip_2d
sourcefile: atm_land_ice_flux_exchange_mod.md
is_chunked: False
ichunk: 1
chunks: [1]
text: - name:  scale_precip_2d
- type:  logical variable
- description:  is a flag where if true, scale mass of liqud preciptation
ntokens:    126
id: 468826977552564517
name: Module: atm_land_ice_flux_exchange_mod/Module variables/my_nblocks
sourcefile: atm_land_ice_flux_exchange_mod.md
is_chunked: False
ichunk: 1
chunks: [1]
text: - name:  my_nblocks
- type:  integer variable
- description:  is the number of blocks in OpenMP parallelization, defaults to 1
ntokens:    139
id: 468826977552564518
name: Module: atm_land_ice_flux_exchange_mod/Module variables/block_start
sourcefile: atm_land_ice_flux_exchange_mod.md
is_chunked: False
ichunk: 1
chunks: [1]
text: - name:  block_start
- type:  integer, dimension(:), allocatable variable
- description:  is the starting do loop indices for OpenMP thread
ntokens:    135
id: 468826977552564519
name: Module: atm_land_ice_flux_exchange_mod/Module variables/block_end
sourcefile: atm_land_ice_flux_exchange_mod.md
is_chunked: False
ichunk: 1
chunks: [1]
text: - name:  block_end
- type:  integer, dimension(:), allocatable variable
- description:  is the ending do loop indices for OpenMP thread
ntokens:    217
id: 468826977552564520
name: Module: atm_land_ice_flux_exchange_mod/Module variables/ex_t_surf
sourcefile: atm_land_ice_flux_exchange_mod.md
is_chunked: False
ichunk: 1
chunks: [1]
text: - name:  ex_t_surf
- type:  real, dimension(:), allocatable variable
- description:  is the surface temperature for radiation calc on exchange grid [K]. Note, T canopy is only different from t_surf over vegetated land
ntokens:    250
id: 468826977552564521
name: Module: atm_land_ice_flux_exchange_mod/Module variables/ex_t_surf_miz
sourcefile: atm_land_ice_flux_exchange_mod.md
is_chunked: False
ichunk: 1
chunks: [1]
text: - name:  ex_t_surf_miz
- type:  real, dimension(:), allocatable variable
- description:  is the surface temperature in the marginal ice zone (MIZ) on the exchange grid [K]; Used in forecast mode (do_forecast=.true.) when #ifdef AM3_physics is defined
ntokens:    148
id: 468826977552564522
name: Module: atm_land_ice_flux_exchange_mod/Module variables/ex_t_ca
sourcefile: atm_land_ice_flux_exchange_mod.md
is_chunked: False
ichunk: 1
chunks: [1]
text: - name:  ex_t_ca
- type:  real, dimension(:), allocatable variable
- description:  is the near-surface (canopy) air temperature on exchange grid [K]
ntokens:    146
id: 468826977552564523
name: Module: atm_land_ice_flux_exchange_mod/Module variables/ex_p_surf
sourcefile: atm_land_ice_flux_exchange_mod.md
is_chunked: False
ichunk: 1
chunks: [1]
text: - name:  ex_p_surf
- type:  real, dimension(:), allocatable variable
- description:  is the surface pressure on exchange grid on the exchange grid
ntokens:    122
id: 468826977552564524
name: Module: atm_land_ice_flux_exchange_mod/Module variables/ex_slp
sourcefile: atm_land_ice_flux_exchange_mod.md
is_chunked: False
ichunk: 1
chunks: [1]
text: - name:  ex_slp
- type:  real, dimension(:), allocatable variable
- description:  is the surface pressure on exchange grid
ntokens:    127
id: 468826977552564525
name: Module: atm_land_ice_flux_exchange_mod/Module variables/ex_flux_t
sourcefile: atm_land_ice_flux_exchange_mod.md
is_chunked: False
ichunk: 1
chunks: [1]
text: - name:  ex_flux_t
- type:  real, dimension(:), allocatable variable
- description:  is the sens heat flux on the exchange grid
ntokens:    137
id: 468826977552564526
name: Module: atm_land_ice_flux_exchange_mod/Module variables/ex_flux_lw
sourcefile: atm_land_ice_flux_exchange_mod.md
is_chunked: False
ichunk: 1
chunks: [1]
text: - name:  ex_flux_lw
- type:  real, dimension(:), allocatable variable
- description:  is the longwave radiation flux on the exchange grid
ntokens:    141
id: 468826977552564527
name: Module: atm_land_ice_flux_exchange_mod/Module variables/ex_dhdt_surf
sourcefile: atm_land_ice_flux_exchange_mod.md
is_chunked: False
ichunk: 1
chunks: [1]
text: - name:  ex_dhdt_surf
- type:  real, dimension(:), allocatable variable
- description:  is d(sens.heat.flux)/d(T canopy) on the exchange grid
ntokens:    141
id: 468826977552564528
name: Module: atm_land_ice_flux_exchange_mod/Module variables/ex_dedt_surf
sourcefile: atm_land_ice_flux_exchange_mod.md
is_chunked: False
ichunk: 1
chunks: [1]
text: - name:  ex_dedt_surf
- type:  real, dimension(:), allocatable variable
- description:  is d(water.vap.flux)/d(T canopy) on the exchange grid
ntokens:    148
id: 468826977552564529
name: Module: atm_land_ice_flux_exchange_mod/Module variables/ex_dqsatdt_surf
sourcefile: atm_land_ice_flux_exchange_mod.md
is_chunked: False
ichunk: 1
chunks: [1]
text: - name:  ex_dqsatdt_surf
- type:  real, dimension(:), allocatable variable
- description:  is the d(water.vap.flux)/d(q canopy) on the exchange grid
ntokens:    136
id: 468826977552564530
name: Module: atm_land_ice_flux_exchange_mod/Module variables/ex_e_q_n
sourcefile: atm_land_ice_flux_exchange_mod.md
is_chunked: False
ichunk: 1
chunks: [1]
text: - name:  ex_e_q_n
- type:  real, dimension(:), allocatable variable
- description:  is dt/mass * dedet_surf * gamma on the exchange grid
ntokens:    132
id: 468826977552564531
name: Module: atm_land_ice_flux_exchange_mod/Module variables/ex_drdt_surf
sourcefile: atm_land_ice_flux_exchange_mod.md
is_chunked: False
ichunk: 1
chunks: [1]
text: - name:  ex_drdt_surf
- type:  real, dimension(:), allocatable variable
- description:  is d(LW flux)/d(T surf) on the exchange grid
ntokens:    137
id: 468826977552564532
name: Module: atm_land_ice_flux_exchange_mod/Module variables/ex_dhdt_atm
sourcefile: atm_land_ice_flux_exchange_mod.md
is_chunked: False
ichunk: 1
chunks: [1]
text: - name:  ex_dhdt_atm
- type:  real, dimension(:), allocatable variable
- description:  is d(sens.heat.flux)/d(T atm) on the exchange grid
ntokens:    135
id: 468826977552564533
name: Module: atm_land_ice_flux_exchange_mod/Module variables/ex_flux_u
sourcefile: atm_land_ice_flux_exchange_mod.md
is_chunked: False
ichunk: 1
chunks: [1]
text: - name:  ex_flux_u
- type:  real, dimension(:), allocatable variable
- description:  is the u stress on atmosphere on the exchange grid
ntokens:    135
id: 468826977552564534
name: Module: atm_land_ice_flux_exchange_mod/Module variables/ex_flux_v
sourcefile: atm_land_ice_flux_exchange_mod.md
is_chunked: False
ichunk: 1
chunks: [1]
text: - name:  ex_flux_v
- type:  real, dimension(:), allocatable variable
- description:  is the v stress on atmosphere on the exchange grid
ntokens:    127
id: 468826977552564535
name: Module: atm_land_ice_flux_exchange_mod/Module variables/ex_dtaudu_atm
sourcefile: atm_land_ice_flux_exchange_mod.md
is_chunked: False
ichunk: 1
chunks: [1]
text: - name:  ex_dtaudu_atm
- type:  real, dimension(:), allocatable variable
- description:  is d(stress)/d(u) on the exchange grid
ntokens:    127
id: 468826977552564536
name: Module: atm_land_ice_flux_exchange_mod/Module variables/ex_dtaudv_atm
sourcefile: atm_land_ice_flux_exchange_mod.md
is_chunked: False
ichunk: 1
chunks: [1]
text: - name:  ex_dtaudv_atm
- type:  real, dimension(:), allocatable variable
- description:  is d(stress)/d(v) on the exchange grid
ntokens:    449
id: 468826977552564537
name: Module: atm_land_ice_flux_exchange_mod/Module variables/ex_seawater
sourcefile: atm_land_ice_flux_exchange_mod.md
is_chunked: False
ichunk: 1
chunks: [1]
text: - name:  ex_seawater
- type:  real, dimension(:), allocatable variable
- description:  is a mask array of seaice fractions on the exchange grid. Takes value of 1 when there is any open water in the OCN grid cell. Takes value of 0 when there is no open water in the OCN grid cell (i.e, totally covered with ice or land). Note, ex_seawater should not be mistaken with ex_avail where ex_avail is 1 for all OCN grid cells regardless of sea-ice coverage.
ntokens:    274
id: 468826977552564538
name: Module: atm_land_ice_flux_exchange_mod/Module variables/ex_albedo_vis_dir_fix
sourcefile: atm_land_ice_flux_exchange_mod.md
is_chunked: False
ichunk: 1
chunks: [1]
text: - name:  ex_albedo_vis_dir_fix
- type:  real, dimension(:), allocatable variable
- description:  is the fixed (overridden) direct visible-band surface albedo on the exchange grid [dimensionless]; used to apply data_override corrections to the albedo before flux calculations
ntokens:    195
id: 468826977552564539
name: Module: atm_land_ice_flux_exchange_mod/Module variables/ex_albedo_nir_dir_fix
sourcefile: atm_land_ice_flux_exchange_mod.md
is_chunked: False
ichunk: 1
chunks: [1]
text: - name:  ex_albedo_nir_dir_fix
- type:  real, dimension(:), allocatable variable
- description:  is the fixed (overridden) direct near-infrared surface albedo on the exchange grid [dimensionless]
ntokens:    195
id: 468826977552564540
name: Module: atm_land_ice_flux_exchange_mod/Module variables/ex_albedo_vis_dif_fix
sourcefile: atm_land_ice_flux_exchange_mod.md
is_chunked: False
ichunk: 1
chunks: [1]
text: - name:  ex_albedo_vis_dif_fix
- type:  real, dimension(:), allocatable variable
- description:  is the fixed (overridden) diffuse visible-band surface albedo on the exchange grid [dimensionless]
ntokens:    196
id: 468826977552564541
name: Module: atm_land_ice_flux_exchange_mod/Module variables/ex_albedo_nir_dif_fix
sourcefile: atm_land_ice_flux_exchange_mod.md
is_chunked: False
ichunk: 1
chunks: [1]
text: - name:  ex_albedo_nir_dif_fix
- type:  real, dimension(:), allocatable variable
- description:  is the fixed (overridden) diffuse near-infrared surface albedo on the exchange grid [dimensionless]
ntokens:    131
id: 468826977552564542
name: Module: atm_land_ice_flux_exchange_mod/Module variables/ex_drag_q
sourcefile: atm_land_ice_flux_exchange_mod.md
is_chunked: False
ichunk: 1
chunks: [1]
text: - name:  ex_drag_q
- type:  real, dimension(:), allocatable variable
- description:  is the q drag coefficient on the exchange grid
ntokens:    136
id: 468826977552564543
name: Module: atm_land_ice_flux_exchange_mod/Module variables/ex_cd_t
sourcefile: atm_land_ice_flux_exchange_mod.md
is_chunked: False
ichunk: 1
chunks: [1]
text: - name:  ex_cd_t
- type:  real, dimension(:), allocatable variable
- description:  is the drag coefficient for heat on the exchange grid
ntokens:    140
id: 468826977552564544
name: Module: atm_land_ice_flux_exchange_mod/Module variables/ex_cd_m
sourcefile: atm_land_ice_flux_exchange_mod.md
is_chunked: False
ichunk: 1
chunks: [1]
text: - name:  ex_cd_m
- type:  real, dimension(:), allocatable variable
- description:  is the drag coefficient for momentum on the exchange grid
ntokens:    127
id: 468826977552564545
name: Module: atm_land_ice_flux_exchange_mod/Module variables/ex_b_star
sourcefile: atm_land_ice_flux_exchange_mod.md
is_chunked: False
ichunk: 1
chunks: [1]
text: - name:  ex_b_star
- type:  real, dimension(:), allocatable variable
- description:  is the boyuancy scale on the exchange grid
ntokens:    126
id: 468826977552564546
name: Module: atm_land_ice_flux_exchange_mod/Module variables/ex_u_star
sourcefile: atm_land_ice_flux_exchange_mod.md
is_chunked: False
ichunk: 1
chunks: [1]
text: - name:  ex_u_star
- type:  real, dimension(:), allocatable variable
- description:  is the friction velocity on exchange grid
ntokens:    117
id: 468826977552564547
name: Module: atm_land_ice_flux_exchange_mod/Module variables/ex_wind
sourcefile: atm_land_ice_flux_exchange_mod.md
is_chunked: False
ichunk: 1
chunks: [1]
text: - name:  ex_wind
- type:  real, dimension(:), allocatable variable
- description:  is the wind speed on exchange grid
ntokens:    142
id: 468826977552564548
name: Module: atm_land_ice_flux_exchange_mod/Module variables/ex_z_atm
sourcefile: atm_land_ice_flux_exchange_mod.md
is_chunked: False
ichunk: 1
chunks: [1]
text: - name:  ex_z_atm
- type:  real, dimension(:), allocatable variable
- description:  is the height of lowest atmospheric level on exchange grid
ntokens:    161
id: 468826977552564549
name: Module: atm_land_ice_flux_exchange_mod/Module variables/ex_con_atm
sourcefile: atm_land_ice_flux_exchange_mod.md
is_chunked: False
ichunk: 1
chunks: [1]
text: - name:  ex_con_atm
- type:  real, dimension(:), allocatable variable
- description:  is the deposition velocity at lowest atmospheric level on the exchange grid
ntokens:    110
id: 468826977552564550
name: Module: atm_land_ice_flux_exchange_mod/Module variables/ex_dhdt_surf_forland
sourcefile: atm_land_ice_flux_exchange_mod.md
is_chunked: False
ichunk: 1
chunks: [1]
text: - name:  ex_dhdt_surf_forland
- type:  real, dimension(:), allocatable variable
- description:  No description
ntokens:    110
id: 468826977552564551
name: Module: atm_land_ice_flux_exchange_mod/Module variables/ex_dedt_surf_forland
sourcefile: atm_land_ice_flux_exchange_mod.md
is_chunked: False
ichunk: 1
chunks: [1]
text: - name:  ex_dedt_surf_forland
- type:  real, dimension(:), allocatable variable
- description:  No description
ntokens:    110
id: 468826977552564552
name: Module: atm_land_ice_flux_exchange_mod/Module variables/ex_dedq_surf_forland
sourcefile: atm_land_ice_flux_exchange_mod.md
is_chunked: False
ichunk: 1
chunks: [1]
text: - name:  ex_dedq_surf_forland
- type:  real, dimension(:), allocatable variable
- description:  No description
ntokens:    154
id: 468826977552564553
name: Module: atm_land_ice_flux_exchange_mod/Module variables/ex_tr_surf
sourcefile: atm_land_ice_flux_exchange_mod.md
is_chunked: False
ichunk: 1
chunks: [1]
text: - name:  ex_tr_surf
- type:  real, dimension(:,:), allocatable variable
- description:  is the surface temperature for radiation calc on exchange grid [K]
ntokens:    129
id: 468826977552564554
name: Module: atm_land_ice_flux_exchange_mod/Module variables/ex_flux_tr
sourcefile: atm_land_ice_flux_exchange_mod.md
is_chunked: False
ichunk: 1
chunks: [1]
text: - name:  ex_flux_tr
- type:  real, dimension(:,:), allocatable variable
- description:  is the tracer fluxes on the exchange grid
ntokens:    148
id: 468826977552564555
name: Module: atm_land_ice_flux_exchange_mod/Module variables/ex_dfdtr_surf
sourcefile: atm_land_ice_flux_exchange_mod.md
is_chunked: False
ichunk: 1
chunks: [1]
text: - name:  ex_dfdtr_surf
- type:  real, dimension(:,:), allocatable variable
- description:  is the d(tracer flux)/d(surf tracer) on the exchange grid
ntokens:    146
id: 468826977552564556
name: Module: atm_land_ice_flux_exchange_mod/Module variables/ex_dfdtr_atm
sourcefile: atm_land_ice_flux_exchange_mod.md
is_chunked: False
ichunk: 1
chunks: [1]
text: - name:  ex_dfdtr_atm
- type:  real, dimension(:,:), allocatable variable
- description:  is the d(tracer flux)/d(atm tracer) on the exchange grid
ntokens:    145
id: 468826977552564557
name: Module: atm_land_ice_flux_exchange_mod/Module variables/ex_e_tr_n
sourcefile: atm_land_ice_flux_exchange_mod.md
is_chunked: False
ichunk: 1
chunks: [1]
text: - name:  ex_e_tr_n
- type:  real, dimension(:,:), allocatable variable
- description:  is the coefficient in implicit scheme on the exchange grid
ntokens:    150
id: 468826977552564558
name: Module: atm_land_ice_flux_exchange_mod/Module variables/ex_f_tr_delt_n
sourcefile: atm_land_ice_flux_exchange_mod.md
is_chunked: False
ichunk: 1
chunks: [1]
text: - name:  ex_f_tr_delt_n
- type:  real, dimension(:,:), allocatable variable
- description:  is the coefficient in implicit scheme on the exchange grid
ntokens:    158
id: 468826977552564559
name: Module: atm_land_ice_flux_exchange_mod/Module variables/ex_tr_con_ref
sourcefile: atm_land_ice_flux_exchange_mod.md
is_chunked: False
ichunk: 1
chunks: [1]
text: - name:  ex_tr_con_ref
- type:  real, dimension(:,:), allocatable variable
- description:  is the deposition velocity at reference height on the exchange grid
ntokens:    160
id: 468826977552564560
name: Module: atm_land_ice_flux_exchange_mod/Module variables/ex_tr_con_atm
sourcefile: atm_land_ice_flux_exchange_mod.md
is_chunked: False
ichunk: 1
chunks: [1]
text: - name:  ex_tr_con_atm
- type:  real, dimension(:,:), allocatable variable
- description:  is the deposition velocity at atmospheric height on the exchange grid
ntokens:    168
id: 468826977552564561
name: Module: atm_land_ice_flux_exchange_mod/Module variables/ex_avail
sourcefile: atm_land_ice_flux_exchange_mod.md
is_chunked: False
ichunk: 1
chunks: [1]
text: - name:  ex_avail
- type:  logical, dimension(:), allocatable variable
- description:  if a mask array where if true, the exchange grid cell is over ocean and/or seaice
ntokens:    152
id: 468826977552564562
name: Module: atm_land_ice_flux_exchange_mod/Module variables/ex_land
sourcefile: atm_land_ice_flux_exchange_mod.md
is_chunked: False
ichunk: 1
chunks: [1]
text: - name:  ex_land
- type:  logical, dimension(:), allocatable variable
- description:  is a mask array where if true, the exchange grid cell is over land
ntokens:    269
id: 468826977552564563
name: Module: atm_land_ice_flux_exchange_mod/Module variables/ex_e_t_n
sourcefile: atm_land_ice_flux_exchange_mod.md
is_chunked: False
ichunk: 1
chunks: [1]
text: - name:  ex_e_t_n
- type:  real, dimension(:), allocatable variable
- description:  is the implicit coupling coefficient e_t^n for sensible heat on the exchange grid; used in the semi-implicit surface flux scheme to couple atmospheric temperature to surface temperature
ntokens:    278
id: 468826977552564564
name: Module: atm_land_ice_flux_exchange_mod/Module variables/ex_f_t_delt_n
sourcefile: atm_land_ice_flux_exchange_mod.md
is_chunked: False
ichunk: 1
chunks: [1]
text: - name:  ex_f_t_delt_n
- type:  real, dimension(:), allocatable variable
- description:  is the implicit coupling coefficient f_t^{delta n} for sensible heat on the exchange grid; represents the accumulated forcing term in the semi-implicit time integration of surface heat flux
ntokens:    114
id: 468826977552564565
name: Module: atm_land_ice_flux_exchange_mod/Module variables/n_atm_tr
sourcefile: atm_land_ice_flux_exchange_mod.md
is_chunked: False
ichunk: 1
chunks: [1]
text: - name:  n_atm_tr
- type:  integer variable
- description:  is the number of prognostic tracers in the atmos model
ntokens:    118
id: 468826977552564566
name: Module: atm_land_ice_flux_exchange_mod/Module variables/n_atm_tr_tot
sourcefile: atm_land_ice_flux_exchange_mod.md
is_chunked: False
ichunk: 1
chunks: [1]
text: - name:  n_atm_tr_tot
- type:  integer variable
- description:  is the number of prognostic tracers in the atmos model
ntokens:    113
id: 468826977552564567
name: Module: atm_land_ice_flux_exchange_mod/Module variables/n_lnd_tr
sourcefile: atm_land_ice_flux_exchange_mod.md
is_chunked: False
ichunk: 1
chunks: [1]
text: - name:  n_lnd_tr
- type:  integer variable
- description:  is the number of prognostic tracers in the land model
ntokens:    117
id: 468826977552564568
name: Module: atm_land_ice_flux_exchange_mod/Module variables/n_lnd_tr_tot
sourcefile: atm_land_ice_flux_exchange_mod.md
is_chunked: False
ichunk: 1
chunks: [1]
text: - name:  n_lnd_tr_tot
- type:  integer variable
- description:  is the number of prognostic tracers in the land model
ntokens:    110
id: 468826977552564569
name: Module: atm_land_ice_flux_exchange_mod/Module variables/n_exch_tr
sourcefile: atm_land_ice_flux_exchange_mod.md
is_chunked: False
ichunk: 1
chunks: [1]
text: - name:  n_exch_tr
- type:  integer variable
- description:  is the number of tracers exchanged between models
ntokens:    130
id: 468826977552564570
name: Module: atm_land_ice_flux_exchange_mod/Module variables/n_gex_atm2lnd
sourcefile: atm_land_ice_flux_exchange_mod.md
is_chunked: False
ichunk: 1
chunks: [1]
text: - name:  n_gex_atm2lnd
- type:  integer variable
- description:  is the number of gex fields exchanged between land and atmosphere
ntokens:    130
id: 468826977552564571
name: Module: atm_land_ice_flux_exchange_mod/Module variables/n_gex_lnd2atm
sourcefile: atm_land_ice_flux_exchange_mod.md
is_chunked: False
ichunk: 1
chunks: [1]
text: - name:  n_gex_lnd2atm
- type:  integer variable
- description:  is the number of gex fields exchanged between atmosphere and land
ntokens:    131
id: 468826977552564572
name: Module: atm_land_ice_flux_exchange_mod/Module variables/atm
sourcefile: atm_land_ice_flux_exchange_mod.md
is_chunked: False
ichunk: 1
chunks: [1]
text: - name:  atm
- type:  integer variable
- description:  Tracer index in the atmosphere model tracer table (NO_TRACER if not present)
ntokens:    121
id: 468826977552564573
name: Module: atm_land_ice_flux_exchange_mod/Module variables/ice
sourcefile: atm_land_ice_flux_exchange_mod.md
is_chunked: False
ichunk: 1
chunks: [1]
text: - name:  ice
- type:  integer variable
- description:  Corresponding tracer index in the sea-ice model (0 if not present)
ntokens:    118
id: 468826977552564574
name: Module: atm_land_ice_flux_exchange_mod/Module variables/lnd
sourcefile: atm_land_ice_flux_exchange_mod.md
is_chunked: False
ichunk: 1
chunks: [1]
text: - name:  lnd
- type:  integer variable
- description:  Corresponding tracer index in the land model (0 if not present)
ntokens:    153
id: 468826977552564575
name: Module: atm_land_ice_flux_exchange_mod/Module variables/tr_table
sourcefile: atm_land_ice_flux_exchange_mod.md
is_chunked: False
ichunk: 1
chunks: [1]
text: - name:  tr_table
- type:  type(tracer_ind_type), dimension(:), allocatable variable
- description:  is the table of tracers passed through flux exchange
ntokens:    146
id: 468826977552564576
name: Module: atm_land_ice_flux_exchange_mod/Module variables/exch
sourcefile: atm_land_ice_flux_exchange_mod.md
is_chunked: False
ichunk: 1
chunks: [1]
text: - name:  exch
- type:  integer variable
- description:  Index of this atmosphere tracer in the exchange tracer table tr_table (0 if not exchanged)
ntokens:    173
id: 468826977552564577
name: Module: atm_land_ice_flux_exchange_mod/Module variables/tr_table_map
sourcefile: atm_land_ice_flux_exchange_mod.md
is_chunked: False
ichunk: 1
chunks: [1]
text: - name:  tr_table_map
- type:  type(tracer_exch_ind_type), dimension(:), allocatable variable
- description:  is a map to map atm tracers to exchange, ice and land variables
ntokens:    114
id: 468826977552564578
name: Module: atm_land_ice_flux_exchange_mod/Module variables/isphum
sourcefile: atm_land_ice_flux_exchange_mod.md
is_chunked: False
ichunk: 1
chunks: [1]
text: - name:  isphum
- type:  integer variable
- description:  is the specific humidity index. Initialized as NO_TRACER
ntokens:    105
id: 468826977552564579
name: Module: atm_land_ice_flux_exchange_mod/Module variables/ico2
sourcefile: atm_land_ice_flux_exchange_mod.md
is_chunked: False
ichunk: 1
chunks: [1]
text: - name:  ico2
- type:  integer variable
- description:  is the co2 tracer index. Initialized as NO_TRACER
ntokens:    105
id: 468826977552564580
name: Module: atm_land_ice_flux_exchange_mod/Module variables/inh3
sourcefile: atm_land_ice_flux_exchange_mod.md
is_chunked: False
ichunk: 1
chunks: [1]
text: - name:  inh3
- type:  integer variable
- description:  is the nh3 tracer index. Initialized as NO_TRACER
ntokens:    160
id: 468826977552564581
name: Module: atm_land_ice_flux_exchange_mod/Module variables/ex_gas_fields_atm
sourcefile: atm_land_ice_flux_exchange_mod.md
is_chunked: False
ichunk: 1
chunks: [1]
text: - name:  ex_gas_fields_atm
- type:  type(fmscoupler1dbc_type), pointer variable
- description:  contains atmospheric gas fields used for atm-ocean flux exchange
ntokens:    141
id: 468826977552564582
name: Module: atm_land_ice_flux_exchange_mod/Module variables/ex_gas_fields_ice
sourcefile: atm_land_ice_flux_exchange_mod.md
is_chunked: False
ichunk: 1
chunks: [1]
text: - name:  ex_gas_fields_ice
- type:  type(fmscoupler1dbc_type), pointer variable
- description:  contains ice-top and ocean_surface gas fields
ntokens:    140
id: 468826977552564583
name: Module: atm_land_ice_flux_exchange_mod/Module variables/ex_gas_fluxes
sourcefile: atm_land_ice_flux_exchange_mod.md
is_chunked: False
ichunk: 1
chunks: [1]
text: - name:  ex_gas_fluxes
- type:  type(fmscoupler1dbc_type), pointer variable
- description:  contains gas fluxes between atmosphere and ocean
ntokens:    113
id: 468826977552564584
name: Module: atm_land_ice_flux_exchange_mod/Module variables/ni_atm
sourcefile: atm_land_ice_flux_exchange_mod.md
is_chunked: False
ichunk: 1
chunks: [1]
text: - name:  ni_atm
- type:  integer variable
- description:  is the number of x gridpoints in the atm compute domain
ntokens:    113
id: 468826977552564585
name: Module: atm_land_ice_flux_exchange_mod/Module variables/nj_atm
sourcefile: atm_land_ice_flux_exchange_mod.md
is_chunked: False
ichunk: 1
chunks: [1]
text: - name:  nj_atm
- type:  integer variable
- description:  is the number of y gridpoints in the atm compute domain
ntokens:    214
id: 468826977552564586
name: Module: atm_land_ice_flux_exchange_mod/Module variables/regrid
sourcefile: atm_land_ice_flux_exchange_mod.md
is_chunked: False
ichunk: 1
chunks: [1]
text: - name:  regrid
- type:  integer, parameter variable
- description:  is the boundary_typextype value when grids are physically different and data between model components needs to be exchanged via the exchange grid
ntokens:    168
id: 468826977552564587
name: Module: atm_land_ice_flux_exchange_mod/Module variables/redist
sourcefile: atm_land_ice_flux_exchange_mod.md
is_chunked: False
ichunk: 1
chunks: [1]
text: - name:  redist
- type:  integer, parameter variable
- description:  is the boundary_typextype value when grids are physically same, but differ in domain decomposition.
ntokens:    188
id: 468826977552564588
name: Module: atm_land_ice_flux_exchange_mod/Module variables/direct
sourcefile: atm_land_ice_flux_exchange_mod.md
is_chunked: False
ichunk: 1
chunks: [1]
text: - name:  direct
- type:  integer, parameter variable
- description:  is the boundary_typextype value when grids and domains are identical and data can be copied directly between components
ntokens:    109
id: 468826977552564589
name: Module: atm_land_ice_flux_exchange_mod/Module variables/cplclock
sourcefile: atm_land_ice_flux_exchange_mod.md
is_chunked: False
ichunk: 1
chunks: [1]
text: - name:  cplclock
- type:  integer variable
- description:  is a FMS clock id for profiling general processes
ntokens:    110
id: 468826977552564590
name: Module: atm_land_ice_flux_exchange_mod/Module variables/sfcclock
sourcefile: atm_land_ice_flux_exchange_mod.md
is_chunked: False
ichunk: 1
chunks: [1]
text: - name:  sfcclock
- type:  integer variable
- description:  is a FMS clock id for profiling sfc_boundary_layer
ntokens:    123
id: 468826977552564591
name: Module: atm_land_ice_flux_exchange_mod/Module variables/fluxatmdnclock
sourcefile: atm_land_ice_flux_exchange_mod.md
is_chunked: False
ichunk: 1
chunks: [1]
text: - name:  fluxatmdnclock
- type:  integer variable
- description:  is a FMS clock id for profiling flux down from atmosphere
ntokens:    115
id: 468826977552564592
name: Module: atm_land_ice_flux_exchange_mod/Module variables/regenclock
sourcefile: atm_land_ice_flux_exchange_mod.md
is_chunked: False
ichunk: 1
chunks: [1]
text: - name:  regenclock
- type:  integer variable
- description:  is a FMS clock for profiling exchange grid generation
ntokens:    116
id: 468826977552564593
name: Module: atm_land_ice_flux_exchange_mod/Module variables/fluxatmupclock
sourcefile: atm_land_ice_flux_exchange_mod.md
is_chunked: False
ichunk: 1
chunks: [1]
text: - name:  fluxatmupclock
- type:  integer variable
- description:  is a FMS clock for profiling flux up to atmosphere
ntokens:    129
id: 468826977552564594
name: Module: atm_land_ice_flux_exchange_mod/Module variables/x1_grid_atm
sourcefile: atm_land_ice_flux_exchange_mod.md
is_chunked: False
ichunk: 1
chunks: [1]
text: - name:  x1_grid_atm
- type:  integer variable
- description:  is the exchange grid index for xgrid_stock_move. Set to value of 1
ntokens:    129
id: 468826977552564595
name: Module: atm_land_ice_flux_exchange_mod/Module variables/x1_grid_ice
sourcefile: atm_land_ice_flux_exchange_mod.md
is_chunked: False
ichunk: 1
chunks: [1]
text: - name:  x1_grid_ice
- type:  integer variable
- description:  is the exchange grid index for xgrid_stock_move. Set to value of 2
ntokens:    129
id: 468826977552564596
name: Module: atm_land_ice_flux_exchange_mod/Module variables/x1_grid_lnd
sourcefile: atm_land_ice_flux_exchange_mod.md
is_chunked: False
ichunk: 1
chunks: [1]
text: - name:  x1_grid_lnd
- type:  integer variable
- description:  is the exchange grid index for xgrid_stock_move. Set to value of 3
ntokens:    86
id: 468826977552564597
name: Module: atm_land_ice_flux_exchange_mod/Module variables/dt_atm
sourcefile: atm_land_ice_flux_exchange_mod.md
is_chunked: False
ichunk: 1
chunks: [1]
text: - name:  dt_atm
- type:  real variable
- description:  is the atmospheric timestep [s]
ntokens:    82
id: 468826977552564598
name: Module: atm_land_ice_flux_exchange_mod/Module variables/dt_cpl
sourcefile: atm_land_ice_flux_exchange_mod.md
is_chunked: False
ichunk: 1
chunks: [1]
text: - name:  dt_cpl
- type:  real variable
- description:  is the coupled timestep [s]
ntokens:    110
id: 468826977552564599
name: Module: atm_land_ice_flux_exchange_mod/Module variables/nxc_ice
sourcefile: atm_land_ice_flux_exchange_mod.md
is_chunked: False
ichunk: 1
chunks: [1]
text: - name:  nxc_ice
- type:  integer variable
- description:  is the number of x gridpoints in ice compute domain
ntokens:    110
id: 468826977552564600
name: Module: atm_land_ice_flux_exchange_mod/Module variables/nyc_ice
sourcefile: atm_land_ice_flux_exchange_mod.md
is_chunked: False
ichunk: 1
chunks: [1]
text: - name:  nyc_ice
- type:  integer variable
- description:  is the number of y gridpoints in ice compute domain
ntokens:    97
id: 468826977552564601
name: Module: atm_land_ice_flux_exchange_mod/Module variables/nk_ice
sourcefile: atm_land_ice_flux_exchange_mod.md
is_chunked: False
ichunk: 1
chunks: [1]
text: - name:  nk_ice
- type:  integer variable
- description:  is the number of vertical levels in ice
ntokens:    111
id: 468826977552564602
name: Module: atm_land_ice_flux_exchange_mod/Module variables/nxc_lnd
sourcefile: atm_land_ice_flux_exchange_mod.md
is_chunked: False
ichunk: 1
chunks: [1]
text: - name:  nxc_lnd
- type:  integer variable
- description:  is the number of x gridpoints in land compute domain
ntokens:    111
id: 468826977552564603
name: Module: atm_land_ice_flux_exchange_mod/Module variables/nyc_lnd
sourcefile: atm_land_ice_flux_exchange_mod.md
is_chunked: False
ichunk: 1
chunks: [1]
text: - name:  nyc_lnd
- type:  integer variable
- description:  is the number of y gridpoints in land compute domain
ntokens:    383
id: 468826977552564604
name: Module: atm_land_ice_flux_exchange_mod/Subroutines and functions/subroutine: put_logical_to_real_sg
sourcefile: atm_land_ice_flux_exchange_mod.md
is_chunked: True
ichunk: 1
chunks: [1, 2]
text: - name:  put_logical_to_real_sg
- type:  subroutine  
- description:  Subroutine put_logical_to_real_sg maps 2D logical mask arrays to real arrays where .true. is equal to 1.0 and .false. is equal to 0.0. The real array is then mapped onto the exchange grid. This subroutine is used internally to convert Landmask on structured grid for example, when #ifndef USE_LEGACY_LAND is false
ntokens:    331
id: 468826977552564605
name: Module: atm_land_ice_flux_exchange_mod/Subroutines and functions/subroutine: put_logical_to_real_sg
sourcefile: atm_land_ice_flux_exchange_mod.md
is_chunked: True
ichunk: 2
chunks: [1, 2]
text: - arguments:  mask, id, ex_mask, xmap.mask (inout) is the land/ice mask.  id (inout) is the component id.  ex_mask (inout) is the mapped mask on exchange grid.  xmap (inout) is the xmap  
- additional description:MAP (LOGICAL) MASK TO RMASK.MAP (LOGICAL) MASK TO RMASK.MAP RMASK TO THE EXCHANGE GRID.MAP RMASK TO THE EXCHANGE GRID.
ntokens:    373
id: 468826977552564606
name: Module: atm_land_ice_flux_exchange_mod/Subroutines and functions/subroutine: put_logical_to_real_ug
sourcefile: atm_land_ice_flux_exchange_mod.md
is_chunked: True
ichunk: 1
chunks: [1, 2]
text: - name:  put_logical_to_real_ug
- type:  subroutine  
- description:  Subroutine put_logical_to_real_ug maps 2D logical mask arrays to real arrays where .true. is equal to 1.0 and .false. is equal to 0.0. The real array is then mapped onto the exchange grid. This subroutine is used internally to convert Landmask on unstructured grid (when #ifndef USE_LEGACY_LAND is true)
ntokens:    340
id: 468826977552564607
name: Module: atm_land_ice_flux_exchange_mod/Subroutines and functions/subroutine: put_logical_to_real_ug
sourcefile: atm_land_ice_flux_exchange_mod.md
is_chunked: True
ichunk: 2
chunks: [1, 2]
text: - arguments:  mask, id, ex_mask, xmap.mask (inout) is the mask on component grid.  id (inout) is the component id.  ex_mask (inout) is the mapped mask on exchange grid.  xmap (inout) is the xmap  
- additional description:MAP (LOGICAL) MASK TO RMASK.MAP (LOGICAL) MASK TO RMASK.MAP RMASK TO THE EXCHANGE GRID.MAP RMASK TO THE EXCHANGE GRID.
ntokens:    382
id: 468826977552564608
name: Module: atm_land_ice_flux_exchange_mod/Subroutines and functions/subroutine, public: atm_land_ice_flux_exchange_init
sourcefile: atm_land_ice_flux_exchange_mod.md
is_chunked: True
ichunk: 1
chunks: [1, 2, 3, 4, 5, 6, 7, 8, 9, 10, 11, 12, 13, 14]
text: - name:  atm_land_ice_flux_exchange_init
- type:  subroutine, public  
- description:  Subroutine atm_land_ice_flux_exchange_init initializes atm_land_ice_flux_exchange_mod by allocating and setting default values for module level variable; and calling initialization routines in FMS modules. This subroutine must be called before calling any other public procedures in this module.
ntokens:    498
id: 468826977552564609
name: Module: atm_land_ice_flux_exchange_mod/Subroutines and functions/subroutine, public: atm_land_ice_flux_exchange_init
sourcefile: atm_land_ice_flux_exchange_mod.md
is_chunked: True
ichunk: 2
chunks: [1, 2, 3, 4, 5, 6, 7, 8, 9, 10, 11, 12, 13, 14]
text: - arguments:  Time, Atm, Land, Ice, atmos_ice_boundary, land_ice_atmos_boundary, Dt_atm_in, Dt_cpl_in, z_ref_heat_in, z_ref_mom_in, do_area_weighted_flux_in, do_forecast_in, partition_fprec_from_lprec_in, scale_precip_2d_in, nblocks_in, cplClock_in, ex_gas_fields_atm_in, ex_gas_fields_ice_in, ex_gas_fluxes_in.time (inout) is the current model time.  atm (inout) is a derived data type holding atmosphere boundary data.  land (inout) is a derived data type holding land boundary data.  ice (inout)
ntokens:    494
id: 468826977552564610
name: Module: atm_land_ice_flux_exchange_mod/Subroutines and functions/subroutine, public: atm_land_ice_flux_exchange_init
sourcefile: atm_land_ice_flux_exchange_mod.md
is_chunked: True
ichunk: 3
chunks: [1, 2, 3, 4, 5, 6, 7, 8, 9, 10, 11, 12, 13, 14]
text: type holding land boundary data.  ice (inout) is a derived data type holding ice boundary data.  atmos_ice_boundary (inout) is a derived type holding properties and fluxes passed from atmosphere to ice.  land_ice_atmos_boundary (inout) is a derived type holding properties and fluxes passed from exchange grid to atmosphere, land, and ice.  dt_atm_in (inout) is used to set dt_atm (atmosphere time step [s]) in the module.  dt_cpl_in (inout) is used to set dt_cpl (coupled time step [s]) in the
ntokens:    495
id: 468826977552564611
name: Module: atm_land_ice_flux_exchange_mod/Subroutines and functions/subroutine, public: atm_land_ice_flux_exchange_init
sourcefile: atm_land_ice_flux_exchange_mod.md
is_chunked: True
ichunk: 4
chunks: [1, 2, 3, 4, 5, 6, 7, 8, 9, 10, 11, 12, 13, 14]
text: used to set dt_cpl (coupled time step [s]) in the module.  z_ref_heat_in (inout) is used to set z_ref_heat (reference height for temperature and relative humidity diagnostics [m]) in the module.  z_ref_mom_in (inout) is used to set z_ref_mom (reference height for momentum diagnostics [m]) in the module.  scale_precip_2d_in (inout) is used to set scale_precip_2d in the module where if true, rescale Atmlprec.  do_area_weighted_flux_in (inout) is used to set do_area_weighted_flux in the module
ntokens:    496
id: 468826977552564612
name: Module: atm_land_ice_flux_exchange_mod/Subroutines and functions/subroutine, public: atm_land_ice_flux_exchange_init
sourcefile: atm_land_ice_flux_exchange_mod.md
is_chunked: True
ichunk: 5
chunks: [1, 2, 3, 4, 5, 6, 7, 8, 9, 10, 11, 12, 13, 14]
text: used to set do_area_weighted_flux in the module where if true, divide flux by area set from flux_init. currently unused.  do_forecast_in (inout) is used to set do_forecast in the module if true, and #ifdef AM3_physics, put atmsurf_diffsst_miz on the exchange grid.  partition_fprec_from_lprec_in (inout) is used to set partition_fprec_from_lprec in the module if true, convert liquid precip to snow when t_ref < tfreeze.  nblocks_in (inout) is used to set nblocks (number of OpenMP blocks) in the
ntokens:    492
id: 468826977552564613
name: Module: atm_land_ice_flux_exchange_mod/Subroutines and functions/subroutine, public: atm_land_ice_flux_exchange_init
sourcefile: atm_land_ice_flux_exchange_mod.md
is_chunked: True
ichunk: 6
chunks: [1, 2, 3, 4, 5, 6, 7, 8, 9, 10, 11, 12, 13, 14]
text: to set nblocks (number of OpenMP blocks) in the module..  cplclock_in (inout) is used to set cplClock in the module. The clock is used to measure processes mainly used for development and debugging.  ex_gas_fields_atm_in (inout) is used to set ex_gas_fields_atm in the module. Contains atm surface variables used for computing atm-ocean gas fluxes and flux-regulating parameters.  ex_gas_fields_ice_in (inout) is used to set ex_gas_fields_ice in the module. Contains ice-top and ocean surface
ntokens:    265
id: 468826977552564614
name: Module: atm_land_ice_flux_exchange_mod/Subroutines and functions/subroutine, public: atm_land_ice_flux_exchange_init
sourcefile: atm_land_ice_flux_exchange_mod.md
is_chunked: True
ichunk: 7
chunks: [1, 2, 3, 4, 5, 6, 7, 8, 9, 10, 11, 12, 13, 14]
text: in the module. Contains ice-top and ocean surface variables used for computing atm-ocean gas fluxes and flux-regulating parameters.  ex_gas_fluxes_in (inout) is used to set ex_gas_fluxes in the module that is used to exchange gas/tracer fluxes between atm and ocean
ntokens:    499
id: 468826977552564615
name: Module: atm_land_ice_flux_exchange_mod/Subroutines and functions/subroutine, public: atm_land_ice_flux_exchange_init
sourcefile: atm_land_ice_flux_exchange_mod.md
is_chunked: True
ichunk: 8
chunks: [1, 2, 3, 4, 5, 6, 7, 8, 9, 10, 11, 12, 13, 14]
text: - additional description:INITIALIZE MODULE-LEVEL VARIABLES..INITIALIZE MODULE-LEVEL VARIABLES..GET FILE UNIT FOR STDOUT AND STDLOG FOR INTERNAL LOGGING PURPOSES.GET FILE UNIT FOR STDOUT AND STDLOG FOR INTERNAL LOGGING PURPOSES.FROM THE TRACER TABLE, GET THE TOTAL NUMBER TRACERS, TOTAL NUMBER OF SPECIFIC HUMIDITY TRACER, AND TOTAL NUMBER PROGNOSTIC TRACERS IN ATMOSPHERE AND LAND MODELS.FROM THE TRACER TABLE, GET THE TOTAL NUMBER TRACERS, TOTAL NUMBER OF SPECIFIC HUMIDITY TRACER, AND TOTAL NUMBER
ntokens:    494
id: 468826977552564616
name: Module: atm_land_ice_flux_exchange_mod/Subroutines and functions/subroutine, public: atm_land_ice_flux_exchange_init
sourcefile: atm_land_ice_flux_exchange_mod.md
is_chunked: True
ichunk: 9
chunks: [1, 2, 3, 4, 5, 6, 7, 8, 9, 10, 11, 12, 13, 14]
text: OF SPECIFIC HUMIDITY TRACER, AND TOTAL NUMBER PROGNOSTIC TRACERS IN ATMOSPHERE AND LAND MODELS.CONSTRUCT THE TRACER TABLE (TR_TABLE): FOR EACH TRACER, RECORD THE TRACER_INDEX IN THE ATM MODEL, ICE MODEL, AND LAND MODEL. SKIP ALL ATMOS TRACERS THAT DO NOT HAVE CORRESPONDING SURFACE TRACERS..CONSTRUCT THE TRACER TABLE (TR_TABLE): FOR EACH TRACER, RECORD THE TRACER_INDEX IN THE ATM MODEL, ICE MODEL, AND LAND MODEL. SKIP ALL ATMOS TRACERS THAT DO NOT HAVE CORRESPONDING SURFACE TRACERS..GET THE
ntokens:    497
id: 468826977552564617
name: Module: atm_land_ice_flux_exchange_mod/Subroutines and functions/subroutine, public: atm_land_ice_flux_exchange_init
sourcefile: atm_land_ice_flux_exchange_mod.md
is_chunked: True
ichunk: 10
chunks: [1, 2, 3, 4, 5, 6, 7, 8, 9, 10, 11, 12, 13, 14]
text: NOT HAVE CORRESPONDING SURFACE TRACERS..GET THE TOTAL NUMBER OF GENERIC EXCHANGE FIELDS BETWEEN ATMOSPHERE AND LAND.GET THE TOTAL NUMBER OF GENERIC EXCHANGE FIELDS BETWEEN ATMOSPHERE AND LAND.GET THE TRACER INDEX OF SPECIFIC HUMIDITY..GET THE TRACER INDEX OF SPECIFIC HUMIDITY..INITIALIZE FRAC_PRECIP IF SCALE_PRECIP_2D IS TRUE.INITIALIZE FRAC_PRECIP IF SCALE_PRECIP_2D IS TRUE.SET UP THE EXCHANGE GRID AND SET X1_GRID_ATM = 1, X1_GRID_ICE = 2, AND X1_GRID_LAND = 3. SETS XMAP_SFC(1)GRIDS FOR ATM,
ntokens:    497
id: 468826977552564618
name: Module: atm_land_ice_flux_exchange_mod/Subroutines and functions/subroutine, public: atm_land_ice_flux_exchange_init
sourcefile: atm_land_ice_flux_exchange_mod.md
is_chunked: True
ichunk: 11
chunks: [1, 2, 3, 4, 5, 6, 7, 8, 9, 10, 11, 12, 13, 14]
text: X1_GRID_LAND = 3. SETS XMAP_SFC(1)GRIDS FOR ATM, XMAP_SFC(2)GRIDS FOR ICE, XMAP_SFC(3)GRIDS FOR LAND.SET UP THE EXCHANGE GRID AND SET X1_GRID_ATM = 1, X1_GRID_ICE = 2, AND X1_GRID_LAND = 3. SETS XMAP_SFC(1)GRIDS FOR ATM, XMAP_SFC(2)GRIDS FOR ICE, XMAP_SFC(3)GRIDS FOR LAND.INITIALIZE SURFACE_FLUX MODULE.INITIALIZE SURFACE_FLUX MODULE.INITIALIZE FMS DIAG_INTEGRAL FIELDS FOR EVAP, T_SURF, T_REF GLOBAL INTEGRAL QUANTITIES.call diag_integral_field_init ('prec', 'f6.3').INITIALIZE FMS DIAG_INTEGRAL
ntokens:    497
id: 468826977552564619
name: Module: atm_land_ice_flux_exchange_mod/Subroutines and functions/subroutine, public: atm_land_ice_flux_exchange_init
sourcefile: atm_land_ice_flux_exchange_mod.md
is_chunked: True
ichunk: 12
chunks: [1, 2, 3, 4, 5, 6, 7, 8, 9, 10, 11, 12, 13, 14]
text: ('prec', 'f6.3').INITIALIZE FMS DIAG_INTEGRAL FIELDS FOR EVAP, T_SURF, T_REF GLOBAL INTEGRAL QUANTITIES..call diag_integral_field_init ('prec', 'f6.3').REGISTER FMS DIAGNOSTIC FIELDS IN DIAG_MANAGER..REGISTER FMS DIAGNOSTIC FIELDS IN DIAG_MANAGER..GET THE SIZE OF THE ATM COMPUTE DOMAIN..GET THE SIZE OF THE ATM COMPUTE DOMAIN..ALLOCATE ATMOS_ICE_BOUNDARY AND SET FIELDS EQUAL TO ZERO..ALLOCATE ATMOS_ICE_BOUNDARY AND SET FIELDS EQUAL TO ZERO..ALLOCATE LAND_ICE_ATMOS_BOUNDARY AND SET FIELDS EQUAL
ntokens:    495
id: 468826977552564620
name: Module: atm_land_ice_flux_exchange_mod/Subroutines and functions/subroutine, public: atm_land_ice_flux_exchange_init
sourcefile: atm_land_ice_flux_exchange_mod.md
is_chunked: True
ichunk: 13
chunks: [1, 2, 3, 4, 5, 6, 7, 8, 9, 10, 11, 12, 13, 14]
text: LAND_ICE_ATMOS_BOUNDARY AND SET FIELDS EQUAL TO ZERO EXCEPT FOR T_OCEAN WHICH IS SET TO 200 K, T_REF TO 273 K, AND ROUGHNESS LENGTHS TO 0.01 m..ALLOCATE LAND_ICE_ATMOS_BOUNDARY AND SET FIELDS EQUAL TO ZERO EXCEPT FOR T_OCEAN WHICH IS SET TO 200 K, T_REF TO 273 K, AND ROUGHNESS LENGTHS TO 0.01 m..COPY EX_GAS_FIELDS_ATM TO ATMFIELDS..COPY EX_GAS_FIELDS_ATM TO ATMFIELDS..GET THE SIZE OF ICE COMPUTE DOMAIN..GET THE SIZE OF ICE COMPUTE DOMAIN..GET THE SIZE OF LAND COMPUTE DOMAIN..GET THE SIZE OF
ntokens:    340
id: 468826977552564621
name: Module: atm_land_ice_flux_exchange_mod/Subroutines and functions/subroutine, public: atm_land_ice_flux_exchange_init
sourcefile: atm_land_ice_flux_exchange_mod.md
is_chunked: True
ichunk: 14
chunks: [1, 2, 3, 4, 5, 6, 7, 8, 9, 10, 11, 12, 13, 14]
text: THE SIZE OF LAND COMPUTE DOMAIN..GET THE SIZE OF LAND COMPUTE DOMAIN..DECLARE CLOCKS FOR PROFILING..DECLARE CLOCKS FOR PROFILING..SET DO_INIT = .FALSE. IN ORDER TO AVOID RE-INITIALIZATION THE MODULE IF THIS SUBROUTINE IS CALLED AGAIN..SET DO_INIT = .FALSE. IN ORDER TO AVOID RE-INITIALIZATION THE MODULE IF THIS SUBROUTINE IS CALLED AGAIN..
ntokens:    456
id: 468826977552564622
name: Module: atm_land_ice_flux_exchange_mod/Subroutines and functions/subroutine, public: sfc_boundary_layer
sourcefile: atm_land_ice_flux_exchange_mod.md
is_chunked: True
ichunk: 1
chunks: [1, 2, 3, 4, 5, 6, 7, 8, 9, 10, 11, 12, 13, 14, 15]
text: - name:  sfc_boundary_layer
- type:  subroutine, public  
- description:  Subroutine sfc_boundary_layer computes and exchanges the following fluxes:t_surf_atm, albedo_atm, rough_mom_atm, land_frac_atm, dtaudu_atm, dtaudv_atm, flux_u_atm, flux_v_atm u_star_atm, b_star_atmNote, u_star and b_star are defined so that u_star**2 is the magnitude of surface stress divided by density of air at the surface, and u_star*b_star is the buoyancy flux at the surface.
ntokens:    431
id: 468826977552564623
name: Module: atm_land_ice_flux_exchange_mod/Subroutines and functions/subroutine, public: sfc_boundary_layer
sourcefile: atm_land_ice_flux_exchange_mod.md
is_chunked: True
ichunk: 2
chunks: [1, 2, 3, 4, 5, 6, 7, 8, 9, 10, 11, 12, 13, 14, 15]
text: - arguments:  dt, Time, Atm, Land, Ice, Land_Ice_Atmos_Boundary.dt (inout) is the timestep.  time (inout) is the current model time.  atm (inout) is a derived type holding atmosphere boundary data.  land (inout) is a derived type holding land boundary data.  ice (inout) is a derived type holding ice boundary data.  land_ice_atmos_boundary (inout) is a derived type holding properties and fluxes passed between land and ice to atm
ntokens:    498
id: 468826977552564624
name: Module: atm_land_ice_flux_exchange_mod/Subroutines and functions/subroutine, public: sfc_boundary_layer
sourcefile: atm_land_ice_flux_exchange_mod.md
is_chunked: True
ichunk: 3
chunks: [1, 2, 3, 4, 5, 6, 7, 8, 9, 10, 11, 12, 13, 14, 15]
text: - additional description:CHECK MODULE INITIALIZATION..CHECK MODULE INITIALIZATION..INITIALIZE CLOCKS FOR PROFILING..INITIALIZE CLOCKS FOR PROFILING..ALLOCATE ARRAY FOR EXCHANGE FIELDS. THE ARRAYS ARE DEALLOCATED IN FLUX_UP_TO_ATMOS..ALLOCATE ARRAY FOR EXCHANGE FIELDS. THE ARRAYS ARE DEALLOCATED IN FLUX_UP_TO_ATMOS..ALLOCATE EX_GAS_FIELDS_ICE ARRAYS FOR OCEAN_ICE_BOUNDARY EXCHANGE FIELDS..ALLOCATE EX_GAS_FIELDS_ICE ARRAYS FOR OCEAN_ICE_BOUNDARY EXCHANGE FIELDS..ALLOCATE EX_GAS_FIELDS_ATM ARRAYS
ntokens:    492
id: 468826977552564625
name: Module: atm_land_ice_flux_exchange_mod/Subroutines and functions/subroutine, public: sfc_boundary_layer
sourcefile: atm_land_ice_flux_exchange_mod.md
is_chunked: True
ichunk: 4
chunks: [1, 2, 3, 4, 5, 6, 7, 8, 9, 10, 11, 12, 13, 14, 15]
text: FIELDS..ALLOCATE EX_GAS_FIELDS_ATM ARRAYS FOR ATMOSPHERE EXCHANGE FIELDS..ALLOCATE EX_GAS_FIELDS_ATM ARRAYS FOR ATMOSPHERE EXCHANGE FIELDS..ALLOCATE EX_GAS_FLUXES FOR ADDITIONAL EXCHANGE FIELDS..ALLOCATE EX_GAS_FLUXES FOR ADDITIONAL EXCHANGE FIELDS..ON THE EXCHANGE GRID, SET INITIAL VALUES FOR ALBEDO, DRAG COEFFICIENTS, AND OPEN WATER MASK..ON THE EXCHANGE GRID, SET INITIAL VALUES FOR ALBEDO, DRAG COEFFICIENTS, AND OPEN WATER MASK..OVERRIDE ATM FIELDS IF FIELD EXISTS IN THE DATA_OVERRIDE
ntokens:    499
id: 468826977552564626
name: Module: atm_land_ice_flux_exchange_mod/Subroutines and functions/subroutine, public: sfc_boundary_layer
sourcefile: atm_land_ice_flux_exchange_mod.md
is_chunked: True
ichunk: 5
chunks: [1, 2, 3, 4, 5, 6, 7, 8, 9, 10, 11, 12, 13, 14, 15]
text: ATM FIELDS IF FIELD EXISTS IN THE DATA_OVERRIDE DATA_TABLE..OVERRIDE ATM FIELDS IF FIELD EXISTS IN THE DATA_OVERRIDE DATA_TABLE..CONVERT CO2 TRACER UNITS TO WET_MMR UNITS..CONVERT CO2 TRACER UNITS TO WET_MMR UNITS..OVERRIDE CO2 VALUES IF THE FIELD EXISTS IN DATA_OVERRIDE DATA_TABLE AND SEND DATA TO THE DIAG_MANAGER BUFFER..OVERRIDE CO2 VALUES IF THE FIELD EXISTS IN DATA_OVERRIDE DATA_TABLE AND SEND DATA TO THE DIAG_MANAGER BUFFER..OVERRIDE ICE AND LAND FIELD IF THE FIELD EXISTS IN DATA_OVERRIDE
ntokens:    497
id: 468826977552564627
name: Module: atm_land_ice_flux_exchange_mod/Subroutines and functions/subroutine, public: sfc_boundary_layer
sourcefile: atm_land_ice_flux_exchange_mod.md
is_chunked: True
ichunk: 6
chunks: [1, 2, 3, 4, 5, 6, 7, 8, 9, 10, 11, 12, 13, 14, 15]
text: LAND FIELD IF THE FIELD EXISTS IN DATA_OVERRIDE DATA_TABLE..OVERRIDE ICE AND LAND FIELD IF THE FIELD EXISTS IN DATA_OVERRIDE DATA_TABLE..MAP ATM FIELDS ONTO THE EXCHANGE GRID..MAP ATM FIELDS ONTO THE EXCHANGE GRID..INITIALIZE EX_TR_SURF TO BE THE AMOUNT OF TRACERS AT THE BOTTOM-MOST ATMOSPHERE LAYER..INITIALIZE EX_TR_SURF TO BE THE AMOUNT OF TRACERS AT THE BOTTOM-MOST ATMOSPHERE LAYER..MAP ICE FIELDS ONTO THE EXCHANGE GRID..MAP ICE FIELDS ONTO THE EXCHANGE GRID..ON THE EXCHANGE GRID, GENERATE
ntokens:    495
id: 468826977552564628
name: Module: atm_land_ice_flux_exchange_mod/Subroutines and functions/subroutine, public: sfc_boundary_layer
sourcefile: atm_land_ice_flux_exchange_mod.md
is_chunked: True
ichunk: 7
chunks: [1, 2, 3, 4, 5, 6, 7, 8, 9, 10, 11, 12, 13, 14, 15]
text: THE EXCHANGE GRID..ON THE EXCHANGE GRID, GENERATE DYNAMIC WET MASK ARRAY WITH VALUE OF 1.O FOR OPEN WATER..ON THE EXCHANGE GRID, GENERATE DYNAMIC WET MASK ARRAY WITH VALUE OF 1.O FOR OPEN WATER..ON THE EXCHANGE GRID, INITIALIZE CANOPY TEMPERATURE EQUAL TO SURFACE TEMPERATURE..ON THE EXCHANGE GRID, INITIALIZE CANOPY TEMPERATURE EQUAL TO SURFACE TEMPERATURE..MAP LAND EXCHANGE FIELDS ONTO THE EXCHANGE GRID..MAP LAND EXCHANGE FIELDS ONTO THE EXCHANGE GRID..ON THE EXCHANGE GRID, COMPUTE EXPLICIT
ntokens:    494
id: 468826977552564629
name: Module: atm_land_ice_flux_exchange_mod/Subroutines and functions/subroutine, public: sfc_boundary_layer
sourcefile: atm_land_ice_flux_exchange_mod.md
is_chunked: True
ichunk: 8
chunks: [1, 2, 3, 4, 5, 6, 7, 8, 9, 10, 11, 12, 13, 14, 15]
text: GRID..ON THE EXCHANGE GRID, COMPUTE EXPLICIT FLUXES AND TENDENCIES..ON THE EXCHANGE GRID, COMPUTE EXPLICIT FLUXES AND TENDENCIES..CALL MONIN_OBUKHOV_MO_PROFILE IN FMS. ON THE EXCHANGE GRID, COMPUTE ZONAL AND MERIDIONAL WINDS AT THE BOUNDARY LAYER AND AT REFERENCE HEIGHTS..CALL MONIN_OBUKHOV_MO_PROFILE IN FMS. ON THE EXCHANGE GRID, COMPUTE ZONAL AND MERIDIONAL WINDS AT THE BOUNDARY LAYER AND AT REFERENCE HEIGHTS..ON THE EXCHANGE GRID, CALCULATE ATMOSPHERIC CONDUCTANCE..ON THE EXCHANGE GRID,
ntokens:    489
id: 468826977552564630
name: Module: atm_land_ice_flux_exchange_mod/Subroutines and functions/subroutine, public: sfc_boundary_layer
sourcefile: atm_land_ice_flux_exchange_mod.md
is_chunked: True
ichunk: 9
chunks: [1, 2, 3, 4, 5, 6, 7, 8, 9, 10, 11, 12, 13, 14, 15]
text: ATMOSPHERIC CONDUCTANCE..ON THE EXCHANGE GRID, CALCULATE ATMOSPHERIC CONDUCTANCE..ON THE EXCHANGE GRID, COMPUTE DERIVATIVES OF TRACER FLUXES..ON THE EXCHANGE GRID, COMPUTE DERIVATIVES OF TRACER FLUXES..ON THE EXCHANGE GRID, COMPUTE EXPLICIT FLUXES BETWEEN ATM AND OCEAN..ON THE EXCHANGE GRID, COMPUTE EXPLICIT FLUXES BETWEEN ATM AND OCEAN..OVERRIDE LAND AND ICE TRACER FLUXES IF FIELD EXISTS IN DATA_OVERRIDE DATA_TABLE..OVERRIDE LAND AND ICE TRACER FLUXES IF FIELD EXISTS IN DATA_OVERRIDE
ntokens:    497
id: 468826977552564631
name: Module: atm_land_ice_flux_exchange_mod/Subroutines and functions/subroutine, public: sfc_boundary_layer
sourcefile: atm_land_ice_flux_exchange_mod.md
is_chunked: True
ichunk: 10
chunks: [1, 2, 3, 4, 5, 6, 7, 8, 9, 10, 11, 12, 13, 14, 15]
text: TRACER FLUXES IF FIELD EXISTS IN DATA_OVERRIDE DATA_TABLE..ON THE EXCHANGE GRID, COMPUTE T_SURF**4. NOTE, TO COMPUTE FLUXES, T_SURF**4 (T_SURF TO THE FOURTH POWER) IS SENT TO THE EXCHANGE GRID AND NOT T_SURF DUE TO NONLINEARITY IN THE STEFAN-BOLTZMANN LAW WHERE LOGWAVE_FLUX = STEFAN_BOLTZMANN_CONSTANT * T**4. ON THE EXCHANGE GRID, AS QUANTITIES ARE REMAPPED, FIELDS ARE AREA-WEIGHTED (AVERAGED) SUCH THAT OUTPUT_TEMPERATURE = SUM(INPUT_TEMPERATURE * (XGRID_AREA)/(INPUT_GRID_AREA)) WHERE THE SUM
ntokens:    495
id: 468826977552564632
name: Module: atm_land_ice_flux_exchange_mod/Subroutines and functions/subroutine, public: sfc_boundary_layer
sourcefile: atm_land_ice_flux_exchange_mod.md
is_chunked: True
ichunk: 11
chunks: [1, 2, 3, 4, 5, 6, 7, 8, 9, 10, 11, 12, 13, 14, 15]
text: * (XGRID_AREA)/(INPUT_GRID_AREA)) WHERE THE SUM IS OVER ALL XGRID CELLS THAT OVERLAP WITH THE OUTPUT CELL. BECAUSE OF THIS WEIGHTING, THE COMPUTED FLUX WOULD DIFFER FROM USING <T**4> VS <T>**4..ON THE EXCHANGE GRID, COMPUTE T_SURF**4. NOTE, TO COMPUTE FLUXES, T_SURF**4 (T_SURF TO THE FOURTH POWER) IS SENT TO THE EXCHANGE GRID AND NOT T_SURF DUE TO NONLINEARITY IN THE STEFAN-BOLTZMANN LAW WHERE LOGWAVE_FLUX = STEFAN_BOLTZMANN_CONSTANT * T**4. ON THE EXCHANGE GRID, AS QUANTITIES ARE REMAPPED,
ntokens:    493
id: 468826977552564633
name: Module: atm_land_ice_flux_exchange_mod/Subroutines and functions/subroutine, public: sfc_boundary_layer
sourcefile: atm_land_ice_flux_exchange_mod.md
is_chunked: True
ichunk: 12
chunks: [1, 2, 3, 4, 5, 6, 7, 8, 9, 10, 11, 12, 13, 14, 15]
text: ON THE EXCHANGE GRID, AS QUANTITIES ARE REMAPPED, FIELDS ARE AREA-WEIGHTED (AVERAGED) SUCH THAT OUTPUT_TEMPERATURE = SUM(INPUT_TEMPERATURE * (XGRID_AREA)/(INPUT_GRID_AREA)) WHERE THE SUM IS OVER ALL XGRID CELLS THAT OVERLAP WITH THE OUTPUT CELL. BECAUSE OF THIS WEIGHTING, THE COMPUTED FLUX WOULD DIFFER FROM USING <T**4> VS <T>**4..MAP FIELDS FROM THE EXCHANGE GRID TO THE ATM GRID..MAP FIELDS FROM THE EXCHANGE GRID TO THE ATM GRID..ON THE ATM GRID, COMPUTE T**0.25..ON THE ATM GRID, COMPUTE
ntokens:    487
id: 468826977552564634
name: Module: atm_land_ice_flux_exchange_mod/Subroutines and functions/subroutine, public: sfc_boundary_layer
sourcefile: atm_land_ice_flux_exchange_mod.md
is_chunked: True
ichunk: 13
chunks: [1, 2, 3, 4, 5, 6, 7, 8, 9, 10, 11, 12, 13, 14, 15]
text: GRID, COMPUTE T**0.25..ON THE ATM GRID, COMPUTE T**0.25..DATA OVERRIDE ATMOSPHERIC QUANTITIES IF FOUND IN DATA_TABLE..DATA OVERRIDE ATMOSPHERIC QUANTITIES IF FOUND IN DATA_TABLE..ON THE EXCHANGE GRID, INITIALIZE ARRAYS FOR FIXING THE ALBEDO..ON THE EXCHANGE GRID, INITIALIZE ARRAYS FOR FIXING THE ALBEDO..MAP ALBEDO FIELDS TO THE EXCHANGE GRID.MAP ALBEDO FIELDS TO THE EXCHANGE GRID.ON THE EXCHANGE GRID, COMPUTE THE ALBEDO FIXING FACTORS..ON THE EXCHANGE GRID, COMPUTE THE ALBEDO FIXING
ntokens:    499
id: 468826977552564635
name: Module: atm_land_ice_flux_exchange_mod/Subroutines and functions/subroutine, public: sfc_boundary_layer
sourcefile: atm_land_ice_flux_exchange_mod.md
is_chunked: True
ichunk: 14
chunks: [1, 2, 3, 4, 5, 6, 7, 8, 9, 10, 11, 12, 13, 14, 15]
text: THE EXCHANGE GRID, COMPUTE THE ALBEDO FIXING FACTORS..SAVE STATIC FIELDS..SAVE STATIC FIELDS..MAP ATMOSPHERIC DATA FROM THE EXCHANGE TO ATM GRID AND SEND DATA TO DIAG_MANAGER BUFFER..MAP ATMOSPHERIC DATA FROM THE EXCHANGE TO ATM GRID AND SEND DATA TO DIAG_MANAGER BUFFER..COMPUTE DIAGNOSTIC FIELDS AT REFERENCE LEVELS WITH FMS_MONIN_OBUHKOV_MO_PROFILE..COMPUTE DIAGNOSTIC FIELDS AT REFERENCE LEVELS WITH FMS_MONIN_OBUHKOV_MO_PROFILE..MAP LAND AND ADDITIONAL ATMOSPHERIC FIELDS FROM THE EXCHANGE GRID
ntokens:    494
id: 468826977552564636
name: Module: atm_land_ice_flux_exchange_mod/Subroutines and functions/subroutine, public: sfc_boundary_layer
sourcefile: atm_land_ice_flux_exchange_mod.md
is_chunked: True
ichunk: 15
chunks: [1, 2, 3, 4, 5, 6, 7, 8, 9, 10, 11, 12, 13, 14, 15]
text: ATMOSPHERIC FIELDS FROM THE EXCHANGE GRID TO THE COMPONENT GRID AND SEND DATA TO DIAG_MANAGER BUFFER FOR DIAGNOSTIC OUTPUT NOTE, DATA WILL ONLY BE OUTPUTTED IF VARIABLE SPECIFICATION IS FOUND IN THE DIAG_TABLE.MAP LAND AND ADDITIONAL ATMOSPHERIC FIELDS FROM THE EXCHANGE GRID TO THE COMPONENT GRID AND SEND DATA TO DIAG_MANAGER BUFFER FOR DIAGNOSTIC OUTPUT NOTE, DATA WILL ONLY BE OUTPUTTED IF VARIABLE SPECIFICATION IS FOUND IN THE DIAG_TABLE.END CLOCKS FOR PROFILING.END CLOCKS FOR PROFILING.
ntokens:    218
id: 468826977552564637
name: Module: atm_land_ice_flux_exchange_mod/Subroutines and functions/subroutine, public: flux_down_from_atmos
sourcefile: atm_land_ice_flux_exchange_mod.md
is_chunked: True
ichunk: 1
chunks: [1, 2, 3, 4, 5, 6, 7, 8, 9, 10, 11]
text: - name:  flux_down_from_atmos
- type:  subroutine, public  
- description:  Subroutine flux_down_from_atmos corrects for the implicit treatment of atmospheric diffisuve fluxes in flux exchange from atm to land and ice.
ntokens:    499
id: 468826977552564638
name: Module: atm_land_ice_flux_exchange_mod/Subroutines and functions/subroutine, public: flux_down_from_atmos
sourcefile: atm_land_ice_flux_exchange_mod.md
is_chunked: True
ichunk: 2
chunks: [1, 2, 3, 4, 5, 6, 7, 8, 9, 10, 11]
text: - arguments:  Time, Atm, Land, Ice, Atmos_boundary, Land_boundary, Ice_boundary.time (inout) is the current model time.  atm (inout) is a derived type holding atmosphere boundary data.  land (inout) is a derived type holding land boundary data.  ice (inout) is a derived type holding ice boundary data.  atmos_boundary (inout) is a derived type holding properties and fluxes passed from exchange grid to atmosphere land and ice.  land_boundary (inout) is a derived type holding properties and fluxes
ntokens:    179
id: 468826977552564639
name: Module: atm_land_ice_flux_exchange_mod/Subroutines and functions/subroutine, public: flux_down_from_atmos
sourcefile: atm_land_ice_flux_exchange_mod.md
is_chunked: True
ichunk: 3
chunks: [1, 2, 3, 4, 5, 6, 7, 8, 9, 10, 11]
text: is a derived type holding properties and fluxes passed from atmosphere to land.  ice_boundary (inout) is a derived type holding properties and fluxes passed from atmosphere to ice
ntokens:    497
id: 468826977552564640
name: Module: atm_land_ice_flux_exchange_mod/Subroutines and functions/subroutine, public: flux_down_from_atmos
sourcefile: atm_land_ice_flux_exchange_mod.md
is_chunked: True
ichunk: 4
chunks: [1, 2, 3, 4, 5, 6, 7, 8, 9, 10, 11]
text: - additional description:START CLOCKS FOR PROFILING.START CLOCKS FOR PROFILING.INITIALIZE REUSABLE FLAG. DATA_OVERRIDE WILL RETURN OV=.TRUE. IF DATA WAS OVERWRITTEN.INITIALIZE REUSABLE FLAG. DATA_OVERRIDE WILL RETURN OV=.TRUE. IF DATA WAS OVERWRITTEN.OVERRIDE ATM SHORTWAVE/LONGWAVE, DIRECT/DOWNWARD DIFFUSIVE FLUXES NOTE, DATA_OVERRIDE WILL ONLY OVERWRITE IF THE FIELD IS SPECIFIED IN THE DATA_TABLE..OVERRIDE ATM SHORTWAVE/LONGWAVE, DIRECT/DOWNWARD DIFFUSIVE FLUXES NOTE, DATA_OVERRIDE WILL ONLY
ntokens:    496
id: 468826977552564641
name: Module: atm_land_ice_flux_exchange_mod/Subroutines and functions/subroutine, public: flux_down_from_atmos
sourcefile: atm_land_ice_flux_exchange_mod.md
is_chunked: True
ichunk: 5
chunks: [1, 2, 3, 4, 5, 6, 7, 8, 9, 10, 11]
text: DIFFUSIVE FLUXES NOTE, DATA_OVERRIDE WILL ONLY OVERWRITE IF THE FIELD IS SPECIFIED IN THE DATA_TABLE..SCALE LIQUID PRECIPITATION BY FRAC_PRECIP IF SCALE_PRECIP_2D IS TRUE SCALE_PRECIP_2D IS SET DURING MODULE INITIALIZATION CALL TO ATM_LAND_ICE_FLUX_EXCHANGE_INIT FRAC_PRECIP VALUES ARE SET WITH DATA_OVERRIDE.SCALE LIQUID PRECIPITATION BY FRAC_PRECIP IF SCALE_PRECIP_2D IS TRUE SCALE_PRECIP_2D IS SET DURING MODULE INITIALIZATION CALL TO ATM_LAND_ICE_FLUX_EXCHANGE_INIT FRAC_PRECIP VALUES ARE SET
ntokens:    496
id: 468826977552564642
name: Module: atm_land_ice_flux_exchange_mod/Subroutines and functions/subroutine, public: flux_down_from_atmos
sourcefile: atm_land_ice_flux_exchange_mod.md
is_chunked: True
ichunk: 6
chunks: [1, 2, 3, 4, 5, 6, 7, 8, 9, 10, 11]
text: FRAC_PRECIP VALUES ARE SET WITH DATA_OVERRIDE.PARTITION PRECIPTATION TO LIQUID PRECIPITATION AND FROZEN PRECIPITATION IF PARTITION_FPREC_FROM_LPREC = .TRUE. PARTIION_FPREC_FROM_LPREC IS SET AS PART OF MODULE INITIALIZATION CALL IN ATM_LAND_ICE_FLUX_EXCHANGE.PARTITION PRECIPTATION TO LIQUID PRECIPITATION AND FROZEN PRECIPITATION IF PARTITION_FPREC_FROM_LPREC = .TRUE. PARTIION_FPREC_FROM_LPREC IS SET AS PART OF MODULE INITIALIZATION CALL IN ATM_LAND_ICE_FLUX_EXCHANGE.OVERRIDE ATM FPREC, COZEN,
ntokens:    498
id: 468826977552564643
name: Module: atm_land_ice_flux_exchange_mod/Subroutines and functions/subroutine, public: flux_down_from_atmos
sourcefile: atm_land_ice_flux_exchange_mod.md
is_chunked: True
ichunk: 7
chunks: [1, 2, 3, 4, 5, 6, 7, 8, 9, 10, 11]
text: ATM FPREC, COZEN, AND SURF_DIFF FIELDS. NOTE, DATA_OVERRIDE WILL ONLY OVERWRITE ARRAY IF THE FIELD IS SPECIFIED IN THE DATA_TABLE.OVERRIDE ATM FPREC, COZEN, AND SURF_DIFF FIELDS. NOTE, DATA_OVERRIDE WILL ONLY OVERWRITE ARRAY IF THE FIELD IS SPECIFIED IN THE DATA_TABLE.MAP ATMOSPHERE QUANTITIES ONTO THE EXCHANGE GRID.MAP ATMOSPHERE QUANTITIES ONTO THE EXCHANGE GRID.ON THE EXCHANGE GRID, UPDATE U AND V STRESS.ON THE EXCHANGE GRID, UPDATE U AND V STRESS.ON THE EXCHANGE GRID, TAKE INTO ACCOUNT FOR
ntokens:    493
id: 468826977552564644
name: Module: atm_land_ice_flux_exchange_mod/Subroutines and functions/subroutine, public: flux_down_from_atmos
sourcefile: atm_land_ice_flux_exchange_mod.md
is_chunked: True
ichunk: 8
chunks: [1, 2, 3, 4, 5, 6, 7, 8, 9, 10, 11]
text: THE EXCHANGE GRID, TAKE INTO ACCOUNT FOR ALBEDO VARIATION IN SHORTWAVE RADIATION FLUX OF VISIBLE LIGHT.ON THE EXCHANGE GRID, TAKE INTO ACCOUNT FOR ALBEDO VARIATION IN SHORTWAVE RADIATION FLUX OF VISIBLE LIGHT.ON THE EXCHANGE GRID, ADJUST FLUXES FOR IMPLICIT DEPENDENCE.ON THE EXCHANGE GRID, ADJUST FLUXES FOR IMPLICIT DEPENDENCE.MAP FLUXES FROM THE EXCHANGE GRID TO THE LAND GRID AND OVERRIDE FIELDS WITH DATA_OVERRIDE WHERE DATA WILL BE OVERWRITTEN IF THE FIELD IS SPECIFIED IN DATA_TABLE.MAP
ntokens:    498
id: 468826977552564645
name: Module: atm_land_ice_flux_exchange_mod/Subroutines and functions/subroutine, public: flux_down_from_atmos
sourcefile: atm_land_ice_flux_exchange_mod.md
is_chunked: True
ichunk: 9
chunks: [1, 2, 3, 4, 5, 6, 7, 8, 9, 10, 11]
text: IF THE FIELD IS SPECIFIED IN DATA_TABLE.MAP FLUXES FROM THE EXCHANGE GRID TO THE LAND GRID AND OVERRIDE FIELDS WITH DATA_OVERRIDE WHERE DATA WILL BE OVERWRITTEN IF THE FIELD IS SPECIFIED IN DATA_TABLE.OVERRIDE LAND FLUXES. NOTE, DATA_OVERRIDE WILL ONLY OVERWRITE ARRAY IF THE FIELD IS SPECIFIED IN THE DATA_TABLE.OVERRIDE LAND FLUXES. NOTE, DATA_OVERRIDE WILL ONLY OVERWRITE ARRAY IF THE FIELD IS SPECIFIED IN THE DATA_TABLE.MAP ICE FIELDS FROM THE EXCHANGE GRID TO THE ICE GRID.MAP ICE FIELDS FROM
ntokens:    487
id: 468826977552564646
name: Module: atm_land_ice_flux_exchange_mod/Subroutines and functions/subroutine, public: flux_down_from_atmos
sourcefile: atm_land_ice_flux_exchange_mod.md
is_chunked: True
ichunk: 10
chunks: [1, 2, 3, 4, 5, 6, 7, 8, 9, 10, 11]
text: EXCHANGE GRID TO THE ICE GRID.MAP ICE FIELDS FROM THE EXCHANGE GRID TO THE ICE GRID.OVERRIDE ICE FIELDS. NOTE, DATA_OVERRIDE WILL ONLY OVERWRITE ARRAY IF THE FIELD IS SPECIFIED IN THE DATA_TABLE.OVERRIDE ICE FIELDS. NOTE, DATA_OVERRIDE WILL ONLY OVERWRITE ARRAY IF THE FIELD IS SPECIFIED IN THE DATA_TABLE.COMPUTE STOCK EXCHANGES BETWEEN COMPONENTS.COMPUTE STOCK EXCHANGES BETWEEN COMPONENTS.SEND U_FLUX AND V_FLUX TO THE DIAG_MANAGER BUFFER NOTE, DATA WILL ONLY BE OUTPUTTED IF VARIABLE
ntokens:    274
id: 468826977552564647
name: Module: atm_land_ice_flux_exchange_mod/Subroutines and functions/subroutine, public: flux_down_from_atmos
sourcefile: atm_land_ice_flux_exchange_mod.md
is_chunked: True
ichunk: 11
chunks: [1, 2, 3, 4, 5, 6, 7, 8, 9, 10, 11]
text: NOTE, DATA WILL ONLY BE OUTPUTTED IF VARIABLE SPECIFICATION IS FOUND IN DIAG_TABLE.YAML.SEND U_FLUX AND V_FLUX TO THE DIAG_MANAGER BUFFER NOTE, DATA WILL ONLY BE OUTPUTTED IF VARIABLE SPECIFICATION IS FOUND IN DIAG_TABLE.YAML.END CLOCK FOR PROFILING.END CLOCK FOR PROFILING.
ntokens:    461
id: 468826977552564648
name: Module: atm_land_ice_flux_exchange_mod/Subroutines and functions/subroutine, public: generate_sfc_xgrid
sourcefile: atm_land_ice_flux_exchange_mod.md
is_chunked: True
ichunk: 1
chunks: [1, 2, 3]
text: - name:  generate_sfc_xgrid
- type:  subroutine, public  
- description:  Subroutine generate_sfc_xgrid updates fractional areas on the surface exchange grid and recompute the number of active exchange-grid cells. The fractional area measures the portion of each exchange-grid cell that corresponds to land or ice. fms_xgrid_set_frac_area is called for both the OCN (ice) and LND (land) grids to reflect the current sea-ice concentration and land-tile coverage.
ntokens:    155
id: 468826977552564649
name: Module: atm_land_ice_flux_exchange_mod/Subroutines and functions/subroutine, public: generate_sfc_xgrid
sourcefile: atm_land_ice_flux_exchange_mod.md
is_chunked: True
ichunk: 2
chunks: [1, 2, 3]
text: - arguments:  Land, Ice.land (inout) is a derived data type to specify land boundary data.  ice (inout) is a derived data type to specify ice boundary data
ntokens:    453
id: 468826977552564650
name: Module: atm_land_ice_flux_exchange_mod/Subroutines and functions/subroutine, public: generate_sfc_xgrid
sourcefile: atm_land_ice_flux_exchange_mod.md
is_chunked: True
ichunk: 3
chunks: [1, 2, 3]
text: - additional description:INITIALIZE CLOCK FOR PROFILING.INITIALIZE CLOCK FOR PROFILING.GET ICE COMPUTE DOMAIN INDICES.GET ICE COMPUTE DOMAIN INDICES.UPDATE FRACTIONAL AREAS OF THE EXCHANGE GRID THAT ARE ICE AND LAND.UPDATE FRACTIONAL AREAS OF THE EXCHANGE GRID THAT ARE ICE AND LAND.UPDATE THE NUMBER OF EXCHANGE GRID CELLS SAVED IN THE MODULE.UPDATE THE NUMBER OF EXCHANGE GRID CELLS SAVED IN THE MODULE.END CLOCK FOR PROFILING.END CLOCK FOR PROFILING.
ntokens:    399
id: 468826977552564651
name: Module: atm_land_ice_flux_exchange_mod/Subroutines and functions/subroutine, public: flux_up_to_atmos
sourcefile: atm_land_ice_flux_exchange_mod.md
is_chunked: True
ichunk: 1
chunks: [1, 2, 3, 4, 5, 6, 7]
text: - name:  flux_up_to_atmos
- type:  subroutine, public  
- description:  Subroutine flux_up_to_atmos corrects the fluxes to take into account the new surface temperatures in land and ice models.The following elements of the land_ice_atmos_boundary_type are computed: dt_t = temperature change at the lowest atmospheric level [K] dt_q = specific humidity change at the lowest atmospheric level [kg/kg]
ntokens:    497
id: 468826977552564652
name: Module: atm_land_ice_flux_exchange_mod/Subroutines and functions/subroutine, public: flux_up_to_atmos
sourcefile: atm_land_ice_flux_exchange_mod.md
is_chunked: True
ichunk: 2
chunks: [1, 2, 3, 4, 5, 6, 7]
text: - arguments:  Time, Land, Ice, Land_Ice_Atmos_Boundary, Land_boundary, Ice_boundary.time (inout) Current time is the current model time.  land (inout) is a derived type holding land boundary data.  ice (inout) is a derived type holding ice boundary data.  land_ice_atmos_boundary (inout) is a derived type holding properties and fluxes passed from exchange grid to the atmosphere, land and ice.  land_boundary (inout) is a derived type holding properties and fluxes passed from atmosphere to land.
ntokens:    142
id: 468826977552564653
name: Module: atm_land_ice_flux_exchange_mod/Subroutines and functions/subroutine, public: flux_up_to_atmos
sourcefile: atm_land_ice_flux_exchange_mod.md
is_chunked: True
ichunk: 3
chunks: [1, 2, 3, 4, 5, 6, 7]
text: and fluxes passed from atmosphere to land.  ice_boundary (inout) is a derived type holding properties and fluxes passed from atmosphere to ice
ntokens:    496
id: 468826977552564654
name: Module: atm_land_ice_flux_exchange_mod/Subroutines and functions/subroutine, public: flux_up_to_atmos
sourcefile: atm_land_ice_flux_exchange_mod.md
is_chunked: True
ichunk: 4
chunks: [1, 2, 3, 4, 5, 6, 7]
text: - additional description:START CLOCK FOR PROFILING.START CLOCK FOR PROFILING.OVERRIDE ICET_SURF, LANDT_CA, LANDT_SURF AND LAND SURFACE TRACERS NOTE, DATA_OVERRIDE WILL ONLY OVERWRITE DATA IF THE FIELD IS SPECIFIED IN THE DATA_TABLE.OVERRIDE ICET_SURF, LANDT_CA, LANDT_SURF AND LAND SURFACE TRACERS NOTE, DATA_OVERRIDE WILL ONLY OVERWRITE DATA IF THE FIELD IS SPECIFIED IN THE DATA_TABLE.INITIALIZE EX_T_SURF_NEW = 200.0.INITIALIZE EX_T_SURF_NEW = 200.0.MAP ICET_SURF, LANDT_CA AND LANDT_SURF ONTO
ntokens:    494
id: 468826977552564655
name: Module: atm_land_ice_flux_exchange_mod/Subroutines and functions/subroutine, public: flux_up_to_atmos
sourcefile: atm_land_ice_flux_exchange_mod.md
is_chunked: True
ichunk: 5
chunks: [1, 2, 3, 4, 5, 6, 7]
text: 200.0.MAP ICET_SURF, LANDT_CA AND LANDT_SURF ONTO THE EXCHANGE GRID..MAP ICET_SURF, LANDT_CA AND LANDT_SURF ONTO THE EXCHANGE GRID..ON THE EXCHANGE GRID, COMPUTE CHANGES IN SURFACE TEMPERATURE AND RADIATIVE TEMPERATURE..ON THE EXCHANGE GRID, COMPUTE CHANGES IN SURFACE TEMPERATURE AND RADIATIVE TEMPERATURE..ON THE EXCHANGE GRID, UPDATE FLUXES AND ATMOSPHERIC INCREMENTS FOR IMPLICIT DEPENDENCE ON SURFACE TEMPERATURE..ON THE EXCHANGE GRID, UPDATE FLUXES AND ATMOSPHERIC INCREMENTS FOR IMPLICIT
ntokens:    498
id: 468826977552564656
name: Module: atm_land_ice_flux_exchange_mod/Subroutines and functions/subroutine, public: flux_up_to_atmos
sourcefile: atm_land_ice_flux_exchange_mod.md
is_chunked: True
ichunk: 6
chunks: [1, 2, 3, 4, 5, 6, 7]
text: FLUXES AND ATMOSPHERIC INCREMENTS FOR IMPLICIT DEPENDENCE ON SURFACE TEMPERATURE..ON THE EXCHANGE GRID, UPDATE TRACER TENDENCIES IN THE ATMOSPHERE.ON THE EXCHANGE GRID, UPDATE TRACER TENDENCIES IN THE ATMOSPHERE.MAP DT_T, SHFLX, and LHFLX FIELDS IN LAND_ICE_ATMOS_BOUNDARY FROM THE EXCHANGE GRID TO THE ATMOSPERE GRID..MAP DT_T, SHFLX, and LHFLX FIELDS IN LAND_ICE_ATMOS_BOUNDARY FROM THE EXCHANGE GRID TO THE ATMOSPERE GRID..MAP DATA FROM THE EXCHANGE GRID TO OCN/ATM/LND GRID AND SEND DATA TO THE
ntokens:    485
id: 468826977552564657
name: Module: atm_land_ice_flux_exchange_mod/Subroutines and functions/subroutine, public: flux_up_to_atmos
sourcefile: atm_land_ice_flux_exchange_mod.md
is_chunked: True
ichunk: 7
chunks: [1, 2, 3, 4, 5, 6, 7]
text: GRID TO OCN/ATM/LND GRID AND SEND DATA TO THE DIAG_MANAGER BUFFER. NOTE, DATA WILL ONLY BE OUTPUTTED IF VARIABLE SPECIFICATION IS FOUND IN DIAG_TABLE.YAML..MAP DATA FROM THE EXCHANGE GRID TO OCN/ATM/LND GRID AND SEND DATA TO THE DIAG_MANAGER BUFFER. NOTE, DATA WILL ONLY BE OUTPUTTED IF VARIABLE SPECIFICATION IS FOUND IN DIAG_TABLE.YAML..COMPUTE STOCK EXCHANGE BETWEEN MODEL COMPONENTS..COMPUTE STOCK EXCHANGE BETWEEN MODEL COMPONENTS..END CLOCK FOR PROFILING.END CLOCK FOR PROFILING.
ntokens:    210
id: 468826977552564658
name: Module: atm_land_ice_flux_exchange_mod/Subroutines and functions/subroutine, public: flux_ex_arrays_dealloc
sourcefile: atm_land_ice_flux_exchange_mod.md
is_chunked: False
ichunk: 1
chunks: [1]
text: - name:  flux_ex_arrays_dealloc
- type:  subroutine, public  
- description:  Subroutine flux_ex_arrays_dealloc deallocates the model-level exchange grid related arrays that were allocated in sfc_boundary_layer
ntokens:    246
id: 468826977552564659
name: Module: atm_land_ice_flux_exchange_mod/Subroutines and functions/subroutine, public: flux_atmos_to_ocean
sourcefile: atm_land_ice_flux_exchange_mod.md
is_chunked: True
ichunk: 1
chunks: [1, 2, 3, 4, 5]
text: - name:  flux_atmos_to_ocean
- type:  subroutine, public  
- description:  Subroutine flux_atmos_to_ocean computes deposition gas fluxes between atmosphere and ocean This subroutine is called only if the do_flux namelist variable is set to .True.
ntokens:    309
id: 468826977552564660
name: Module: atm_land_ice_flux_exchange_mod/Subroutines and functions/subroutine, public: flux_atmos_to_ocean
sourcefile: atm_land_ice_flux_exchange_mod.md
is_chunked: True
ichunk: 2
chunks: [1, 2, 3, 4, 5]
text: - arguments:  Time, Atm, Ice_boundary, Ice.time (inout) is the current time.  atm (inout) is a derived data type holding atmosphere boundary data.  ice_boundary (inout) is a derived data type holding properties and fluxes passed from atmosphere to ice.  ice (inout) is a derived type holding ice boundary data
ntokens:    493
id: 468826977552564661
name: Module: atm_land_ice_flux_exchange_mod/Subroutines and functions/subroutine, public: flux_atmos_to_ocean
sourcefile: atm_land_ice_flux_exchange_mod.md
is_chunked: True
ichunk: 3
chunks: [1, 2, 3, 4, 5]
text: - additional description:MAP ATMOSPHERE FIELDS TO THE EXCHANGE MAP FOR FLUX EXCHANGE WITH OCEAN..MAP ATMOSPHERE FIELDS TO THE EXCHANGE MAP FOR FLUX EXCHANGE WITH OCEAN..ON THE EXCHANGE GRID, CALCULATE OCEAN EXPLICIT FLUX BY CALLING ATMOS_OCEAN_DEP_FLUXES_CALC..ON THE EXCHANGE GRID, CALCULATE OCEAN EXPLICIT FLUX BY CALLING ATMOS_OCEAN_DEP_FLUXES_CALC..MAP AIR_SEA_DEPOSITION FLUX FROM THE EXCHANGE GRID TO THE ICE GRID FOLLOWED BY CALL DATA_OVERRIDE WHERE DATA WILL BE OVERWRITTEN IF THE FLUX
ntokens:    494
id: 468826977552564662
name: Module: atm_land_ice_flux_exchange_mod/Subroutines and functions/subroutine, public: flux_atmos_to_ocean
sourcefile: atm_land_ice_flux_exchange_mod.md
is_chunked: True
ichunk: 4
chunks: [1, 2, 3, 4, 5]
text: WHERE DATA WILL BE OVERWRITTEN IF THE FLUX FIELDS ARE SPECIFIED IN THE DATA_TABLE. THEN SEND_DATA TO THE DIAG_MANAGER BUFFER..MAP AIR_SEA_DEPOSITION FLUX FROM THE EXCHANGE GRID TO THE ICE GRID FOLLOWED BY CALL DATA_OVERRIDE WHERE DATA WILL BE OVERWRITTEN IF THE FLUX FIELDS ARE SPECIFIED IN THE DATA_TABLE. THEN SEND_DATA TO THE DIAG_MANAGER BUFFER..UPDATE ICE FIELDS THAT ARE LABELED AS AIR_SEA_DEOOSITION FLUXES BY CALLING UPDATE_ICE_ATM_DEPOSITION_FLUX..UPDATE ICE FIELDS THAT ARE LABELED AS
ntokens:    100
id: 468826977552564663
name: Module: atm_land_ice_flux_exchange_mod/Subroutines and functions/subroutine, public: flux_atmos_to_ocean
sourcefile: atm_land_ice_flux_exchange_mod.md
is_chunked: True
ichunk: 5
chunks: [1, 2, 3, 4, 5]
text: ICE FIELDS THAT ARE LABELED AS AIR_SEA_DEOOSITION FLUXES BY CALLING UPDATE_ICE_ATM_DEPOSITION_FLUX..
ntokens:    466
id: 468826977552564664
name: Module: atm_land_ice_flux_exchange_mod/Subroutines and functions/subroutine: diag_field_init
sourcefile: atm_land_ice_flux_exchange_mod.md
is_chunked: True
ichunk: 1
chunks: [1, 2]
text: - name:  diag_field_init
- type:  subroutine  
- description:  Subroutine diag_field_init registers the diagnostic fields in this module to the diag_manager. Note, diagnostic fields must be registered in diag_manager and all diagnostics fields must be specified in diag_table.yaml in order for the data to be outputted to a NetCDF file at the end of the model run. This subroutine is called during module initialization in subroutine atm_land_ice_flux_exchange_init.
ntokens:    465
id: 468826977552564665
name: Module: atm_land_ice_flux_exchange_mod/Subroutines and functions/subroutine: diag_field_init
sourcefile: atm_land_ice_flux_exchange_mod.md
is_chunked: True
ichunk: 2
chunks: [1, 2]
text: - arguments:  Time, atmos_axes, land_axes, land_pe.time (inout) is the current model time.  atmos_axes (inout) is the array size for atmospheric diagnostic fields.  land_axes (inout) is the array size for land diagnostic fields.  land_pe (inout) is the land pe number  
- additional description:CONVERT DIAGNOSTIC LABELS FROM INTEGERS TO STRINGS.CONVERT DIAGNOSTIC LABELS FROM INTEGERS TO STRINGS.CALL FMS_DIAG_REGISTER_DIAG_FIELD.CALL FMS_DIAG_REGISTER_DIAG_FIELD.
ntokens:    388
id: 468826977552564666
name: Module: atm_land_ice_flux_exchange_mod/Subroutines and functions/subroutine: divide_by_area
sourcefile: atm_land_ice_flux_exchange_mod.md
is_chunked: True
ichunk: 1
chunks: [1, 2]
text: - name:  divide_by_area
- type:  subroutine  
- description:  Subroutine divide_by_area divides data on a grid by the grid cell area only for cells with non-zero area. This subroutine iscurrently not used. Note, a similar subroutine also exists in ice_ocean_flux_exchange_mod  
- arguments:  data, area.data (inout) is the data to be divided.  area (inout) is the area used as denominator
ntokens:    293
id: 468826977552564667
name: Module: atm_land_ice_flux_exchange_mod/Subroutines and functions/subroutine: divide_by_area
sourcefile: atm_land_ice_flux_exchange_mod.md
is_chunked: True
ichunk: 2
chunks: [1, 2]
text: - additional description:CHECK TO ENSURE SHAPE OF DATA IS THE SAME AS SHAPE OF AREA IF SHAPES MISMATCH, RETURN.CHECK TO ENSURE SHAPE OF DATA IS THE SAME AS SHAPE OF AREA IF SHAPES MISMATCH, RETURN.DIVIDE DATA BY GRID CELL AREA WHERE AREA /= 0.0.DIVIDE DATA BY GRID CELL AREA WHERE AREA /= 0.0.
ntokens:    360
id: 468826977552564668
name: Module: atm_land_ice_flux_exchange_mod/Subroutines and functions/subroutine, public: send_ice_mask_sic
sourcefile: atm_land_ice_flux_exchange_mod.md
is_chunked: True
ichunk: 1
chunks: [1, 2, 3]
text: - name:  send_ice_mask_sic
- type:  subroutine, public  
- description:  If the variables ice_mask or sic have been registered with diag_manager, this subroutine, send_ice_mask_sic, maps the fractional amount of sea ice from the OCN grid to the ATM grid and sends the data to the diag_manager buffer.  
- arguments:  Time.time (inout) is the current model time
ntokens:    493
id: 468826977552564669
name: Module: atm_land_ice_flux_exchange_mod/Subroutines and functions/subroutine, public: send_ice_mask_sic
sourcefile: atm_land_ice_flux_exchange_mod.md
is_chunked: True
ichunk: 2
chunks: [1, 2, 3]
text: - additional description:IF ID_ICE_MASK > 0 OR ID_SIC > 0.IF ID_ICE_MASK > 0 OR ID_SIC > 0.INITIALIZE ICE_FRAC..INITIALIZE ICE_FRAC..MAP ICE_MASK FROM THE OCN GRID TO THE EXCHANGE GRID..MAP ICE_MASK FROM THE OCN GRID TO THE EXCHANGE GRID..MAP ICE_MASK FROM THE EXCHANGE GRID TO THE ATM GRID..MAP ICE_MASK FROM THE EXCHANGE GRID TO THE ATM GRID..IF ID_ICE_MASK > 0, SEND ICE_MASK TO THE DIAG_MANAGER BUFFER..IF ID_ICE_MASK > 0, SEND ICE_MASK TO THE DIAG_MANAGER BUFFER..FOR CMIP, IF ID_SIC > 0,
ntokens:    363
id: 468826977552564670
name: Module: atm_land_ice_flux_exchange_mod/Subroutines and functions/subroutine, public: send_ice_mask_sic
sourcefile: atm_land_ice_flux_exchange_mod.md
is_chunked: True
ichunk: 3
chunks: [1, 2, 3]
text: THE DIAG_MANAGER BUFFER..FOR CMIP, IF ID_SIC > 0, COMPUTE SEA ICE FRACTIONAL AREA FOR ATM GRID CELLS THAT ARE OVER THE OCEAN AND NORMALIZE AREA BY THE FRACTION OF ATMOS GRID CELL THAT IS OCEAN..FOR CMIP, IF ID_SIC > 0, COMPUTE SEA ICE FRACTIONAL AREA FOR ATM GRID CELLS THAT ARE OVER THE OCEAN AND NORMALIZE AREA BY THE FRACTION OF ATMOS GRID CELL THAT IS OCEAN..
ntokens:    435
id: 468826977552564671
name: Module: atm_land_ice_flux_exchange_mod/Subroutines and functions/subroutine, public: atm_stock_integrate
sourcefile: atm_land_ice_flux_exchange_mod.md
is_chunked: True
ichunk: 1
chunks: [1, 2]
text: - name:  atm_stock_integrate
- type:  subroutine, public  
- description:  Subroutine atm_stock_integrate integrates over the total precipitation (liquid and frozen) in the atmosphere and multiply the integrated value by the timestep dt. This subroutine is called in flux_exchange_mod/flux_check_stocks.  
- arguments:  Atm, res.atm (inout) is the derived type holding the atmosphere boundary data.  res (inout) is the integrated value
ntokens:    87
id: 468826977552564672
name: Module: atm_land_ice_flux_exchange_mod/Subroutines and functions/subroutine, public: atm_stock_integrate
sourcefile: atm_land_ice_flux_exchange_mod.md
is_chunked: True
ichunk: 2
chunks: [1, 2]
text: - additional description:CALL FMS_XGRID_STOCK_INTEGRATE.CALL FMS_XGRID_STOCK_INTEGRATE.
ntokens:    236
id: 468826977552564673
name: Module: atm_land_ice_flux_exchange_mod/Interfaces/tracer_ind_type
sourcefile: atm_land_ice_flux_exchange_mod.md
is_chunked: False
ichunk: 1
chunks: [1]
text: - name:  tracer_ind_type
- description:
- members:  integer atm_land_ice_flux_exchange_mod::tracer_ind_type::atm, integer atm_land_ice_flux_exchange_mod::tracer_ind_type::ice, integer atm_land_ice_flux_exchange_mod::tracer_ind_type::lnd
ntokens:    257
id: 468826977552564674
name: Module: atm_land_ice_flux_exchange_mod/Interfaces/tracer_exch_ind_type
sourcefile: atm_land_ice_flux_exchange_mod.md
is_chunked: False
ichunk: 1
chunks: [1]
text: - name:  tracer_exch_ind_type
- description:
- members:  integer atm_land_ice_flux_exchange_mod::tracer_exch_ind_type::exch, integer atm_land_ice_flux_exchange_mod::tracer_exch_ind_type::ice, integer atm_land_ice_flux_exchange_mod::tracer_exch_ind_type::lnd
ntokens:    230
id: 468826977552564675
name: Module: atm_land_ice_flux_exchange_mod/Interfaces/put_logical_to_real
sourcefile: atm_land_ice_flux_exchange_mod.md
is_chunked: False
ichunk: 1
chunks: [1]
text: - name:  put_logical_to_real
- description:
- members:  subroutine atm_land_ice_flux_exchange_mod::put_logical_to_real::put_logical_to_real_sg, subroutine atm_land_ice_flux_exchange_mod::put_logical_to_real::put_logical_to_real_ug
ntokens:    104
id: 468826977552564676
name: Module: atmos_ocean_dep_fluxes_calc_mod
sourcefile: atmos_ocean_dep_fluxes_calc_mod.md
is_chunked: False
ichunk: 1
chunks: [1]
text: Module atmos_ocean_dep_fluxes_calc_mod handles computation of ocean and atmosphere deposition gas fluxes
ntokens:    175
id: 468826977552564677
name: Module: atmos_ocean_dep_fluxes_calc_mod/Subroutines and functions/subroutine: atmos_ocean_dep_fluxes_calc
sourcefile: atmos_ocean_dep_fluxes_calc_mod.md
is_chunked: True
ichunk: 1
chunks: [1, 2, 3, 4]
text: - name:  atmos_ocean_dep_fluxes_calc
- type:  subroutine  
- description:  Subroutine atmos_ocean_dep_fluxes_calc calculates atmosphere to ocean wet and dry deposition fluxes.
ntokens:    443
id: 468826977552564678
name: Module: atmos_ocean_dep_fluxes_calc_mod/Subroutines and functions/subroutine: atmos_ocean_dep_fluxes_calc
sourcefile: atmos_ocean_dep_fluxes_calc_mod.md
is_chunked: True
ichunk: 2
chunks: [1, 2, 3, 4]
text: - arguments:  gas_fields_atm, gas_fields_ice, gas_fluxes, seawater.gas_fields_atm (inout) is a derived type containing atmospheric surface variables.  gas_fields_ice (inout) is a derived type containing ice-top and ocean surface variables.  gas_fluxes (inout) is a derived type containing gas fluxes between the atmosphere and the ocean, and related parameters.  seawater (inout) is a mask with value of 1 for the open water, 0 if ice or land.
ntokens:    495
id: 468826977552564679
name: Module: atmos_ocean_dep_fluxes_calc_mod/Subroutines and functions/subroutine: atmos_ocean_dep_fluxes_calc
sourcefile: atmos_ocean_dep_fluxes_calc_mod.md
is_chunked: True
ichunk: 3
chunks: [1, 2, 3, 4]
text: - additional description:RETURN IF THE NUMBER OF GAS FLUXES AT BOUNDARY IS ZERO..RETURN IF THE NUMBER OF GAS FLUXES AT BOUNDARY IS ZERO..ERROR IF GAS FLUXES BC ARRAY IS NOT ASSOCIATED..ERROR IF GAS FLUXES BC ARRAY IS NOT ASSOCIATED..COMPUTE DEPOSITION FLUXES IF FLUX WAS NOT OVERRIDDEN BY DATA_OVERRIDE AND IF FLUX TYPE IS AIR-SEA-DEPOSITION..COMPUTE DEPOSITION FLUXES IF FLUX WAS NOT OVERRIDDEN BY DATA_OVERRIDE AND IF FLUX TYPE IS AIR-SEA-DEPOSITION..CALCULATE DEPOSITION FLUXES FOR OPEN WATER
ntokens:    176
id: 468826977552564680
name: Module: atmos_ocean_dep_fluxes_calc_mod/Subroutines and functions/subroutine: atmos_ocean_dep_fluxes_calc
sourcefile: atmos_ocean_dep_fluxes_calc_mod.md
is_chunked: True
ichunk: 4
chunks: [1, 2, 3, 4]
text: DEPOSITION FLUXES FOR OPEN WATER CELLS. SET FLUXES TO ZERO FOR ICE AND LAND CELLS..CALCULATE DEPOSITION FLUXES FOR OPEN WATER CELLS. SET FLUXES TO ZERO FOR ICE AND LAND CELLS..
ntokens:    86
id: 468826977552564681
name: Module: atmos_ocean_fluxes_calc_mod
sourcefile: atmos_ocean_fluxes_calc_mod.md
is_chunked: False
ichunk: 1
chunks: [1]
text: Module atmos_ocean_fluxes_calc_mod calculates gas fluxes between atmosphere and ocean.
ntokens:    120
id: 468826977552564682
name: Module: atmos_ocean_fluxes_calc_mod/Module variables/epsln
sourcefile: atmos_ocean_fluxes_calc_mod.md
is_chunked: False
ichunk: 1
chunks: [1]
text: - name:  epsln
- type:  real, parameter variable
- description:  is a really small number used to prevent divide-by-zero
ntokens:    331
id: 468826977552564683
name: Module: atmos_ocean_fluxes_calc_mod/Subroutines and functions/subroutine, public: atmos_ocean_fluxes_calc
sourcefile: atmos_ocean_fluxes_calc_mod.md
is_chunked: True
ichunk: 1
chunks: [1, 2, 3, 4, 5]
text: - name:  atmos_ocean_fluxes_calc
- type:  subroutine, public  
- description:  Subroutine atmos_ocean_fluxes_calc calculates atmos-ocean gas fluxes. All fluxes are in units of [mol/m^2/s] with values > 0 for upward flux. Deposition fluxes are computed in atmos_ocean_dep_fluxes_calc. All calculations are done on the exchange grid.
ntokens:    490
id: 468826977552564684
name: Module: atmos_ocean_fluxes_calc_mod/Subroutines and functions/subroutine, public: atmos_ocean_fluxes_calc
sourcefile: atmos_ocean_fluxes_calc_mod.md
is_chunked: True
ichunk: 2
chunks: [1, 2, 3, 4, 5]
text: - arguments:  gas_fields_atm, gas_fields_ice, gas_fluxes, seawater, tsurf, ustar, cd_m.gas_fields_atm (inout) is a derived type containing atmospheric surface variables.  gas_fields_ice (inout) is a derived type containing ice-top and ocean surface variables.  gas_fluxes (inout) is a derived type containing gas fluxes between the atmosphere and the ocean, and parameters.  seawater (inout) is a mask with value of 1 for the open water, 0 if ice or land..  tsurf (inout) is the sea-surface
ntokens:    432
id: 468826977552564685
name: Module: atmos_ocean_fluxes_calc_mod/Subroutines and functions/subroutine, public: atmos_ocean_fluxes_calc
sourcefile: atmos_ocean_fluxes_calc_mod.md
is_chunked: True
ichunk: 3
chunks: [1, 2, 3, 4, 5]
text: ice or land..  tsurf (inout) is the sea-surface temperature [K]; used to compute gas-phase and liquid-phase transfer velocities..  ustar (inout) is the friction velocity [m/s]. When provided, overrides the internally computed value u_{10}{C_D} used inside calc_kw..  cd_m (inout) is the drag coefficient [dimensionless]. Only used when ustar is provided; otherwise calc_kw uses the bulk formula C_D = 6.1*10^{-4}+0.63*10^{-4}u_{10}.
ntokens:    472
id: 468826977552564686
name: Module: atmos_ocean_fluxes_calc_mod/Subroutines and functions/subroutine, public: atmos_ocean_fluxes_calc
sourcefile: atmos_ocean_fluxes_calc_mod.md
is_chunked: True
ichunk: 4
chunks: [1, 2, 3, 4, 5]
text: - additional description:RETURN IF THE NUMBER OF GAS FLUXES AT ATMOSPHERE AND OCEAN BOUNDARY IS ZERO..RETURN IF THE NUMBER OF GAS FLUXES AT ATMOSPHERE AND OCEAN BOUNDARY IS ZERO..COMPUTE FLUXES AT BOUNDARY AS FOLLOWS: OCMIP2, DUCE, OR JOHNSON IMPLEMENTATIONS FOR AIR_SEA_GAS_FLUX_GENERIC FLUXES; OCMIP2, OCMIP2_DATA, OR LINEAR IMPLEMENTATIONS FOR AIR_SEA_GAS_FLUX FLUXES; RIVER IMPLEMENTATION FOR LAND_SEA_RUNOFF FLUXES. AIR_SEA_DEPOSITION FLUXES ARE COMPUTED ELSEWHERE IN
ntokens:    383
id: 468826977552564687
name: Module: atmos_ocean_fluxes_calc_mod/Subroutines and functions/subroutine, public: atmos_ocean_fluxes_calc
sourcefile: atmos_ocean_fluxes_calc_mod.md
is_chunked: True
ichunk: 5
chunks: [1, 2, 3, 4, 5]
text: FLUXES ARE COMPUTED ELSEWHERE IN ATMOS_OCEAN_DEP_FLUXES_MOD..COMPUTE FLUXES AT BOUNDARY AS FOLLOWS: OCMIP2, DUCE, OR JOHNSON IMPLEMENTATIONS FOR AIR_SEA_GAS_FLUX_GENERIC FLUXES; OCMIP2, OCMIP2_DATA, OR LINEAR IMPLEMENTATIONS FOR AIR_SEA_GAS_FLUX FLUXES; RIVER IMPLEMENTATION FOR LAND_SEA_RUNOFF FLUXES. AIR_SEA_DEPOSITION FLUXES ARE COMPUTED ELSEWHERE IN ATMOS_OCEAN_DEP_FLUXES_MOD..
ntokens:    39
id: 468826977552564688
name: Module: atmos_ocean_fluxes_calc_mod/Subroutines and functions/real function: calc_kw
sourcefile: atmos_ocean_fluxes_calc_mod.md
is_chunked: True
ichunk: 1
chunks: [1, 2, 3, 4, 5]
text: - name:  calc_kw
- type:  real function
ntokens:    499
id: 468826977552564689
name: Module: atmos_ocean_fluxes_calc_mod/Subroutines and functions/real function: calc_kw
sourcefile: atmos_ocean_fluxes_calc_mod.md
is_chunked: True
ichunk: 2
chunks: [1, 2, 3, 4, 5]
text: - description:  Function calc_kw calculates the total transfer velocities from the "point of view" of liquid following Johnson Implementation from Johnson, Ocean Science, 2010. (http://doi.org/10.5194/os-6-913-2010) Uses equations defined in Liss[1974], F = K_g(c_g - H C_l) = K_l(c_g/H - C_l) where, F is the flux of gas across air-water interface, c_g and C_l are the bulk gas and liquid concentrations, H is the Henry's law constant (H = c_{sg}/C_{sl}), C_{sg} is the equilibrium concentration in
ntokens:    308
id: 468826977552564690
name: Module: atmos_ocean_fluxes_calc_mod/Subroutines and functions/real function: calc_kw
sourcefile: atmos_ocean_fluxes_calc_mod.md
is_chunked: True
ichunk: 3
chunks: [1, 2, 3, 4, 5]
text: C_{sg} is the equilibrium concentration in gas phase [g/cm^3 of air] and C_{sl} is the equilibrium concentration of un-ionized dissolved gas in liquid phase [g/cm^3of water]), and K_g and K_l are the gas-phase and liquid-phase exchange constants, respectively. 1/K_g = 1/k_g + H/k_l 1/K_l = 1/k_l + 1/(H*k_g)
ntokens:    499
id: 468826977552564691
name: Module: atmos_ocean_fluxes_calc_mod/Subroutines and functions/real function: calc_kw
sourcefile: atmos_ocean_fluxes_calc_mod.md
is_chunked: True
ichunk: 4
chunks: [1, 2, 3, 4, 5]
text: - arguments:  tk, p, u10, h, vb, mw, sc_w, ustar, cd_m.tk (inout) is the temperature at surface [K].  p (inout) is the pressure at surface [Pa].  u10 (inout) is the wind speed at 10m above the surface [m/s].  h (inout) is the Henry's law constant (H = c_sg/C_sl) (unitless).  vb (inout) is the Molar volume [m^3/mol].  mw (inout) is the molecular weight [g/mol].  sc_w (inout) is the Schmidt number [dimensionless] used to scale the liquid-phase piston velocity k_l relative to the reference Schmidt
ntokens:    312
id: 468826977552564692
name: Module: atmos_ocean_fluxes_calc_mod/Subroutines and functions/real function: calc_kw
sourcefile: atmos_ocean_fluxes_calc_mod.md
is_chunked: True
ichunk: 5
chunks: [1, 2, 3, 4, 5]
text: velocity k_l relative to the reference Schmidt number of 660 (CO2 at 20 C)..  ustar (inout) is the Friction velocity [m/s]. If not provided, ustar = u_{10}*sqrt{C_D}..  cd_m (inout) is the Drag coefficient ($C_D). Used only if ustar is provided. If ustar is not provided, cd_m = 6.1x10^{-4} + 0.63x10^{-4} * u_10
ntokens:    72
id: 468826977552564693
name: Module: atmos_ocean_fluxes_calc_mod/Subroutines and functions/real function: calc_ka
sourcefile: atmos_ocean_fluxes_calc_mod.md
is_chunked: True
ichunk: 1
chunks: [1, 2, 3]
text: - name:  calc_ka
- type:  real function  
- description:  No description
ntokens:    492
id: 468826977552564694
name: Module: atmos_ocean_fluxes_calc_mod/Subroutines and functions/real function: calc_ka
sourcefile: atmos_ocean_fluxes_calc_mod.md
is_chunked: True
ichunk: 2
chunks: [1, 2, 3]
text: - arguments:  t, p, mw, vb, u10, ustar, cd_m.t (inout) is the temperature at surface in [C].  p (inout) is the pressure at surface in [Pa].  mw (inout) is the molecular weight [g/mol].  vb (inout) is the molar volume [m^3/mol].  u10 (inout) is the wind speed at 10m above the surface in [m/s].  ustar (inout) is the Friction velocity [m/s]. If not provided, ustar = u_{10}*sqrt{C_D}..  cd_m (inout) is the Drag coefficient C_D. Used only if ustar is provided. If ustar is not provided, cd_m =
ntokens:    79
id: 468826977552564695
name: Module: atmos_ocean_fluxes_calc_mod/Subroutines and functions/real function: calc_ka
sourcefile: atmos_ocean_fluxes_calc_mod.md
is_chunked: True
ichunk: 3
chunks: [1, 2, 3]
text: is provided. If ustar is not provided, cd_m = 6.1x10^{-4} + 0.63x10^{-4} * u_10
ntokens:    454
id: 468826977552564696
name: Module: atmos_ocean_fluxes_calc_mod/Subroutines and functions/real function: calc_kl
sourcefile: atmos_ocean_fluxes_calc_mod.md
is_chunked: False
ichunk: 1
chunks: [1]
text: - name:  calc_kl
- type:  real function  
- description:  Function calc_kl computes k_l, the liquid-side transfer velocity. See Johnson, Ocean Science, 2010. (http://doi.org/10.5194/os-6-913-2010) and Nightingale, Global Biogeochemical Cycles, 2000 (https://doi.org/10.1029/1999GB900091)  
- arguments:  t, v, sc.t (inout) is the temperature at surface [C].  v (inout) is the wind speed at surface [m/s].  sc (inout) is the Schmidt number [dimensionless]
ntokens:    327
id: 468826977552564697
name: Module: atmos_ocean_fluxes_calc_mod/Subroutines and functions/real function: schmidt_g
sourcefile: atmos_ocean_fluxes_calc_mod.md
is_chunked: False
ichunk: 1
chunks: [1]
text: - name:  schmidt_g
- type:  real function  
- description:  Function schmidt_g computes the Schmidt number of gas in air.  
- arguments:  t, p, mw, vb.t (inout) is the temperature at surface [C].  p (inout) is the pressure at surface [Pa].  mw (inout) is the molecular weight [g/mol].  vb (inout) is the molar volume [cm^3/mol]
ntokens:    412
id: 468826977552564698
name: Module: atmos_ocean_fluxes_calc_mod/Subroutines and functions/real function: d_air
sourcefile: atmos_ocean_fluxes_calc_mod.md
is_chunked: False
ichunk: 1
chunks: [1]
text: - name:  d_air
- type:  real function  
- description:  Function d_air computes the diffusion coefficient of gas in air [m^2/s] following Fuller, Industrial & Engineering Chemistry (https://doi.org/10.1021/ie50677a007).  
- arguments:  t, p, mw, vb.t (inout) is the temperature [C].  p (inout) is the pressure [Pa].  mw (inout) is the molecular weight [g/mol].  vb (inout) is the diffusion coefficient [cm^3/mol]
ntokens:    330
id: 468826977552564699
name: Module: atmos_ocean_fluxes_calc_mod/Subroutines and functions/real function: p_air
sourcefile: atmos_ocean_fluxes_calc_mod.md
is_chunked: False
ichunk: 1
chunks: [1]
text: - name:  p_air
- type:  real function  
- description:  Function p_air computes the density of air [kg/m^3] as a cubic polynomial in temperature. Coefficients sd_0, ..., sd_3 approximate the dry-air density at standard pressure.  
t  
is the temperature at surface [C]  
- arguments:  t.t (inout) is the temperature at surface [C]
ntokens:    181
id: 468826977552564700
name: Module: atmos_ocean_fluxes_calc_mod/Subroutines and functions/real function: v_air
sourcefile: atmos_ocean_fluxes_calc_mod.md
is_chunked: False
ichunk: 1
chunks: [1]
text: - name:  v_air
- type:  real function  
- description:  Function v_air computes the kinematic viscosity in air [m^2/s].  
- arguments:  t.t (inout) is the temperature at surface [C]
ntokens:    178
id: 468826977552564701
name: Module: atmos_ocean_fluxes_calc_mod/Subroutines and functions/real function: n_air
sourcefile: atmos_ocean_fluxes_calc_mod.md
is_chunked: False
ichunk: 1
chunks: [1]
text: - name:  n_air
- type:  real function  
- description:  Function n_air computes the dynamic viscosity in air [Pa*s].  
- arguments:  t.t (inout) is the temperature at surface [C]
ntokens:    78
id: 468826977552564702
name: Module: flux_exchange_mod
sourcefile: flux_exchange_mod.md
is_chunked: False
ichunk: 1
chunks: [1]
text: Flux_exchange_mod is the top level module for flux exchange between components
ntokens:    112
id: 468826977552564703
name: Module: flux_exchange_mod/Module variables/tag
sourcefile: flux_exchange_mod.md
is_chunked: False
ichunk: 1
chunks: [1]
text: - name:  tag
- type:  character(len=128) variable
- description:  is a string set automatically at compile time.
ntokens:    103
id: 468826977552564704
name: Module: flux_exchange_mod/Module variables/do_init
sourcefile: flux_exchange_mod.md
is_chunked: False
ichunk: 1
chunks: [1]
text: - name:  do_init
- type:  logical variable
- description:  is a flag where if .TRUE., initialize module
ntokens:    148
id: 468826977552564705
name: Module: flux_exchange_mod/Module variables/bound_tol
sourcefile: flux_exchange_mod.md
is_chunked: False
ichunk: 1
chunks: [1]
text: - name:  bound_tol
- type:  real, parameter variable
- description:  is the tolerance value used when checking grid-boundary coordinate consistency.
ntokens:    118
id: 468826977552564706
name: Module: flux_exchange_mod/Module variables/d622
sourcefile: flux_exchange_mod.md
is_chunked: False
ichunk: 1
chunks: [1]
text: - name:  d622
- type:  real, parameter variable
- description:  is the ratio of dry-air and water-vapor gas constants.
ntokens:    120
id: 468826977552564707
name: Module: flux_exchange_mod/Module variables/d378
sourcefile: flux_exchange_mod.md
is_chunked: False
ichunk: 1
chunks: [1]
text: - name:  d378
- type:  real, parameter variable
- description:  is the complement of d622, used in humidity conversions.
ntokens:    167
id: 468826977552564708
name: Module: flux_exchange_mod/Module variables/z_ref_heat
sourcefile: flux_exchange_mod.md
is_chunked: False
ichunk: 1
chunks: [1]
text: - name:  z_ref_heat
- type:  real variable
- description:  is the reference height [m] for temperature and relative humidity diagnostics (t_ref, rh_ref, del_h, del_q).
ntokens:    133
id: 468826977552564709
name: Module: flux_exchange_mod/Module variables/z_ref_mom
sourcefile: flux_exchange_mod.md
is_chunked: False
ichunk: 1
chunks: [1]
text: - name:  z_ref_mom
- type:  real variable
- description:  is the reference height [m] for momentum diagnostics (u_ref, v_ref, del_m).
ntokens:    181
id: 468826977552564710
name: Module: flux_exchange_mod/Module variables/do_area_weighted_flux
sourcefile: flux_exchange_mod.md
is_chunked: False
ichunk: 1
chunks: [1]
text: - name:  do_area_weighted_flux
- type:  logical variable
- description:  is a namelist flag where if .TRUE., normalize exchanged fluxes by the area; used in ice_ocean_flux_exchange.
ntokens:    153
id: 468826977552564711
name: Module: flux_exchange_mod/Module variables/debug_stocks
sourcefile: flux_exchange_mod.md
is_chunked: False
ichunk: 1
chunks: [1]
text: - name:  debug_stocks
- type:  logical variable
- description:  is a namelist flag where if .TRUE., enable extra stock-conservation output for debugging.
ntokens:    163
id: 468826977552564712
name: Module: flux_exchange_mod/Module variables/divert_stocks_report
sourcefile: flux_exchange_mod.md
is_chunked: False
ichunk: 1
chunks: [1]
text: - name:  divert_stocks_report
- type:  logical variable
- description:  is a namelist flag where if .TRUE., write stock reports 'stocks.out'; else write to stdout.
ntokens:    147
id: 468826977552564713
name: Module: flux_exchange_mod/Module variables/do_runoff
sourcefile: flux_exchange_mod.md
is_chunked: False
ichunk: 1
chunks: [1]
text: - name:  do_runoff
- type:  logical variable
- description:  is a namelist flag where if .TRUE., turn on the land runoff interpolation to the ocean
ntokens:    82
id: 468826977552564714
name: Module: flux_exchange_mod/Module variables/do_forecast
sourcefile: flux_exchange_mod.md
is_chunked: False
ichunk: 1
chunks: [1]
text: - name:  do_forecast
- type:  logical variable
- description:  is a namelist flag.
ntokens:    125
id: 468826977552564715
name: Module: flux_exchange_mod/Module variables/nblocks
sourcefile: flux_exchange_mod.md
is_chunked: False
ichunk: 1
chunks: [1]
text: - name:  nblocks
- type:  integer variable
- description:  is a namelist variable for number of OpenMP blocks, defaults to 1.
ntokens:    185
id: 468826977552564716
name: Module: flux_exchange_mod/Module variables/partition_fprec_from_lprec
sourcefile: flux_exchange_mod.md
is_chunked: False
ichunk: 1
chunks: [1]
text: - name:  partition_fprec_from_lprec
- type:  logical variable
- description:  is a namelist flag where if .TRUE., convert liquid precip to snow when t_ref is less than tfreeze parameter
ntokens:    123
id: 468826977552564717
name: Module: flux_exchange_mod/Module variables/tfreeze
sourcefile: flux_exchange_mod.md
is_chunked: False
ichunk: 1
chunks: [1]
text: - name:  tfreeze
- type:  real, parameter variable
- description:  is the freezing point of water at one atmosphere in [K].
ntokens:    169
id: 468826977552564718
name: Module: flux_exchange_mod/Module variables/scale_precip_2d
sourcefile: flux_exchange_mod.md
is_chunked: False
ichunk: 1
chunks: [1]
text: - name:  scale_precip_2d
- type:  logical variable
- description:  is a namelist flag where if .TRUE., rescale liquid precipitation using a 2-D field from data override.
ntokens:    135
id: 468826977552564719
name: Module: flux_exchange_mod/Module variables/gas_fluxes_initialized
sourcefile: flux_exchange_mod.md
is_chunked: False
ichunk: 1
chunks: [1]
text: - name:  gas_fluxes_initialized
- type:  logical variable
- description:  is a flag to indicate component fluxes have been initialized.
ntokens:    211
id: 468826977552564720
name: Module: flux_exchange_mod/Module variables/ex_gas_fields_atm
sourcefile: flux_exchange_mod.md
is_chunked: False
ichunk: 1
chunks: [1]
text: - name:  ex_gas_fields_atm
- type:  type(fmscoupler1dbc_type), target variable
- description:  is a derived type containing atmospheric surface variables that are used in calculating atmosphere-ocean gas fluxes.
ntokens:    217
id: 468826977552564721
name: Module: flux_exchange_mod/Module variables/ex_gas_fields_ice
sourcefile: flux_exchange_mod.md
is_chunked: False
ichunk: 1
chunks: [1]
text: - name:  ex_gas_fields_ice
- type:  type(fmscoupler1dbc_type), target variable
- description:  is a derived type containing ice-top and ocean surface variables that are used in calculating atmosphere-ocean gas fluxes.
ntokens:    256
id: 468826977552564722
name: Module: flux_exchange_mod/Module variables/ex_gas_fluxes
sourcefile: flux_exchange_mod.md
is_chunked: False
ichunk: 1
chunks: [1]
text: - name:  ex_gas_fluxes
- type:  type(fmscoupler1dbc_type), target variable
- description:  is a derived type for exchanging gas or tracer fluxes between the atmosphere and ocean, defined by the field table. Also a place holder of intermediate calculations.
ntokens:    113
id: 468826977552564723
name: Module: flux_exchange_mod/Module variables/ni_atm
sourcefile: flux_exchange_mod.md
is_chunked: False
ichunk: 1
chunks: [1]
text: - name:  ni_atm
- type:  integer variable
- description:  is the number of x gridpoints in the atm compute domain
ntokens:    113
id: 468826977552564724
name: Module: flux_exchange_mod/Module variables/nj_atm
sourcefile: flux_exchange_mod.md
is_chunked: False
ichunk: 1
chunks: [1]
text: - name:  nj_atm
- type:  integer variable
- description:  is the number of y gridpoints in the atm compute domain
ntokens:    135
id: 468826977552564725
name: Module: flux_exchange_mod/Module variables/ccc
sourcefile: flux_exchange_mod.md
is_chunked: False
ichunk: 1
chunks: [1]
text: - name:  ccc
- type:  real, dimension(3) variable
- description:  is a temporary array used for conservation-check summaries; not used.
ntokens:    114
id: 468826977552564726
name: Module: flux_exchange_mod/Module variables/cplclock
sourcefile: flux_exchange_mod.md
is_chunked: False
ichunk: 1
chunks: [1]
text: - name:  cplclock
- type:  integer variable
- description:  is the FMS clock id to profile land-ice-atmos coupler.
ntokens:    85
id: 468826977552564727
name: Module: flux_exchange_mod/Module variables/dt_atm
sourcefile: flux_exchange_mod.md
is_chunked: False
ichunk: 1
chunks: [1]
text: - name:  dt_atm
- type:  real variable
- description:  is the atmosphere timestep [s]
ntokens:    87
id: 468826977552564728
name: Module: flux_exchange_mod/Module variables/dt_cpl
sourcefile: flux_exchange_mod.md
is_chunked: False
ichunk: 1
chunks: [1]
text: - name:  dt_cpl
- type:  real variable
- description:  is the coupled timesteps in [s].
ntokens:    133
id: 468826977552564729
name: Module: flux_exchange_mod/Module variables/atm_precip_new
sourcefile: flux_exchange_mod.md
is_chunked: False
ichunk: 1
chunks: [1]
text: - name:  atm_precip_new
- type:  real variable
- description:  is used to take into account implicit evaporation in stock computation
ntokens:    277
id: 468826977552564730
name: Module: flux_exchange_mod/Subroutines and functions/subroutine, public: gas_exchange_init
sourcefile: flux_exchange_mod.md
is_chunked: True
ichunk: 1
chunks: [1, 2, 3, 4]
text: - name:  gas_exchange_init
- type:  subroutine, public  
- description:  Subroutine gas_exchange_init initializes the fms_atmos_ocean_type_fluxes, ocean_model_fluxes, and atmos_tracer_flux. The subroutine also calls fms_atmos_ocean_fluxes to initialize ex_gas_fluxes and fields
ntokens:    496
id: 468826977552564731
name: Module: flux_exchange_mod/Subroutines and functions/subroutine, public: gas_exchange_init
sourcefile: flux_exchange_mod.md
is_chunked: True
ichunk: 2
chunks: [1, 2, 3, 4]
text: - arguments:  gas_fields_atm, gas_fields_ice, gas_fluxes.gas_fields_atm (inout) is a derived type containing atmospheric surface variables that are used in computing atmosphere-ocean gas fluxes..  gas_fields_ice (inout) is a derived type containing ice-top and ocean surface variables that are used in computing atmosphere-ocean gas fluxes..  gas_fluxes (inout) is a derived type for exchanging gas or tracer fluxes between the atmosphere and ocean, defined by the field table, as well as a place
ntokens:    149
id: 468826977552564732
name: Module: flux_exchange_mod/Subroutines and functions/subroutine, public: gas_exchange_init
sourcefile: flux_exchange_mod.md
is_chunked: True
ichunk: 3
chunks: [1, 2, 3, 4]
text: defined by the field table, as well as a place holder of intermediate calculations, such as piston velocities, and parameters that impact the fluxes.
ntokens:    455
id: 468826977552564733
name: Module: flux_exchange_mod/Subroutines and functions/subroutine, public: gas_exchange_init
sourcefile: flux_exchange_mod.md
is_chunked: True
ichunk: 4
chunks: [1, 2, 3, 4]
text: - additional description:CALL ATMOS_TRACER_FLUX_INIT(), OCEAN_MODEL_FLUX_INIT(), ATMOS_TRACER_FLUX_INIT(). ALSO CALLS FMS_ATMOS_OCEAN_FLUXES_INIT() TO ALLOCATE DERIVED TYPES..CALL ATMOS_TRACER_FLUX_INIT(), OCEAN_MODEL_FLUX_INIT(), ATMOS_TRACER_FLUX_INIT(). ALSO CALLS FMS_ATMOS_OCEAN_FLUXES_INIT() TO ALLOCATE DERIVED TYPES..SET MODULE LEVEL GAS_FIELDS_ATM, GAS_FIELDS_ICE, AND GAS_FLUXES..SET MODULE LEVEL GAS_FIELDS_ATM, GAS_FIELDS_ICE, AND GAS_FLUXES..
ntokens:    404
id: 468826977552564734
name: Module: flux_exchange_mod/Subroutines and functions/subroutine, public: flux_exchange_init
sourcefile: flux_exchange_mod.md
is_chunked: True
ichunk: 1
chunks: [1, 2, 3, 4, 5, 6, 7]
text: - name:  flux_exchange_init
- type:  subroutine, public  
- description:  Subroutine flux_exchange_init setups derived types and variables, and initializes modules that will be used in flux exchange. Ocean_tracer_flux_init is called first to get restart filenames for tracer fluxes for restart model runs. Atmos_tracer_flux_init is called last in order to use tracer values set in ocean_tracer_flux_init.
ntokens:    494
id: 468826977552564735
name: Module: flux_exchange_mod/Subroutines and functions/subroutine, public: flux_exchange_init
sourcefile: flux_exchange_mod.md
is_chunked: True
ichunk: 2
chunks: [1, 2, 3, 4, 5, 6, 7]
text: - arguments:  Time, Atm, Land, Ice, Ocean, Ocean_state, atmos_ice_boundary, land_ice_atmos_boundary, land_ice_boundary, ice_ocean_boundary, ocean_ice_boundary, do_ocean, slow_ice_ocean_pelist, dt_atmos, dt_cpld.time (inout) is the model current time.  atm (inout) is a derived type to specify atm boundary data.  land (inout) is a derived type to specify land boundary data.  ice (inout) is a derived type to specify ice boundary data.  ocean (inout) is a derived type to specify ocean boundary
ntokens:    495
id: 468826977552564736
name: Module: flux_exchange_mod/Subroutines and functions/subroutine, public: flux_exchange_init
sourcefile: flux_exchange_mod.md
is_chunked: True
ichunk: 3
chunks: [1, 2, 3, 4, 5, 6, 7]
text: is a derived type to specify ocean boundary data.  ocean_state (inout) is a pointer to the ocean model's internal state.  atmos_ice_boundary (inout) is a derived type holding properties and fluxes passed from atmosphere to ice.  land_ice_atmos_boundary (inout) is a derived type holding properties and fluxes passed from land and ice to atm.  land_ice_boundary (inout) is a derived type holding properties and fluxes passed from land to ice.  ice_ocean_boundary (inout) is a derived type holding
ntokens:    448
id: 468826977552564737
name: Module: flux_exchange_mod/Subroutines and functions/subroutine, public: flux_exchange_init
sourcefile: flux_exchange_mod.md
is_chunked: True
ichunk: 4
chunks: [1, 2, 3, 4, 5, 6, 7]
text: (inout) is a derived type holding properties and fluxes passed from ice to ocean.  ocean_ice_boundary (inout) is a derived type holding properties and fluxes passed from ocean to ice.  do_ocean (inout) is a flag indicating whether the ocean component is active.  slow_ice_ocean_pelist (inout) is an array holding pes for slow ice-ocean exchange.  dt_atmos (inout) is the atmosphere time step in [s].  dt_cpld (inout) is the coupled time step in [s]
ntokens:    499
id: 468826977552564738
name: Module: flux_exchange_mod/Subroutines and functions/subroutine, public: flux_exchange_init
sourcefile: flux_exchange_mod.md
is_chunked: True
ichunk: 5
chunks: [1, 2, 3, 4, 5, 6, 7]
text: - additional description:CALL FMS_SAT_VAPOR_PRES_INIT..CALL FMS_SAT_VAPOR_PRES_INIT..SETUP OPENMP PARAMETERS..SETUP OPENMP PARAMETERS..SET LOGFILE..SET LOGFILE..READ FLUX_EXCHANGE_NML..READ FLUX_EXCHANGE_NML..WRITE NAMELIST TO LOGFILE..WRITE NAMELIST TO LOGFILE..SET MODULE LEVEL DT_ATM AND DT_CPL TIMESTEPS..SET MODULE LEVEL DT_ATM AND DT_CPL TIMESTEPS..GET OCEAN MODEL GRID CELL AREAS FROM GRID_SPEC..GET OCEAN MODEL GRID CELL AREAS FROM GRID_SPEC..IF ATMPE, CALL ATM_LAND_ICE_FLUX_EXCHANGE_INIT()
ntokens:    484
id: 468826977552564739
name: Module: flux_exchange_mod/Subroutines and functions/subroutine, public: flux_exchange_init
sourcefile: flux_exchange_mod.md
is_chunked: True
ichunk: 6
chunks: [1, 2, 3, 4, 5, 6, 7]
text: ATMPE, CALL ATM_LAND_ICE_FLUX_EXCHANGE_INIT() AND LAND_ICE_FLUX_EXCHANGE_INIT() ALSO CHECK ATM_GRID CONSISTENCY WITH PROVIDED GRID_SPEC..IF ATMPE, CALL ATM_LAND_ICE_FLUX_EXCHANGE_INIT() AND LAND_ICE_FLUX_EXCHANGE_INIT() ALSO CHECK ATM_GRID CONSISTENCY WITH PROVIDED GRID_SPEC..CALL ICE_OCEAN_FLUX_EXCHANGE_INIT()..CALL ICE_OCEAN_FLUX_EXCHANGE_INIT()..SET DO_INIT TO .FALSE. TO SKIP INITIALIZATION IF FLUX_EXCHANGE_INIT IS CALLED AGAIN..SET DO_INIT TO .FALSE. TO SKIP INITIALIZATION IF
ntokens:    81
id: 468826977552564740
name: Module: flux_exchange_mod/Subroutines and functions/subroutine, public: flux_exchange_init
sourcefile: flux_exchange_mod.md
is_chunked: True
ichunk: 7
chunks: [1, 2, 3, 4, 5, 6, 7]
text: DO_INIT TO .FALSE. TO SKIP INITIALIZATION IF FLUX_EXCHANGE_INIT IS CALLED AGAIN..
ntokens:    251
id: 468826977552564741
name: Module: flux_exchange_mod/Subroutines and functions/subroutine, public: flux_check_stocks
sourcefile: flux_exchange_mod.md
is_chunked: True
ichunk: 1
chunks: [1, 2, 3, 4]
text: - name:  flux_check_stocks
- type:  subroutine, public  
- description:  Subroutine flux_check_stocks computes the current stock values for atm, land, ice, and ocean; and outputs the stock differences with respect to the initial values in the logfile.
ntokens:    412
id: 468826977552564742
name: Module: flux_exchange_mod/Subroutines and functions/subroutine, public: flux_check_stocks
sourcefile: flux_exchange_mod.md
is_chunked: True
ichunk: 2
chunks: [1, 2, 3, 4]
text: - arguments:  Time, Atm, Lnd, Ice, Ocn_state.time (inout) is the model's current time.  atm (inout) is the atmosphere boundary data type used to compute atmosphere stocks.  lnd (inout) is the land boundary data type used to compute land stocks.  ice (inout) is the ice boundary data type used to compute ice stocks.  ocn_state (inout) is a pointer to the ocean model's internal state used to compute ocean stocks
ntokens:    496
id: 468826977552564743
name: Module: flux_exchange_mod/Subroutines and functions/subroutine, public: flux_check_stocks
sourcefile: flux_exchange_mod.md
is_chunked: True
ichunk: 3
chunks: [1, 2, 3, 4]
text: - additional description:FOR WATER, HEAT, AND SALT STOCKS FOR EACH COMPONENT, GET CURRENT STOCK VALUE AND COMPARE WITH INTEGRATED FLUXES FOR ATM WATER STOCK. FOR ATM, INTEGRATE ATM_PRECIP_NEW FOR IMPLICIT EVAPORATION..FOR WATER, HEAT, AND SALT STOCKS FOR EACH COMPONENT, GET CURRENT STOCK VALUE AND COMPARE WITH INTEGRATED FLUXES FOR ATM WATER STOCK. FOR ATM, INTEGRATE ATM_PRECIP_NEW FOR IMPLICIT EVAPORATION..PRINT FOR EACH ELEMENT, S(t): TOTAL STOCK, S(t)-S(0): CHANGE IN STOCK WITH RESPECT TO
ntokens:    484
id: 468826977552564744
name: Module: flux_exchange_mod/Subroutines and functions/subroutine, public: flux_check_stocks
sourcefile: flux_exchange_mod.md
is_chunked: True
ichunk: 4
chunks: [1, 2, 3, 4]
text: STOCK, S(t)-S(0): CHANGE IN STOCK WITH RESPECT TO INITIAL VALUE, F(t): CUMULATIVE FLUX INTO COMPONENT FROM OTHER COMPONENTS F(t) - [S(t)-S(0)]: DIFFERENCE BETWEEN THE FLUXES AND STOCK CHANGE (S(t)-S(0))/F(t): RELATIVE ERROR.PRINT FOR EACH ELEMENT, S(t): TOTAL STOCK, S(t)-S(0): CHANGE IN STOCK WITH RESPECT TO INITIAL VALUE, F(t): CUMULATIVE FLUX INTO COMPONENT FROM OTHER COMPONENTS F(t) - [S(t)-S(0)]: DIFFERENCE BETWEEN THE FLUXES AND STOCK CHANGE (S(t)-S(0))/F(t): RELATIVE ERROR.
ntokens:    300
id: 468826977552564745
name: Module: flux_exchange_mod/Subroutines and functions/subroutine, public: flux_init_stocks
sourcefile: flux_exchange_mod.md
is_chunked: True
ichunk: 1
chunks: [1, 2, 3, 4]
text: - name:  flux_init_stocks
- type:  subroutine, public  
- description:  Subroutine flux_init_stocks initializes the stock values for the atmosphere, land, ice, and ocean. Stocks are the globally integrated total amoun of conserved quantities such as mass and energy and is used to check conservation.
ntokens:    332
id: 468826977552564746
name: Module: flux_exchange_mod/Subroutines and functions/subroutine, public: flux_init_stocks
sourcefile: flux_exchange_mod.md
is_chunked: True
ichunk: 2
chunks: [1, 2, 3, 4]
text: - arguments:  Time, Atm, Lnd, Ice, Ocn_state.time (inout) is the model's current time.  atm (inout) is a derived type holding atmosphere boundary data.  lnd (inout) is a derived type holding land boundary data.  ice (inout) is a derived type holding ice boundary data.  ocn_state (inout) is a pointer to ocean model's internal state
ntokens:    499
id: 468826977552564747
name: Module: flux_exchange_mod/Subroutines and functions/subroutine, public: flux_init_stocks
sourcefile: flux_exchange_mod.md
is_chunked: True
ichunk: 3
chunks: [1, 2, 3, 4]
text: - additional description:IF DIVERT_STOCKS_REPORT IS FALSE, OPEN STOCKS OUTPUT FILE TO STDOUT. IF DIVERT_STOCKS_REPORT IS TRUE, OPEN STOCKS OUTPUT FILE TO "stocks.out". ONLY THE ROOT PE WILL WRITE TO THE FILE..IF DIVERT_STOCKS_REPORT IS FALSE, OPEN STOCKS OUTPUT FILE TO STDOUT. IF DIVERT_STOCKS_REPORT IS TRUE, OPEN STOCKS OUTPUT FILE TO "stocks.out". ONLY THE ROOT PE WILL WRITE TO THE FILE..INITIALIZE WATER, HEAT, AND SALT STOCK VALUES FOR EACH COMPONENT. FOR ATMOSPHERE, INTEGRATE ATM_PRECIP_NEW
ntokens:    266
id: 468826977552564748
name: Module: flux_exchange_mod/Subroutines and functions/subroutine, public: flux_init_stocks
sourcefile: flux_exchange_mod.md
is_chunked: True
ichunk: 4
chunks: [1, 2, 3, 4]
text: FOR ATMOSPHERE, INTEGRATE ATM_PRECIP_NEW TO GET THE INITIAL ISTOCK_WATER..INITIALIZE WATER, HEAT, AND SALT STOCK VALUES FOR EACH COMPONENT. FOR ATMOSPHERE, INTEGRATE ATM_PRECIP_NEW TO GET THE INITIAL ISTOCK_WATER..INITIALIZE STOCKS IN FMS..INITIALIZE STOCKS IN FMS..
ntokens:    364
id: 468826977552564749
name: Module: flux_exchange_mod/Subroutines and functions/subroutine: check_atm_grid
sourcefile: flux_exchange_mod.md
is_chunked: True
ichunk: 1
chunks: [1, 2]
text: - name:  check_atm_grid
- type:  subroutine  
- description:  Subroutine check_atm_grid checks the consistency of the atmosphere grid specified in the model with the grid specified in the grid_file.  
- arguments:  Atm, grid_file.atm (inout) is a derived type holding atmosphere boundary and grid data.  grid_file (inout) is the path to the grid specification file
ntokens:    397
id: 468826977552564750
name: Module: flux_exchange_mod/Subroutines and functions/subroutine: check_atm_grid
sourcefile: flux_exchange_mod.md
is_chunked: True
ichunk: 2
chunks: [1, 2]
text: - additional description:GET GLOBAL, COMPUTE, AND DATA DOMAIN INDICES AND SIZES FOR THE ATMOSPHERE COMPONENT..GET GLOBAL, COMPUTE, AND DATA DOMAIN INDICES AND SIZES FOR THE ATMOSPHERE COMPONENT..OPEN GRID_FILE..OPEN GRID_FILE..CHECK GRID SIZES ARE CONSISTENT..CHECK GRID SIZES ARE CONSISTENT..CHECK LON, LAT, AND GRID CELL AREAS ARE CONSISTENT..CHECK LON, LAT, AND GRID CELL AREAS ARE CONSISTENT..
ntokens:    466
id: 468826977552564751
name: Module: full_coupler_mod
sourcefile: full_coupler_mod.md
is_chunked: False
ichunk: 1
chunks: [1]
text: Module coupler_mod contains the public coupler driver routines for the fully coupled GFDL climate model (atmosphere, land, sea ice, and ocean).Each routine in this module is a wrapper around a "science" routine. The wrappers add:
fms_mpp_clock_begin and end to measure performanceOptional checksum computation if do_chksum namelist flag is .true.Optional memory-usage reporting if do_debug namelist flag is .true.mpp_set_current_pelist calls for MPI synchronization.
ntokens:    92
id: 468826977552564752
name: Module: full_coupler_mod/Module variables/current_date
sourcefile: full_coupler_mod.md
is_chunked: False
ichunk: 1
chunks: [1]
text: - name:  current_date
- type:  integer, dimension(6) variable
- description:  No description
ntokens:    280
id: 468826977552564753
name: Module: full_coupler_mod/Module variables/calendar
sourcefile: full_coupler_mod.md
is_chunked: False
ichunk: 1
chunks: [1]
text: - name:  calendar
- type:  character(len=17) variable
- description:  is a variable in the coupler namelist (coupler_nml) with forma (yr, mo, day, hr, min, sec) to set the model start date. Example — start a run on 1 January 2000: &coupler_nml current_date = 2000, 1, 1, 0, 0, 0 /
ntokens:    90
id: 468826977552564754
name: Module: full_coupler_mod/Module variables/force_date_from_namelist
sourcefile: full_coupler_mod.md
is_chunked: False
ichunk: 1
chunks: [1]
text: - name:  force_date_from_namelist
- type:  logical variable
- description:  No description
ntokens:    195
id: 468826977552564755
name: Module: full_coupler_mod/Module variables/months
sourcefile: full_coupler_mod.md
is_chunked: False
ichunk: 1
chunks: [1]
text: - name:  months
- type:  integer, public variable
- description:  is a flag in the coupler namelist (coupler_nml) where a .true. value enforces starting date to be current_date from the namelist.
ntokens:    135
id: 468826977552564756
name: Module: full_coupler_mod/Module variables/days
sourcefile: full_coupler_mod.md
is_chunked: False
ichunk: 1
chunks: [1]
text: - name:  days
- type:  integer, public variable
- description:  is a namelist variable to set the number of additional days to simulate
ntokens:    137
id: 468826977552564757
name: Module: full_coupler_mod/Module variables/hours
sourcefile: full_coupler_mod.md
is_chunked: False
ichunk: 1
chunks: [1]
text: - name:  hours
- type:  integer, public variable
- description:  is a namelist variable to set the number of additional hours to simulate
ntokens:    141
id: 468826977552564758
name: Module: full_coupler_mod/Module variables/minutes
sourcefile: full_coupler_mod.md
is_chunked: False
ichunk: 1
chunks: [1]
text: - name:  minutes
- type:  integer, public variable
- description:  is a namelist variable to set the number of additional minutes to simulate
ntokens:    141
id: 468826977552564759
name: Module: full_coupler_mod/Module variables/seconds
sourcefile: full_coupler_mod.md
is_chunked: False
ichunk: 1
chunks: [1]
text: - name:  seconds
- type:  integer, public variable
- description:  is a namelist variable to set the number of additional seconds to simulate
ntokens:    194
id: 468826977552564760
name: Module: full_coupler_mod/Module variables/dt_atmos
sourcefile: full_coupler_mod.md
is_chunked: False
ichunk: 1
chunks: [1]
text: - name:  dt_atmos
- type:  integer, public variable
- description:  is a namelist variable to set the the time step [s] for the atmospheric model dynamics and fast coupling with land and sea ice
ntokens:    245
id: 468826977552564761
name: Module: full_coupler_mod/Module variables/dt_cpld
sourcefile: full_coupler_mod.md
is_chunked: False
ichunk: 1
chunks: [1]
text: - name:  dt_cpld
- type:  integer, public variable
- description:  is a namelist variable to set the time step [s] for coupling between ocean and atmosphere. This mus be an integral multiple of dt_atmos and dt_ocean. This is the "slow" timestep.
ntokens:    163
id: 468826977552564762
name: Module: full_coupler_mod/Module variables/atmos_npes
sourcefile: full_coupler_mod.md
is_chunked: False
ichunk: 1
chunks: [1]
text: - name:  atmos_npes
- type:  integer, public variable
- description:  is a namelist variable to set the number of MPI ranks (processing element) for the atmosphere
ntokens:    158
id: 468826977552564763
name: Module: full_coupler_mod/Module variables/ocean_npes
sourcefile: full_coupler_mod.md
is_chunked: False
ichunk: 1
chunks: [1]
text: - name:  ocean_npes
- type:  integer, public variable
- description:  is a namelist variable to set the number of MPI ranks (processing element) for the ocean
ntokens:    154
id: 468826977552564764
name: Module: full_coupler_mod/Module variables/ice_npes
sourcefile: full_coupler_mod.md
is_chunked: False
ichunk: 1
chunks: [1]
text: - name:  ice_npes
- type:  integer, public variable
- description:  is a namelist variable to set the number of MPI ranks (processing element) for the ice
ntokens:    156
id: 468826977552564765
name: Module: full_coupler_mod/Module variables/land_npes
sourcefile: full_coupler_mod.md
is_chunked: False
ichunk: 1
chunks: [1]
text: - name:  land_npes
- type:  integer, public variable
- description:  is a namelist variable to set the number of MPI ranks (processing element) for the land
ntokens:    158
id: 468826977552564766
name: Module: full_coupler_mod/Module variables/atmos_nthreads
sourcefile: full_coupler_mod.md
is_chunked: False
ichunk: 1
chunks: [1]
text: - name:  atmos_nthreads
- type:  integer, public variable
- description:  is a namelist variable to set the number of OpenMP threads to use for the atmosphere
ntokens:    153
id: 468826977552564767
name: Module: full_coupler_mod/Module variables/ocean_nthreads
sourcefile: full_coupler_mod.md
is_chunked: False
ichunk: 1
chunks: [1]
text: - name:  ocean_nthreads
- type:  integer, public variable
- description:  is a namelist variable to set the number of OpenMP threads to use for the ocean
ntokens:    214
id: 468826977552564768
name: Module: full_coupler_mod/Module variables/radiation_nthreads
sourcefile: full_coupler_mod.md
is_chunked: False
ichunk: 1
chunks: [1]
text: - name:  radiation_nthreads
- type:  integer, public variable
- description:  is a namelist variable to set the number of threads to use for radiation; is set to atmos_nthreads if do_concurrent_radiation is .false.
ntokens:    127
id: 468826977552564769
name: Module: full_coupler_mod/Module variables/do_atmos
sourcefile: full_coupler_mod.md
is_chunked: False
ichunk: 1
chunks: [1]
text: - name:  do_atmos
- type:  logical, public variable
- description:  is a namelist flag where if .false., skip atmosphere update
ntokens:    126
id: 468826977552564770
name: Module: full_coupler_mod/Module variables/do_land
sourcefile: full_coupler_mod.md
is_chunked: False
ichunk: 1
chunks: [1]
text: - name:  do_land
- type:  logical, public variable
- description:  is a namelist flag where if .false., skip land model update
ntokens:    128
id: 468826977552564771
name: Module: full_coupler_mod/Module variables/do_ice
sourcefile: full_coupler_mod.md
is_chunked: False
ichunk: 1
chunks: [1]
text: - name:  do_ice
- type:  logical, public variable
- description:  is a namelist flag where if .false., skip sea-ice model update
ntokens:    128
id: 468826977552564772
name: Module: full_coupler_mod/Module variables/do_ocean
sourcefile: full_coupler_mod.md
is_chunked: False
ichunk: 1
chunks: [1]
text: - name:  do_ocean
- type:  logical, public variable
- description:  is a namelist flag where if .false., skip ocean model update
ntokens:    147
id: 468826977552564773
name: Module: full_coupler_mod/Module variables/do_flux
sourcefile: full_coupler_mod.md
is_chunked: False
ichunk: 1
chunks: [1]
text: - name:  do_flux
- type:  logical, public variable
- description:  is a namelist flag where if .false., skip all flux exchanges between components.
ntokens:    330
id: 468826977552564774
name: Module: full_coupler_mod/Module variables/concurrent
sourcefile: full_coupler_mod.md
is_chunked: False
ichunk: 1
chunks: [1]
text: - name:  concurrent
- type:  logical, public variable
- description:  is a namelist flag where if .TRUE., the ocean model updates concurrently with the atmosphere-land-ice on a separate set of PEs. Concurrent should be .TRUE. if concurrent_ice is .TRUE. If .FALSE., the execution is serial: call atmos... followed by call ocean...
ntokens:    220
id: 468826977552564775
name: Module: full_coupler_mod/Module variables/do_concurrent_radiation
sourcefile: full_coupler_mod.md
is_chunked: False
ichunk: 1
chunks: [1]
text: - name:  do_concurrent_radiation
- type:  logical, public variable
- description:  is a namelist flag where if .TRUE., radiation is updated concurrently with atmospheric physics with OpenMP threading (radiation_nthreads)
ntokens:    57
id: 468826977552564776
name: Module: full_coupler_mod/Module variables/use_lag_fluxes
sourcefile: full_coupler_mod.md
is_chunked: True
ichunk: 1
chunks: [1, 2, 3]
text: - name:  use_lag_fluxes
- type:  logical, public variable
ntokens:    494
id: 468826977552564777
name: Module: full_coupler_mod/Module variables/use_lag_fluxes
sourcefile: full_coupler_mod.md
is_chunked: True
ichunk: 2
chunks: [1, 2, 3]
text: - description:  is a namelist flag where if .TRUE., the ocean is forced with surface boundary conditions (SBCs) from one coupling timestep ago. If .FALSE., the ocean is forced with most recent SBCs. For an old leapfrog MOM4 coupling with dt_cpld=dt_ocean, lag fluxes can be shown to be stable and current fluxes to be unconditionally unstable. For dt_cpld>dt_ocean there is probably sufficient damping for MOM4. For more modern ocean models (such as MOM5, GOLD or MOM6) that do not use leapfrog
ntokens:    215
id: 468826977552564778
name: Module: full_coupler_mod/Module variables/use_lag_fluxes
sourcefile: full_coupler_mod.md
is_chunked: True
ichunk: 3
chunks: [1, 2, 3]
text: as MOM5, GOLD or MOM6) that do not use leapfrog timestepping, use_lag_fluxes=.False. should be much more stable. Controls whether ice-to-ocean flux exchange are called at the beginning or at the end of the time loop
ntokens:    466
id: 468826977552564779
name: Module: full_coupler_mod/Module variables/concurrent_ice
sourcefile: full_coupler_mod.md
is_chunked: False
ichunk: 1
chunks: [1]
text: - name:  concurrent_ice
- type:  logical, public variable
- description:  is a namelist flag where if .TRUE., the slow sea-ice is forced with the fluxes that were used for the fast ice processes one timestep before. When used in conjuction with setting slow_ice_with_ocean=.TRUE., this approach allows the atmosphere and ocean to run concurrently even if use_lag_fluxes=.FALSE., and it can be shown to ameliorate or eliminate several ice-ocean coupled instabilities.
ntokens:    237
id: 468826977552564780
name: Module: full_coupler_mod/Module variables/slow_ice_with_ocean
sourcefile: full_coupler_mod.md
is_chunked: False
ichunk: 1
chunks: [1]
text: - name:  slow_ice_with_ocean
- type:  logical, public variable
- description:  is a namelist flag where if true, the slow sea-ice is advanced on the ocean PEs. Otherwise the slow sea-ice processes are on the same PEs as the fast sea-ice.
ntokens:    295
id: 468826977552564781
name: Module: full_coupler_mod/Module variables/combined_ice_and_ocean
sourcefile: full_coupler_mod.md
is_chunked: False
ichunk: 1
chunks: [1]
text: - name:  combined_ice_and_ocean
- type:  logical, public variable
- description:  is a namelist flag where if true, there is a single call from the coupler to advance both the slow sea-ice and the ocean. slow_ice_with_ocean and concurrent_ice must both be true if combined_ice_and_ocean is true.
ntokens:    154
id: 468826977552564782
name: Module: full_coupler_mod/Module variables/do_chksum
sourcefile: full_coupler_mod.md
is_chunked: False
ichunk: 1
chunks: [1]
text: - name:  do_chksum
- type:  logical, public variable
- description:  is a namelist flag where if .TRUE., compute checksums throughout the model simulation
ntokens:    189
id: 468826977552564783
name: Module: full_coupler_mod/Module variables/do_endpoint_chksum
sourcefile: full_coupler_mod.md
is_chunked: False
ichunk: 1
chunks: [1]
text: - name:  do_endpoint_chksum
- type:  logical, public variable
- description:  is a namelist flag where if .TRUE., do checksums of the initial and final states regardless of do_chksum value.
ntokens:    140
id: 468826977552564784
name: Module: full_coupler_mod/Module variables/do_debug
sourcefile: full_coupler_mod.md
is_chunked: False
ichunk: 1
chunks: [1]
text: - name:  do_debug
- type:  logical, public variable
- description:  is a namelist flag where if .TRUE., print additional debugging messages.
ntokens:    233
id: 468826977552564785
name: Module: full_coupler_mod/Module variables/check_stocks
sourcefile: full_coupler_mod.md
is_chunked: False
ichunk: 1
chunks: [1]
text: - name:  check_stocks
- type:  integer, public variable
- description:  is a namelist flag where value of -1: don't compute stocks; value of 0: compute stocks at the end of the run; value = n > 0: compute stocks every n coupled steps
ntokens:    162
id: 468826977552564786
name: Module: full_coupler_mod/Module variables/use_hyper_thread
sourcefile: full_coupler_mod.md
is_chunked: False
ichunk: 1
chunks: [1]
text: - name:  use_hyper_thread
- type:  logical, public variable
- description:  is a namelist flag where if .TRUE., enable use of hyperthreading on supported hardware
ntokens:    127
id: 468826977552564787
name: Module: full_coupler_mod/Module variables/atm
sourcefile: full_coupler_mod.md
is_chunked: False
ichunk: 1
chunks: [1]
text: - name:  atm
- type:  type(atmos_data_type), pointer variable
- description:  Pointer to the atmosphere component derived type.
ntokens:    108
id: 468826977552564788
name: Module: full_coupler_mod/Module variables/atmos_loop
sourcefile: full_coupler_mod.md
is_chunked: False
ichunk: 1
chunks: [1]
text: - name:  atmos_loop
- type:  integer variable
- description:  Clock for the inner atmospheric sub-step loop.
ntokens:    111
id: 468826977552564789
name: Module: full_coupler_mod/Module variables/atmos_model_init
sourcefile: full_coupler_mod.md
is_chunked: False
ichunk: 1
chunks: [1]
text: - name:  atmos_model_init
- type:  integer variable
- description:  Clock for atmospheric model initialization.
ntokens:    145
id: 468826977552564790
name: Module: full_coupler_mod/Module variables/atmos_tracer_driver_gather_data
sourcefile: full_coupler_mod.md
is_chunked: False
ichunk: 1
chunks: [1]
text: - name:  atmos_tracer_driver_gather_data
- type:  integer variable
- description:  Clock for gathering bottom-level tracers before flux exchange.
ntokens:    130
id: 468826977552564791
name: Module: full_coupler_mod/Module variables/concurrent_atmos
sourcefile: full_coupler_mod.md
is_chunked: False
ichunk: 1
chunks: [1]
text: - name:  concurrent_atmos
- type:  integer variable
- description:  Clock for the concurrent-radiation atmospheric physics thread.
ntokens:    125
id: 468826977552564792
name: Module: full_coupler_mod/Module variables/final_flux_check_stocks
sourcefile: full_coupler_mod.md
is_chunked: False
ichunk: 1
chunks: [1]
text: - name:  final_flux_check_stocks
- type:  integer variable
- description:  Clock for the end-of-run stock conservation check.
ntokens:    122
id: 468826977552564793
name: Module: full_coupler_mod/Module variables/flux_check_stocks
sourcefile: full_coupler_mod.md
is_chunked: False
ichunk: 1
chunks: [1]
text: - name:  flux_check_stocks
- type:  integer variable
- description:  Clock for periodic mid-run stock conservation checks.
ntokens:    139
id: 468826977552564794
name: Module: full_coupler_mod/Module variables/flux_down_from_atmos
sourcefile: full_coupler_mod.md
is_chunked: False
ichunk: 1
chunks: [1]
text: - name:  flux_down_from_atmos
- type:  integer variable
- description:  Clock for mapping atmosphere→land/ice fluxes via the exchange grid.
ntokens:    124
id: 468826977552564795
name: Module: full_coupler_mod/Module variables/flux_exchange_init
sourcefile: full_coupler_mod.md
is_chunked: False
ichunk: 1
chunks: [1]
text: - name:  flux_exchange_init
- type:  integer variable
- description:  Clock for flux-exchange infrastructure initialization.
ntokens:    114
id: 468826977552564796
name: Module: full_coupler_mod/Module variables/flux_ice_to_ocean
sourcefile: full_coupler_mod.md
is_chunked: False
ichunk: 1
chunks: [1]
text: - name:  flux_ice_to_ocean
- type:  integer variable
- description:  Clock for packaging ice fluxes for the ocean.
ntokens:    143
id: 468826977552564797
name: Module: full_coupler_mod/Module variables/flux_ice_to_ocean_stocks
sourcefile: full_coupler_mod.md
is_chunked: False
ichunk: 1
chunks: [1]
text: - name:  flux_ice_to_ocean_stocks
- type:  integer variable
- description:  Clock for bookkeeping water/heat/salt stocks transferred ice→ocean.
ntokens:    131
id: 468826977552564798
name: Module: full_coupler_mod/Module variables/flux_land_to_ice
sourcefile: full_coupler_mod.md
is_chunked: False
ichunk: 1
chunks: [1]
text: - name:  flux_land_to_ice
- type:  integer variable
- description:  Clock for transferring land runoff and calving to the ice grid.
ntokens:    121
id: 468826977552564799
name: Module: full_coupler_mod/Module variables/flux_ocean_to_ice
sourcefile: full_coupler_mod.md
is_chunked: False
ichunk: 1
chunks: [1]
text: - name:  flux_ocean_to_ice
- type:  integer variable
- description:  Clock for transferring ocean state to the ice model.
ntokens:    131
id: 468826977552564800
name: Module: full_coupler_mod/Module variables/flux_up_to_atmos
sourcefile: full_coupler_mod.md
is_chunked: False
ichunk: 1
chunks: [1]
text: - name:  flux_up_to_atmos
- type:  integer variable
- description:  Clock for mapping updated surface state back to the atmosphere.
ntokens:    117
id: 468826977552564801
name: Module: full_coupler_mod/Module variables/generate_sfc_xgrid
sourcefile: full_coupler_mod.md
is_chunked: False
ichunk: 1
chunks: [1]
text: - name:  generate_sfc_xgrid
- type:  integer variable
- description:  Clock for rebuilding the surface exchange grid.
ntokens:    105
id: 468826977552564802
name: Module: full_coupler_mod/Module variables/ice_model_init
sourcefile: full_coupler_mod.md
is_chunked: False
ichunk: 1
chunks: [1]
text: - name:  ice_model_init
- type:  integer variable
- description:  Clock for sea-ice model initialization.
ntokens:    104
id: 468826977552564803
name: Module: full_coupler_mod/Module variables/initialization
sourcefile: full_coupler_mod.md
is_chunked: False
ichunk: 1
chunks: [1]
text: - name:  initialization
- type:  integer variable
- description:  Clock for the full coupler_init phase.
ntokens:    117
id: 468826977552564804
name: Module: full_coupler_mod/Module variables/intermediate_restart
sourcefile: full_coupler_mod.md
is_chunked: False
ichunk: 1
chunks: [1]
text: - name:  intermediate_restart
- type:  integer variable
- description:  Clock for writing intermediate restart files.
ntokens:    103
id: 468826977552564805
name: Module: full_coupler_mod/Module variables/land_model_init
sourcefile: full_coupler_mod.md
is_chunked: False
ichunk: 1
chunks: [1]
text: - name:  land_model_init
- type:  integer variable
- description:  Clock for land model initialization.
ntokens:    93
id: 468826977552564806
name: Module: full_coupler_mod/Module variables/main
sourcefile: full_coupler_mod.md
is_chunked: False
ichunk: 1
chunks: [1]
text: - name:  main
- type:  integer variable
- description:  Clock for the main coupled time loop.
ntokens:    133
id: 468826977552564807
name: Module: full_coupler_mod/Module variables/ocean
sourcefile: full_coupler_mod.md
is_chunked: False
ichunk: 1
chunks: [1]
text: - name:  ocean
- type:  type(ocean_public_type), pointer variable
- description:  Pointer to the ocean component public derived type.
ntokens:    105
id: 468826977552564808
name: Module: full_coupler_mod/Module variables/ocean_model_init
sourcefile: full_coupler_mod.md
is_chunked: False
ichunk: 1
chunks: [1]
text: - name:  ocean_model_init
- type:  integer variable
- description:  Clock for ocean model initialization.
ntokens:    131
id: 468826977552564809
name: Module: full_coupler_mod/Module variables/radiation
sourcefile: full_coupler_mod.md
is_chunked: False
ichunk: 1
chunks: [1]
text: - name:  radiation
- type:  integer variable
- description:  Clock for the atmospheric radiation calculation (serial or concurrent)
ntokens:    119
id: 468826977552564810
name: Module: full_coupler_mod/Module variables/set_ice_surface_exchange
sourcefile: full_coupler_mod.md
is_chunked: False
ichunk: 1
chunks: [1]
text: - name:  set_ice_surface_exchange
- type:  integer variable
- description:  Clock for the fast↔slow ice state exchange.
ntokens:    141
id: 468826977552564811
name: Module: full_coupler_mod/Module variables/set_ice_surface_fast
sourcefile: full_coupler_mod.md
is_chunked: False
ichunk: 1
chunks: [1]
text: - name:  set_ice_surface_fast
- type:  integer variable
- description:  Clock for computing fast-ice surface fields (albedo, roughness, etc.)
ntokens:    141
id: 468826977552564812
name: Module: full_coupler_mod/Module variables/set_ice_surface_slow
sourcefile: full_coupler_mod.md
is_chunked: False
ichunk: 1
chunks: [1]
text: - name:  set_ice_surface_slow
- type:  integer variable
- description:  Clock for computing slow-ice surface fields after ocean-ice exchange.
ntokens:    134
id: 468826977552564813
name: Module: full_coupler_mod/Module variables/sfc_boundary_layer
sourcefile: full_coupler_mod.md
is_chunked: False
ichunk: 1
chunks: [1]
text: - name:  sfc_boundary_layer
- type:  integer variable
- description:  Clock for the surface boundary-layer turbulent-flux computation.
ntokens:    108
id: 468826977552564814
name: Module: full_coupler_mod/Module variables/termination
sourcefile: full_coupler_mod.md
is_chunked: False
ichunk: 1
chunks: [1]
text: - name:  termination
- type:  integer variable
- description:  Clock for the coupler_end finalization phase.
ntokens:    124
id: 468826977552564815
name: Module: full_coupler_mod/Module variables/update_atmos_model_down
sourcefile: full_coupler_mod.md
is_chunked: False
ichunk: 1
chunks: [1]
text: - name:  update_atmos_model_down
- type:  integer variable
- description:  Clock for the downward atmospheric physics sweep.
ntokens:    127
id: 468826977552564816
name: Module: full_coupler_mod/Module variables/update_atmos_model_dynamics
sourcefile: full_coupler_mod.md
is_chunked: False
ichunk: 1
chunks: [1]
text: - name:  update_atmos_model_dynamics
- type:  integer variable
- description:  Clock for the atmospheric dynamical core update.
ntokens:    144
id: 468826977552564817
name: Module: full_coupler_mod/Module variables/update_atmos_model_state
sourcefile: full_coupler_mod.md
is_chunked: False
ichunk: 1
chunks: [1]
text: - name:  update_atmos_model_state
- type:  integer variable
- description:  Clock for committing tendencies and advancing the atmospheric clock.
ntokens:    120
id: 468826977552564818
name: Module: full_coupler_mod/Module variables/update_atmos_model_up
sourcefile: full_coupler_mod.md
is_chunked: False
ichunk: 1
chunks: [1]
text: - name:  update_atmos_model_up
- type:  integer variable
- description:  Clock for the upward atmospheric physics sweep.
ntokens:    130
id: 468826977552564819
name: Module: full_coupler_mod/Module variables/update_ice_model_fast
sourcefile: full_coupler_mod.md
is_chunked: False
ichunk: 1
chunks: [1]
text: - name:  update_ice_model_fast
- type:  integer variable
- description:  Clock for the fast (atmospheric timestep) sea-ice update.
ntokens:    139
id: 468826977552564820
name: Module: full_coupler_mod/Module variables/update_ice_model_slow_exchange
sourcefile: full_coupler_mod.md
is_chunked: False
ichunk: 1
chunks: [1]
text: - name:  update_ice_model_slow_exchange
- type:  integer variable
- description:  Clock for exchange_fast_to_slow_ice (concurrent-ice mode)
ntokens:    145
id: 468826977552564821
name: Module: full_coupler_mod/Module variables/update_ice_model_slow_fast
sourcefile: full_coupler_mod.md
is_chunked: False
ichunk: 1
chunks: [1]
text: - name:  update_ice_model_slow_fast
- type:  integer variable
- description:  Clock for fast-PE portion of the slow-ice update (cleanup + unpack)
ntokens:    136
id: 468826977552564822
name: Module: full_coupler_mod/Module variables/update_ice_model_slow_slow
sourcefile: full_coupler_mod.md
is_chunked: False
ichunk: 1
chunks: [1]
text: - name:  update_ice_model_slow_slow
- type:  integer variable
- description:  Clock for the slow sea-ice thermodynamics/dynamics update.
ntokens:    134
id: 468826977552564823
name: Module: full_coupler_mod/Module variables/update_land_model_fast
sourcefile: full_coupler_mod.md
is_chunked: False
ichunk: 1
chunks: [1]
text: - name:  update_land_model_fast
- type:  integer variable
- description:  Clock for the fast (atmospheric timestep) land model update.
ntokens:    130
id: 468826977552564824
name: Module: full_coupler_mod/Module variables/update_land_model_slow
sourcefile: full_coupler_mod.md
is_chunked: False
ichunk: 1
chunks: [1]
text: - name:  update_land_model_slow
- type:  integer variable
- description:  Clock for the slow (coupled timestep) land model update.
ntokens:    121
id: 468826977552564825
name: Module: full_coupler_mod/Module variables/land
sourcefile: full_coupler_mod.md
is_chunked: False
ichunk: 1
chunks: [1]
text: - name:  land
- type:  type(land_data_type), pointer variable
- description:  Pointer to the land component derived type.
ntokens:    122
id: 468826977552564826
name: Module: full_coupler_mod/Module variables/ice
sourcefile: full_coupler_mod.md
is_chunked: False
ichunk: 1
chunks: [1]
text: - name:  ice
- type:  type(ice_data_type), pointer variable
- description:  Pointer to the sea-ice component derived type.
ntokens:    158
id: 468826977552564827
name: Module: full_coupler_mod/Module variables/land_ice_atmos_boundary
sourcefile: full_coupler_mod.md
is_chunked: False
ichunk: 1
chunks: [1]
text: - name:  land_ice_atmos_boundary
- type:  type(land_ice_atmos_boundary_type), pointer variable
- description:  Pointer to the land-ice to atm boundary fluxes.
ntokens:    146
id: 468826977552564828
name: Module: full_coupler_mod/Module variables/atmos_land_boundary
sourcefile: full_coupler_mod.md
is_chunked: False
ichunk: 1
chunks: [1]
text: - name:  atmos_land_boundary
- type:  type(atmos_land_boundary_type), pointer variable
- description:  Pointer to the atm to land boundary fluxes.
ntokens:    143
id: 468826977552564829
name: Module: full_coupler_mod/Module variables/atmos_ice_boundary
sourcefile: full_coupler_mod.md
is_chunked: False
ichunk: 1
chunks: [1]
text: - name:  atmos_ice_boundary
- type:  type(atmos_ice_boundary_type), pointer variable
- description:  Pointer to the atm to ice boundary fluxes.
ntokens:    135
id: 468826977552564830
name: Module: full_coupler_mod/Module variables/land_ice_boundary
sourcefile: full_coupler_mod.md
is_chunked: False
ichunk: 1
chunks: [1]
text: - name:  land_ice_boundary
- type:  type(land_ice_boundary_type), pointer variable
- description:  Pointer to the land to ice boundary.
ntokens:    145
id: 468826977552564831
name: Module: full_coupler_mod/Module variables/ice_ocean_boundary
sourcefile: full_coupler_mod.md
is_chunked: False
ichunk: 1
chunks: [1]
text: - name:  ice_ocean_boundary
- type:  type(ice_ocean_boundary_type), pointer variable
- description:  Pointer to the ice to ocean boundary fluxes.
ntokens:    144
id: 468826977552564832
name: Module: full_coupler_mod/Module variables/ocean_ice_boundary
sourcefile: full_coupler_mod.md
is_chunked: False
ichunk: 1
chunks: [1]
text: - name:  ocean_ice_boundary
- type:  type(ocean_ice_boundary_type), pointer variable
- description:  Pointer to the ocean to ice boundary state.
ntokens:    149
id: 468826977552564833
name: Module: full_coupler_mod/Module variables/components
sourcefile: full_coupler_mod.md
is_chunked: False
ichunk: 1
chunks: [1]
text: - name:  components
- type:  type(coupler_components_type), pointer variable
- description:  Pointer to the container of all component derived types.
ntokens:    123
id: 468826977552564834
name: Module: full_coupler_mod/Module variables/text
sourcefile: full_coupler_mod.md
is_chunked: False
ichunk: 1
chunks: [1]
text: - name:  text
- type:  character(len=80) variable
- description:  is a temporary string variable used for printing messages
ntokens:    145
id: 468826977552564835
name: Module: full_coupler_mod/Module variables/mod_name
sourcefile: full_coupler_mod.md
is_chunked: False
ichunk: 1
chunks: [1]
text: - name:  mod_name
- type:  character(len=48), parameter variable
- description:  is a string variable for the module name, used in error messages
ntokens:    117
id: 468826977552564836
name: Module: full_coupler_mod/Module variables/calendar_type
sourcefile: full_coupler_mod.md
is_chunked: False
ichunk: 1
chunks: [1]
text: - name:  calendar_type
- type:  integer variable
- description:  is the calendar_type initialized to INVALID_CALENDAR
ntokens:    149
id: 468826977552564837
name: Module: full_coupler_mod/Module variables/date_init
sourcefile: full_coupler_mod.md
is_chunked: False
ichunk: 1
chunks: [1]
text: - name:  date_init
- type:  integer, dimension(6) variable
- description:  is the initial date for the model run in (yr, mo, day, hr, min, sec) forma
ntokens:    320
id: 468826977552564838
name: Module: full_coupler_mod/Subroutines and functions/subroutine: initialize_coupler_components_obj
sourcefile: full_coupler_mod.md
is_chunked: True
ichunk: 1
chunks: [1, 2, 3, 4, 5]
text: - name:  initialize_coupler_components_obj
- type:  subroutine  
- description:  Subroutine initialize_coupler_components_obj is a typed-bound procedure to the coupler_components_type. This subroutine associates each pointer member of the coupler_components_type object to the corresponding model component derived type.
ntokens:    495
id: 468826977552564839
name: Module: full_coupler_mod/Subroutines and functions/subroutine: initialize_coupler_components_obj
sourcefile: full_coupler_mod.md
is_chunked: True
ichunk: 2
chunks: [1, 2, 3, 4, 5]
text: - arguments:  this, Atm, Land, Ice, Ocean, Land_ice_atmos_boundary, Atmos_land_boundary, Atmos_ice_boundary, Land_ice_boundary, Ice_ocean_boundary, Ocean_ice_boundary.this (inout) is the reference to self (coupler_components_type).  atm (inout) is the Atm derived type containing atmospheric model data and metadata.  land (inout) is the Land derived type containing land model data and metadata.  ice (inout) is the Ice derived type containing ice model data and metadata.  ocean (inout) is the
ntokens:    487
id: 468826977552564840
name: Module: full_coupler_mod/Subroutines and functions/subroutine: initialize_coupler_components_obj
sourcefile: full_coupler_mod.md
is_chunked: True
ichunk: 3
chunks: [1, 2, 3, 4, 5]
text: model data and metadata.  ocean (inout) is the Ocean derived type containing ocean model data and metadata.  land_ice_atmos_boundary (inout) is the Land_ice_atmos_boundary derived type containing data and metadata for the land-ice-atmosphere boundary.  atmos_land_boundary (inout) is the Atmos_land_boundary derived type containing data and metadata for the atmosphere-land boundary.  atmos_ice_boundary (inout) is the Atmos_ice_boundary derived type containing data and metadata for the
ntokens:    442
id: 468826977552564841
name: Module: full_coupler_mod/Subroutines and functions/subroutine: initialize_coupler_components_obj
sourcefile: full_coupler_mod.md
is_chunked: True
ichunk: 4
chunks: [1, 2, 3, 4, 5]
text: derived type containing data and metadata for the atmosphere-ice boundary.  land_ice_boundary (inout) is the Land_ice_boundary derived type containing data and metadata for the land-ice boundary.  ice_ocean_boundary (inout) is the Ice_ocean_boundary derived type containing data and metadata for the ice-ocean boundary.  ocean_ice_boundary (inout) is the Ocean_ice_boundary derived type containing data and metadata for the ocean-ice boundary
ntokens:    65
id: 468826977552564842
name: Module: full_coupler_mod/Subroutines and functions/subroutine: initialize_coupler_components_obj
sourcefile: full_coupler_mod.md
is_chunked: True
ichunk: 5
chunks: [1, 2, 3, 4, 5]
text: - additional description:POINTER ASSOCIATION.POINTER ASSOCIATION.
ntokens:    378
id: 468826977552564843
name: Module: full_coupler_mod/Subroutines and functions/subroutine: get_component
sourcefile: full_coupler_mod.md
is_chunked: True
ichunk: 1
chunks: [1, 2]
text: - name:  get_component
- type:  subroutine  
- description:  Subroutine get_component is a type-bound procedure to coupler_commponents_type and retrieves the requested component. For example, coupler_components_objget_component(Atm) retrieves coupler_components_objAtm, which is a pointer to the atmospheric component derived type and a private member of coupler_components_obj.
ntokens:    436
id: 468826977552564844
name: Module: full_coupler_mod/Subroutines and functions/subroutine: get_component
sourcefile: full_coupler_mod.md
is_chunked: True
ichunk: 2
chunks: [1, 2]
text: - arguments:  this, retrieve_component.this (inout) is the reference to self (coupler_components_type object).  retrieve_component (inout) is the requested component to be retrieve. retrieve_component can be of type atmos_data_type, land_data_type, ice_data_type, ocean_public_type, land_ice_atmos_boundary_type, atmos_land_boundary_type, atmos_ice_boundary_type, land_ice_boundary_type, ice_ocean_boundary_type, ocean_ice_boundary_type
ntokens:    330
id: 468826977552564845
name: Module: full_coupler_mod/Subroutines and functions/subroutine: initialize_coupler_chksum_obj
sourcefile: full_coupler_mod.md
is_chunked: True
ichunk: 1
chunks: [1, 2]
text: - name:  initialize_coupler_chksum_obj
- type:  subroutine  
- description:  Subroutine initialize_coupler_chksum_obj is a type-bound procedure to coupler_chksum_type and associates coupler_chksum_objcomponents => components_obj. After this call, the chksum object can access all component model derived types through the pointer.
ntokens:    172
id: 468826977552564846
name: Module: full_coupler_mod/Subroutines and functions/subroutine: initialize_coupler_chksum_obj
sourcefile: full_coupler_mod.md
is_chunked: True
ichunk: 2
chunks: [1, 2]
text: - arguments:  this, components_obj.this (inout) The coupler_chksum_type object being initialized.  components_obj (inout) The components object whose address will be stored
ntokens:    434
id: 468826977552564847
name: Module: full_coupler_mod/Subroutines and functions/subroutine: get_components_obj
sourcefile: full_coupler_mod.md
is_chunked: True
ichunk: 1
chunks: [1, 2]
text: - name:  get_components_obj
- type:  subroutine  
- description:  Subroutine get_components_obj is a type-bound procedure to coupler_chksum_type and retrieves the coupler_components_type object stored inside a coupler_chksum_type object. For example, coupler_chksum_objget_components_obj(components_obj) retrieves the components_obj, which is a pointer to the coupler_components_type object and a private member of coupler_chksum_obj.
ntokens:    163
id: 468826977552564848
name: Module: full_coupler_mod/Subroutines and functions/subroutine: get_components_obj
sourcefile: full_coupler_mod.md
is_chunked: True
ichunk: 2
chunks: [1, 2]
text: - arguments:  this, components_obj.this (inout) is a reference to self (coupler_chksum_type).  components_obj (inout) is the coupler_components_type to be returned
ntokens:    382
id: 468826977552564849
name: Module: full_coupler_mod/Subroutines and functions/subroutine: get_atmos_ice_land_ocean_chksums
sourcefile: full_coupler_mod.md
is_chunked: False
ichunk: 1
chunks: [1]
text: - name:  get_atmos_ice_land_ocean_chksums
- type:  subroutine  
- description:  Subroutine get_atmos_ice_land_ocean_chksums calls get_atmos_ice_land_chksums and get_ocean_chksums  
- arguments:  this, id, timestep.this (inout) is a reference to self (coupler_chksum_type object).  id (inout) is the id labelling the set of checksums in the logfile.  timestep (inout) is the timestep
ntokens:    483
id: 468826977552564850
name: Module: full_coupler_mod/Subroutines and functions/subroutine: get_atmos_ice_land_chksums
sourcefile: full_coupler_mod.md
is_chunked: False
ichunk: 1
chunks: [1]
text: - name:  get_atmos_ice_land_chksums
- type:  subroutine  
- description:  Subroutine get_atmos_ice_land_chksums computes and prints checksums for atmosphere, fast-ice, and land fields.The pelist must be set (synchronize) before calling this subroutine: if (Atmpe) then call fms_mpp_set_current_pelist(Atmpelist) call coupler_chksum_objget_atmos_ice_land_chksums('MAIN_LOOP-', nc) endif  
- arguments:  this, id, timestep.this (inout) self.  id (inout) id to label CHECKSUMS in stdout
ntokens:    470
id: 468826977552564851
name: Module: full_coupler_mod/Subroutines and functions/subroutine: get_slow_ice_chksums
sourcefile: full_coupler_mod.md
is_chunked: False
ichunk: 1
chunks: [1]
text: - name:  get_slow_ice_chksums
- type:  subroutine  
- description:  Subroutine get_slow_ice_chksums calls subroutine that will print ou checksums for slow ice and ocean-ice boundary fields. The pelist must be set (synchronize) before calling this subroutine: if (Iceslow_ice_pe) then call mpp_set_current_pelist(Iceslow_pelist) call slow_ice_chksum('MAIN_LOOP-', nc) endif  
- arguments:  this, id, timestep.this (inout) self.  id (inout) id to label CHECKSUMS in stdout
ntokens:    459
id: 468826977552564852
name: Module: full_coupler_mod/Subroutines and functions/subroutine: get_ocean_chksums
sourcefile: full_coupler_mod.md
is_chunked: False
ichunk: 1
chunks: [1]
text: - name:  get_ocean_chksums
- type:  subroutine  
- description:  Subroutine get_ocean_chksums calls subroutine that will print ou checksums for ocean and ice-ocean boundary fields. The pelist must be set (synchronize) before calling this subroutine: if (Oceanis_ocean_pe) then call mpp_set_current_pelist(Oceanpelist) call ocean_chksum('MAIN_LOOP-', nc) endif  
- arguments:  this, id, timestep.this (inout) self.  id (inout) ID labelling the set of CHECKSUMS
ntokens:    436
id: 468826977552564853
name: Module: full_coupler_mod/Subroutines and functions/subroutine: get_coupler_chksums
sourcefile: full_coupler_mod.md
is_chunked: True
ichunk: 1
chunks: [1, 2, 3]
text: - name:  get_coupler_chksums
- type:  subroutine  
- description:  Subroutine get_coupler_chksums computes chksums with fms_mpp_chksums for the following: Atmosphere (Atm) fields:
atmt_bot (temperature at bottom)atmz_bot (height at bottom)atmp_bot (pressure at bottom)atmu_bot (u-wind at bottom)atmv_bot (v-wind at bottom)atmp_surf (surface pressure)atmgust (gustiness)atmtr_bot (atmospheric tracers - dynamically included)
Land fields:
ntokens:    405
id: 468826977552564854
name: Module: full_coupler_mod/Subroutines and functions/subroutine: get_coupler_chksums
sourcefile: full_coupler_mod.md
is_chunked: True
ichunk: 2
chunks: [1, 2, 3]
text: Land fields:
landt_surf (surface temperature)landt_ca (canopy air temperature)landrough_mom (momentum roughness)landrough_heat (heat roughness)landrough_scale (roughness scale)landtr (land tracers - dynamically included)
Ice fields:
icet_surf (surface temperature)icerough_mom (momentum roughness)icerough_heat (heat roughness)icerough_moist (moisture roughness)iceocean_fields (ocean-ice boundary fields)
ntokens:    267
id: 468826977552564855
name: Module: full_coupler_mod/Subroutines and functions/subroutine: get_coupler_chksums
sourcefile: full_coupler_mod.md
is_chunked: True
ichunk: 3
chunks: [1, 2, 3]
text: - arguments:  this, id, timestep.this (inout) is a reference to self (coupler_chksum_type object).  id (inout) id to label CHECKSUMS in stdout, e.g., 'coupler_init+', 'top_of_coupled_loop+', 'coupler_end-', etc.  timestep (inout) timestep to label CHECKSUMS in stdout
ntokens:    259
id: 468826977552564856
name: Module: full_coupler_mod/Subroutines and functions/subroutine, public: coupler_init
sourcefile: full_coupler_mod.md
is_chunked: True
ichunk: 1
chunks: [1, 2, 3, 4, 5, 6, 7, 8, 9, 10, 11, 12, 13, 14, 15, 16, 17, 18, 19, 20, 21, 22]
text: - name:  coupler_init
- type:  subroutine, public  
- description:  Subroutine coupler_init initializes all component models and the flux-exchange infrastructure, and sets all runtime configurations. Coupler_init must be called before the time stepping loops.
ntokens:    499
id: 468826977552564857
name: Module: full_coupler_mod/Subroutines and functions/subroutine, public: coupler_init
sourcefile: full_coupler_mod.md
is_chunked: True
ichunk: 2
chunks: [1, 2, 3, 4, 5, 6, 7, 8, 9, 10, 11, 12, 13, 14, 15, 16, 17, 18, 19, 20, 21, 22]
text: - arguments:  Atm, Ocean, Land, Ice, Ocean_state, Atmos_land_boundary, Atmos_ice_boundary, Ocean_ice_boundary, Ice_ocean_boundary, Land_ice_atmos_boundary, Land_ice_boundary, Ice_ocean_driver_CS, Ice_bc_restart, Ocn_bc_restart, ensemble_pelist, slow_ice_ocean_pelist, conc_nthreads, coupler_clocks, coupler_components_obj, coupler_chksum_obj, Time_step_cpld, Time_step_atmos, Time_atmos, Time_ocean, num_cpld_calls, num_atmos_calls, Time, Time_start, Time_end, Time_restart, Time_restart_current.atm
ntokens:    498
id: 468826977552564858
name: Module: full_coupler_mod/Subroutines and functions/subroutine, public: coupler_init
sourcefile: full_coupler_mod.md
is_chunked: True
ichunk: 3
chunks: [1, 2, 3, 4, 5, 6, 7, 8, 9, 10, 11, 12, 13, 14, 15, 16, 17, 18, 19, 20, 21, 22]
text: Time_end, Time_restart, Time_restart_current.atm (inout) is the atmosphere derived type.  land (inout) is the land derived type.  ice (inout) is the sea-ice derived type.  ocean (inout) is the ocean public derived type.  ocean_state (inout) is the ocean internal state derived type.  atmos_land_boundary (inout) is the derived type holding atmos to land fluxes and properies.  atmos_ice_boundary (inout) is the derived type holding atmos to ice fluxes and properties.  ice_ocean_boundary (inout) is
ntokens:    485
id: 468826977552564859
name: Module: full_coupler_mod/Subroutines and functions/subroutine, public: coupler_init
sourcefile: full_coupler_mod.md
is_chunked: True
ichunk: 4
chunks: [1, 2, 3, 4, 5, 6, 7, 8, 9, 10, 11, 12, 13, 14, 15, 16, 17, 18, 19, 20, 21, 22]
text: and properties.  ice_ocean_boundary (inout) is the derived type holding ice to ocean fluxes and properties.  ocean_ice_boundary (inout) is the derived type holding ocean to ice fluxes and properties.  land_ice_boundary (inout) is the derived type holding land to ice fluxes and properties.  ice_ocean_driver_cs (inout) is the control structure for combined ice-ocean driver.  land_ice_atmos_boundary (inout) is the derived type holding atmos to/from land and ice fluxes and properties.
ntokens:    499
id: 468826977552564860
name: Module: full_coupler_mod/Subroutines and functions/subroutine, public: coupler_init
sourcefile: full_coupler_mod.md
is_chunked: True
ichunk: 5
chunks: [1, 2, 3, 4, 5, 6, 7, 8, 9, 10, 11, 12, 13, 14, 15, 16, 17, 18, 19, 20, 21, 22]
text: to/from land and ice fluxes and properties.  ice_bc_restart (inout) is the fms2_io file object to write ice boundary condition restarts.  ocn_bc_restart (inout) is the fms2_io file object to write ocean boundary condition restarts.  conc_nthreads (inout) is the number of concurrent OpenMP threads; set to 2 when do_concurrent_radiation=.true..  ensemble_pelist (inout) is the PE list for each ensemble member (ensemble_size, npes) for an ensemble run.  slow_ice_ocean_pelist (inout) is the union of
ntokens:    495
id: 468826977552564861
name: Module: full_coupler_mod/Subroutines and functions/subroutine, public: coupler_init
sourcefile: full_coupler_mod.md
is_chunked: True
ichunk: 6
chunks: [1, 2, 3, 4, 5, 6, 7, 8, 9, 10, 11, 12, 13, 14, 15, 16, 17, 18, 19, 20, 21, 22]
text: slow_ice_ocean_pelist (inout) is the union of slow-ice and ocean PE lists.  coupler_clocks (inout) is the collection of FMS clock IDs for profiling.  coupler_components_obj (inout) is the object holding pointers to all component model structures.  coupler_chksum_obj (inout) is the object used for computing and printing checksums.  time_step_cpld (inout) is the coupled (slow) time step.  time_step_atmos (inout) is the atmosphere (fast) time step.  time_atmos (inout) is the current atmosphere
ntokens:    485
id: 468826977552564862
name: Module: full_coupler_mod/Subroutines and functions/subroutine, public: coupler_init
sourcefile: full_coupler_mod.md
is_chunked: True
ichunk: 7
chunks: [1, 2, 3, 4, 5, 6, 7, 8, 9, 10, 11, 12, 13, 14, 15, 16, 17, 18, 19, 20, 21, 22]
text: time_atmos (inout) is the current atmosphere model time.  time_ocean (inout) is the current ocean model time.  time (inout) is the current model time.  time_start (inout) is the model start time.  time_end (inout) is the model end time.  time_restart (inout) is the time of the next intermediate restart write.  time_restart_current (inout) is the time of the most recent intermediate restart write.  num_cpld_calls (inout) is the total number of coupled (slow) time steps in this run.
ntokens:    134
id: 468826977552564863
name: Module: full_coupler_mod/Subroutines and functions/subroutine, public: coupler_init
sourcefile: full_coupler_mod.md
is_chunked: True
ichunk: 8
chunks: [1, 2, 3, 4, 5, 6, 7, 8, 9, 10, 11, 12, 13, 14, 15, 16, 17, 18, 19, 20, 21, 22]
text: number of coupled (slow) time steps in this run.  num_atmos_calls (inout) is the number of atmosphere time steps per coupled time step
ntokens:    480
id: 468826977552564864
name: Module: full_coupler_mod/Subroutines and functions/subroutine, public: coupler_init
sourcefile: full_coupler_mod.md
is_chunked: True
ichunk: 9
chunks: [1, 2, 3, 4, 5, 6, 7, 8, 9, 10, 11, 12, 13, 14, 15, 16, 17, 18, 19, 20, 21, 22]
text: - additional description:INITIALIZE STDOUT, STDERR, STDLOG..INITIALIZE STDOUT, STDERR, STDLOG..WRITE WALLDATE AND WALLTIME TO STDERR..WRITE WALLDATE AND WALLTIME TO STDERR..WRITE COUPLER VERSION.WRITE COUPLER VERSION.READ COUPLER_NML..READ COUPLER_NML..IF INPUT/COUPLER.RES EXISTS, READ CALENDAR_TYPE, DATE_INIT, AND DATE IF FILE DOES NOT EXIST, SET FORCE_DATE_FROM_NAMELIST = .TRUE..IF INPUT/COUPLER.RES EXISTS, READ CALENDAR_TYPE, DATE_INIT, AND DATE IF FILE DOES NOT EXIST, SET
ntokens:    497
id: 468826977552564865
name: Module: full_coupler_mod/Subroutines and functions/subroutine, public: coupler_init
sourcefile: full_coupler_mod.md
is_chunked: True
ichunk: 10
chunks: [1, 2, 3, 4, 5, 6, 7, 8, 9, 10, 11, 12, 13, 14, 15, 16, 17, 18, 19, 20, 21, 22]
text: DATE_INIT, AND DATE IF FILE DOES NOT EXIST, SET FORCE_DATE_FROM_NAMELIST = .TRUE..IF FORCE_DATE_FROM_NAMELIST = .TRUE., SET DATE TO CURRENT_DATE AND CALENDAR_TYPE FROM NAMELIST..IF FORCE_DATE_FROM_NAMELIST = .TRUE., SET DATE TO CURRENT_DATE AND CALENDAR_TYPE FROM NAMELIST..INITIALIZE FMS ENSEMBLE_MANAGER FOR AN EMSEMBLE RUN, ENSEMBLE_MANAGER_INIT WILL RENAME ALL THE RESTART AND DIAGNOSTIC FILES TO CONTAIN THE NUMBER OF THE ENSEMBLE MEMBER. TO RESTART AN ENSEMBLE RUN, RESTART FILES MUST EXISTS
ntokens:    494
id: 468826977552564866
name: Module: full_coupler_mod/Subroutines and functions/subroutine, public: coupler_init
sourcefile: full_coupler_mod.md
is_chunked: True
ichunk: 11
chunks: [1, 2, 3, 4, 5, 6, 7, 8, 9, 10, 11, 12, 13, 14, 15, 16, 17, 18, 19, 20, 21, 22]
text: AN ENSEMBLE RUN, RESTART FILES MUST EXISTS FOR EACH ENSEMBLE MEMBER..INITIALIZE FMS ENSEMBLE_MANAGER FOR AN EMSEMBLE RUN, ENSEMBLE_MANAGER_INIT WILL RENAME ALL THE RESTART AND DIAGNOSTIC FILES TO CONTAIN THE NUMBER OF THE ENSEMBLE MEMBER. TO RESTART AN ENSEMBLE RUN, RESTART FILES MUST EXISTS FOR EACH ENSEMBLE MEMBER..CHECK PE ALLOCATION.CHECK PE ALLOCATION.IF LAND_NPES IS 0, SET LAND_NPES = ATMOS_NPES. LAND_NPES SHOULD BE LESS THAN OR EQUAL TO ATMOS_NPES..IF LAND_NPES IS 0, SET LAND_NPES =
ntokens:    492
id: 468826977552564867
name: Module: full_coupler_mod/Subroutines and functions/subroutine, public: coupler_init
sourcefile: full_coupler_mod.md
is_chunked: True
ichunk: 12
chunks: [1, 2, 3, 4, 5, 6, 7, 8, 9, 10, 11, 12, 13, 14, 15, 16, 17, 18, 19, 20, 21, 22]
text: TO ATMOS_NPES..IF LAND_NPES IS 0, SET LAND_NPES = ATMOS_NPES. LAND_NPES SHOULD BE LESS THAN OR EQUAL TO ATMOS_NPES..IF ICE_NPES IS 0, SET ICE_NPES = ATMOS_NPES. ICE_NPES SHOULD BE LESS THAN OR EQUAL TO ATMOS_NPES.IF ICE_NPES IS 0, SET ICE_NPES = ATMOS_NPES. ICE_NPES SHOULD BE LESS THAN OR EQUAL TO ATMOS_NPES.SETUP ATMPELIST, OCEANPELIST, LANDPELIST, AND ICEFAST_PELIST IF CONCURRENT = .TRUE. ATMOS AND OCEAN GET DISTINCT PELIST. ELSE ATMOS AND OCEAN HAVE OVERLAPPING PELISTS OR SAME PELIST.
ntokens:    495
id: 468826977552564868
name: Module: full_coupler_mod/Subroutines and functions/subroutine, public: coupler_init
sourcefile: full_coupler_mod.md
is_chunked: True
ichunk: 13
chunks: [1, 2, 3, 4, 5, 6, 7, 8, 9, 10, 11, 12, 13, 14, 15, 16, 17, 18, 19, 20, 21, 22]
text: OCEAN HAVE OVERLAPPING PELISTS OR SAME PELIST. LANDPELIST AND ICEFAST_PELIST ARE SUBSETS OF ATMPELIST.SETUP ATMPELIST, OCEANPELIST, LANDPELIST, AND ICEFAST_PELIST IF CONCURRENT = .TRUE. ATMOS AND OCEAN GET DISTINCT PELIST. ELSE ATMOS AND OCEAN HAVE OVERLAPPING PELISTS OR SAME PELIST. LANDPELIST AND ICEFAST_PELIST ARE SUBSETS OF ATMPELIST.SET PE IDENTITY FOR ATM, OCEAN, AND LAND, I.E., ATMPE = .TRUE. FOR PE IN ATMPELIST.SET PE IDENTITY FOR ATM, OCEAN, AND LAND, I.E., ATMPE = .TRUE. FOR PE IN
ntokens:    487
id: 468826977552564869
name: Module: full_coupler_mod/Subroutines and functions/subroutine, public: coupler_init
sourcefile: full_coupler_mod.md
is_chunked: True
ichunk: 14
chunks: [1, 2, 3, 4, 5, 6, 7, 8, 9, 10, 11, 12, 13, 14, 15, 16, 17, 18, 19, 20, 21, 22]
text: OCEAN, AND LAND, I.E., ATMPE = .TRUE. FOR PE IN ATMPELIST.SET ICEPELISTS. OUTLINE BELOW IS FOR WHEN DO_ATMOS IS TRUE: IF SLOW_ICE_WITH_OEAN = .FALSE. THEN ICESLOW_PELIST = ICEFAST_PELIST. IF SLOW_ICE_WITH_OEAN = .TRUE., THEN ICESLOW_PELIST = OCEANPELIST, AND ICEFAST_PELIST = ATMPELIST..SET ICEPELISTS. OUTLINE BELOW IS FOR WHEN DO_ATMOS IS TRUE: IF SLOW_ICE_WITH_OEAN = .FALSE. THEN ICESLOW_PELIST = ICEFAST_PELIST. IF SLOW_ICE_WITH_OEAN = .TRUE., THEN ICESLOW_PELIST = OCEANPELIST, AND
ntokens:    484
id: 468826977552564870
name: Module: full_coupler_mod/Subroutines and functions/subroutine, public: coupler_init
sourcefile: full_coupler_mod.md
is_chunked: True
ichunk: 15
chunks: [1, 2, 3, 4, 5, 6, 7, 8, 9, 10, 11, 12, 13, 14, 15, 16, 17, 18, 19, 20, 21, 22]
text: = .TRUE., THEN ICESLOW_PELIST = OCEANPELIST, AND ICEFAST_PELIST = ATMPELIST..SET OMP FOR WHEN DO_CONCURRENT_RADIATION = .TRUE..SET OMP FOR WHEN DO_CONCURRENT_RADIATION = .TRUE..INITIALIZE CLOCKS FOR PROFILING..INITIALIZE CLOCKS FOR PROFILING..WRITE PELISTS TO LOG..WRITE PELISTS TO LOG..WRITE NAMELIST TO LOG..WRITE NAMELIST TO LOG..WRITE MODEL INITIAL DATE TO LOGFILE..WRITE MODEL INITIAL DATE TO LOGFILE..INITIALIZE DIAG_MANAGER AND READ DIAG_TABLE..INITIALIZE DIAG_MANAGER AND READ
ntokens:    499
id: 468826977552564871
name: Module: full_coupler_mod/Subroutines and functions/subroutine, public: coupler_init
sourcefile: full_coupler_mod.md
is_chunked: True
ichunk: 16
chunks: [1, 2, 3, 4, 5, 6, 7, 8, 9, 10, 11, 12, 13, 14, 15, 16, 17, 18, 19, 20, 21, 22]
text: READ DIAG_TABLE..INITIALIZE DIAG_MANAGER AND READ DIAG_TABLE..OVERRIDE DATE_INIT WITH BASE DATE FROM DIAG_MANAGER IF BASE DATE EXISTS IN DIAG_TABLE..OVERRIDE DATE_INIT WITH BASE DATE FROM DIAG_MANAGER IF BASE DATE EXISTS IN DIAG_TABLE..SET TIME_INIT, TIME, AND TIME_START FROM DATE_INIT..SET TIME_INIT, TIME, AND TIME_START FROM DATE_INIT..SET TIME FROM DATE..SET TIME FROM DATE..SET TIME_START = TIME (from date)COMPUTE TIME_END FROM MONTHS, DAYS, HOURS, MINUTES, AND SECONDS..SET TIME_START = TIME
ntokens:    490
id: 468826977552564872
name: Module: full_coupler_mod/Subroutines and functions/subroutine, public: coupler_init
sourcefile: full_coupler_mod.md
is_chunked: True
ichunk: 17
chunks: [1, 2, 3, 4, 5, 6, 7, 8, 9, 10, 11, 12, 13, 14, 15, 16, 17, 18, 19, 20, 21, 22]
text: MINUTES, AND SECONDS..SET TIME_START = TIME (from date).COMPUTE TIME_END FROM MONTHS, DAYS, HOURS, MINUTES, AND SECONDS..COMPUTE TIME_END FROM MONTHS, DAYS, HOURS, MINUTES, AND SECONDS..CALL FMS_DIAG_SET_TIME_END WITH TIME_END..CALL FMS_DIAG_SET_TIME_END WITH TIME_END..GET RUN_LENGTH = TIME_END - TIME..GET RUN_LENGTH = TIME_END - TIME..IF INPUT/COUPLER.INTERMEDIATE.RES EXISTS, READ DATE_RESTART FROM THIS FILE. ELSE SET DATE_RESTART = DATE..IF INPUT/COUPLER.INTERMEDIATE.RES EXISTS, READ
ntokens:    499
id: 468826977552564873
name: Module: full_coupler_mod/Subroutines and functions/subroutine, public: coupler_init
sourcefile: full_coupler_mod.md
is_chunked: True
ichunk: 18
chunks: [1, 2, 3, 4, 5, 6, 7, 8, 9, 10, 11, 12, 13, 14, 15, 16, 17, 18, 19, 20, 21, 22]
text: INPUT/COUPLER.INTERMEDIATE.RES EXISTS, READ DATE_RESTART FROM THIS FILE. ELSE SET DATE_RESTART = DATE..SET TIME_RESTART..SET TIME_RESTART..WRITE STARTING AND ENDING TIME TO LOG..WRITE STARTING AND ENDING TIME TO LOG..SET TIME STEPS AND TOTAL NUMBER OF LOOP ITERATIONS CHECK FOR CONSISTENCY IN TIME STEPS AND RUN LENGTH..SET TIME STEPS AND TOTAL NUMBER OF LOOP ITERATIONS CHECK FOR CONSISTENCY IN TIME STEPS AND RUN LENGTH..INITIALIZE TRACER MANAGER AND GAS EXCHANGE FLUXES..INITIALIZE TRACER MANAGER
ntokens:    491
id: 468826977552564874
name: Module: full_coupler_mod/Subroutines and functions/subroutine, public: coupler_init
sourcefile: full_coupler_mod.md
is_chunked: True
ichunk: 19
chunks: [1, 2, 3, 4, 5, 6, 7, 8, 9, 10, 11, 12, 13, 14, 15, 16, 17, 18, 19, 20, 21, 22]
text: GAS EXCHANGE FLUXES..INITIALIZE TRACER MANAGER AND GAS EXCHANGE FLUXES..INITIALIZE ATM MODEL ON ATMPES INCLUDING DATA_OVERRIDE_INIT FOR ATM..INITIALIZE ATM MODEL ON ATMPES INCLUDING DATA_OVERRIDE_INIT FOR ATM..INITIALIZE LAND MODEL ON LANDPES INCLUDING DATA_OVERRIDE_INIT FOR LAND..INITIALIZE LAND MODEL ON LANDPES INCLUDING DATA_OVERRIDE_INIT FOR LAND..INITIALIZE ICE MODEL ON BOTH FAST AND SLOW ICEPES INCLUDING DATA_OVERRIDE_INIT FOR ICE..INITIALIZE ICE MODEL ON BOTH FAST AND SLOW ICEPES
ntokens:    493
id: 468826977552564875
name: Module: full_coupler_mod/Subroutines and functions/subroutine, public: coupler_init
sourcefile: full_coupler_mod.md
is_chunked: True
ichunk: 20
chunks: [1, 2, 3, 4, 5, 6, 7, 8, 9, 10, 11, 12, 13, 14, 15, 16, 17, 18, 19, 20, 21, 22]
text: ICE MODEL ON BOTH FAST AND SLOW ICEPES INCLUDING DATA_OVERRIDE_INIT FOR ICE..INITIALIZE OCEAN MODEL ON OCEANPES INCLUDING DATA_OVERRIDE_INIT FOR OCEAN AND OPENMP THREADS.INITIALIZE OCEAN MODEL ON OCEANPES INCLUDING DATA_OVERRIDE_INIT FOR OCEAN AND OPENMP THREADS.CALL MPP_DOMAINS_BROADCAST_DOMAIN FOR ICE AND OCEAN TO SHARE DOMAIN INFORMATION..CALL MPP_DOMAINS_BROADCAST_DOMAIN FOR ICE AND OCEAN TO SHARE DOMAIN INFORMATION..INITIALIZE FLUX EXCHANGE..INITIALIZE FLUX EXCHANGE..SET TIME_ATMOS =
ntokens:    499
id: 468826977552564876
name: Module: full_coupler_mod/Subroutines and functions/subroutine, public: coupler_init
sourcefile: full_coupler_mod.md
is_chunked: True
ichunk: 21
chunks: [1, 2, 3, 4, 5, 6, 7, 8, 9, 10, 11, 12, 13, 14, 15, 16, 17, 18, 19, 20, 21, 22]
text: FLUX EXCHANGE..SET TIME_ATMOS = TIME_OCEAN = TIME..SET TIME_ATMOS = TIME_OCEAN = TIME..READ ICE FROM RESTART..READ ICE FROM RESTART..READ OCEAN FROM RESTART.READ OCEAN FROM RESTART.MISCELLANEOUS INCLUDING CALLING DIAG_GRID_END TO FREE UP MEMORY USED DURING REGIONAL OUTPUT SETUP..MISCELLANEOUS INCLUDING CALLING DIAG_GRID_END TO FREE UP MEMORY USED DURING REGIONAL OUTPUT SETUP..INITIALIZE COUPLER_COMPONENT_OBJ.INITIALIZE COUPLER_COMPONENT_OBJ.INITIALIZE COUPLER CHECKSUM OBJECT..INITIALIZE COUPLER
ntokens:    169
id: 468826977552564877
name: Module: full_coupler_mod/Subroutines and functions/subroutine, public: coupler_init
sourcefile: full_coupler_mod.md
is_chunked: True
ichunk: 22
chunks: [1, 2, 3, 4, 5, 6, 7, 8, 9, 10, 11, 12, 13, 14, 15, 16, 17, 18, 19, 20, 21, 22]
text: COUPLER CHECKSUM OBJECT..INITIALIZE COUPLER CHECKSUM OBJECT..IF DO_ENDPOINT_CHKSUM IS TRUE, COMPUTE CHECKSUM..IF DO_ENDPOINT_CHKSUM IS TRUE, COMPUTE CHECKSUM..LOG..LOG..
ntokens:    314
id: 468826977552564878
name: Module: full_coupler_mod/Subroutines and functions/subroutine, public: coupler_end
sourcefile: full_coupler_mod.md
is_chunked: True
ichunk: 1
chunks: [1, 2, 3, 4, 5, 6]
text: - name:  coupler_end
- type:  subroutine, public  
- description:  Subroutine coupler_end finalizes all component models (such as deallocating arrays), writes restart files, and calls fms_diag_end to flush and close all diagnostic output files. Checksums are computed when do_chksum or do_endpoint_chksum is .true.
ntokens:    497
id: 468826977552564879
name: Module: full_coupler_mod/Subroutines and functions/subroutine, public: coupler_end
sourcefile: full_coupler_mod.md
is_chunked: True
ichunk: 2
chunks: [1, 2, 3, 4, 5, 6]
text: - arguments:  Atm, Land, Ice, Ocean, Ocean_state, Land_ice_atmos_boundary, Atmos_ice_boundary, Atmos_land_boundary, Ice_ocean_boundary, Ocean_ice_boundary, Ocn_bc_restart, Ice_bc_restart, current_timestep, Time_current, Time_start, Time_end, Time_restart_current, coupler_chksum_obj, coupler_clocks.atm (inout) is the atmospheric derived type.  land (inout) is the land derived type.  ice (inout) is the ice derived type.  ocean (inout) is the ocean derived type.  ocean_state (inout) is the ocean
ntokens:    494
id: 468826977552564880
name: Module: full_coupler_mod/Subroutines and functions/subroutine, public: coupler_end
sourcefile: full_coupler_mod.md
is_chunked: True
ichunk: 3
chunks: [1, 2, 3, 4, 5, 6]
text: derived type.  ocean_state (inout) is the ocean state derived type.  land_ice_atmos_boundary (inout) is the land-ice-atmosphere boundary derived type.  atmos_ice_boundary (inout) is the atmosphere-ice boundary derived type.  atmos_land_boundary (inout) is the atmosphere-land boundary derived type.  ice_ocean_boundary (inout) is the ice-ocean boundary derived type.  ocean_ice_boundary (inout) is the ocean-ice boundary derived type.  ocn_bc_restart (inout) is required to write restart files.
ntokens:    488
id: 468826977552564881
name: Module: full_coupler_mod/Subroutines and functions/subroutine, public: coupler_end
sourcefile: full_coupler_mod.md
is_chunked: True
ichunk: 4
chunks: [1, 2, 3, 4, 5, 6]
text: (inout) is required to write restart files.  ice_bc_restart (inout) is required to write restart files.  current_timestep (inout) is the current timestep (nc).  coupler_clocks (inout) are the coupler clocks.  coupler_chksum_obj (inout) is required for chksum computations.  time_current (inout) is the current timestep.  time_start (inout) is the model starting time.  time_end (inout) is the model ending time.  time_restart_current (inout) is the time corresponding to last restart time
ntokens:    499
id: 468826977552564882
name: Module: full_coupler_mod/Subroutines and functions/subroutine, public: coupler_end
sourcefile: full_coupler_mod.md
is_chunked: True
ichunk: 5
chunks: [1, 2, 3, 4, 5, 6]
text: - additional description:IF DO_CHKSUM AND/OR DO_ENDPOINT_CHKSUM IS TRUE, COMPUTE CHECKSUMS.IF DO_CHKSUM AND/OR DO_ENDPOINT_CHKSUM IS TRUE, COMPUTE CHECKSUMS.CHECK TIME_CURRENT == TIME_END.CHECK TIME_CURRENT == TIME_END.CALL OCEAN_MODEL_END.CALL OCEAN_MODEL_END.CALL ATMOS_MODEL_END.CALL ATMOS_MODEL_END.CALL LAND_MODEL_END.CALL LAND_MODEL_END.CALL ICE_MODEL_END.CALL ICE_MODEL_END.WRITE RESTART FILE.WRITE RESTART FILE.FINALIZE FMS DIAGNOSTICS MANAGER.FINALIZE FMS DIAGNOSTICS MANAGER.END CLOCKS.END
ntokens:    46
id: 468826977552564883
name: Module: full_coupler_mod/Subroutines and functions/subroutine, public: coupler_end
sourcefile: full_coupler_mod.md
is_chunked: True
ichunk: 6
chunks: [1, 2, 3, 4, 5, 6]
text: FMS DIAGNOSTICS MANAGER.END CLOCKS.END CLOCKS.
ntokens:    496
id: 468826977552564884
name: Module: full_coupler_mod/Subroutines and functions/subroutine: add_domain_dimension_data
sourcefile: full_coupler_mod.md
is_chunked: False
ichunk: 1
chunks: [1]
text: - name:  add_domain_dimension_data
- type:  subroutine  
- description:  Subroutine add_domain_dimension_data writes indices for the x and y dimensions into domain-decomposed fms2_io restart files. This is required so that the FMS tile-combining tool can reconstruct the global field correctly when the I/O layout is not (1,1). Without this call the combiner cannot determine the global position of each tile's data.  
- arguments:  fileobj.fileobj (inout) is the fms2io domain decomposed fileobj
ntokens:    151
id: 468826977552564885
name: Module: full_coupler_mod/Subroutines and functions/subroutine, public: coupler_restart
sourcefile: full_coupler_mod.md
is_chunked: True
ichunk: 1
chunks: [1, 2, 3, 4, 5, 6, 7]
text: - name:  coupler_restart
- type:  subroutine, public  
- description:  Subroutine coupler_restart writes all coupler-owned restart files.Files written:
ntokens:    499
id: 468826977552564886
name: Module: full_coupler_mod/Subroutines and functions/subroutine, public: coupler_restart
sourcefile: full_coupler_mod.md
is_chunked: True
ichunk: 2
chunks: [1, 2, 3, 4, 5, 6, 7]
text: RESTART/coupler.res or RESTART/time_stamp.coupler.res (if time_stamp is present): ASCII file containing calendar type integer, model start date (yr,mo,day,hr,min,sec), and current model date.RESTART/coupler.intermediate.res or RESTART/time_stamp.coupler.intermediate.res (if time_stamp is present: ASCII file with the time of the most recent intermediate restart. Written only if Time_restart_current > Time_start.Ocean boundary-condition fields: registered via fms_coupler_type_register_restartsIce
ntokens:    136
id: 468826977552564887
name: Module: full_coupler_mod/Subroutines and functions/subroutine, public: coupler_restart
sourcefile: full_coupler_mod.md
is_chunked: True
ichunk: 3
chunks: [1, 2, 3, 4, 5, 6, 7]
text: via fms_coupler_type_register_restartsIce boundary-condition fields (Iceocean_fluxes): registered via fms_coupler_type_register_restarts
ntokens:    138
id: 468826977552564888
name: Module: full_coupler_mod/Subroutines and functions/subroutine, public: coupler_restart
sourcefile: full_coupler_mod.md
is_chunked: True
ichunk: 4
chunks: [1, 2, 3, 4, 5, 6, 7]
text: The optional time_stamp argument, when present, prefixes all file names so tha multiple intermediate restart sets can coexist in RESTART/.
ntokens:    495
id: 468826977552564889
name: Module: full_coupler_mod/Subroutines and functions/subroutine, public: coupler_restart
sourcefile: full_coupler_mod.md
is_chunked: True
ichunk: 5
chunks: [1, 2, 3, 4, 5, 6, 7]
text: - arguments:  Atm, Ice, Ocean, Ocn_bc_restart, Ice_bc_restart, Time_current, Time_restart_current, Time_start, time_stamp.atm (inout) is the atmospheric component derived type.  ice (inout) is the ice component derived type.  ocean (inout) is the ocean component derived type.  ocn_bc_restart (inout) is the ocean boundary condition restart fms2_io fileobj.  ice_bc_restart (inout) is the ice boundary condition restart fms2_io fileobj.  time_current (inout) is the current model runtime (Time).
ntokens:    293
id: 468826977552564890
name: Module: full_coupler_mod/Subroutines and functions/subroutine, public: coupler_restart
sourcefile: full_coupler_mod.md
is_chunked: True
ichunk: 6
chunks: [1, 2, 3, 4, 5, 6, 7]
text: (inout) is the current model runtime (Time).  time_restart_current (inout) is the current restart time.  time_start (inout) is the model start time.  time_stamp (inout) is used to determine the restart file as 'RESTART/time_stamp/coupler.res' and 'RESTART/time_stamp/coupler.intermediate.res'.
ntokens:    383
id: 468826977552564891
name: Module: full_coupler_mod/Subroutines and functions/subroutine, public: coupler_restart
sourcefile: full_coupler_mod.md
is_chunked: True
ichunk: 7
chunks: [1, 2, 3, 4, 5, 6, 7]
text: - additional description:SET COUPLER.RES AND COUPLER.INTERMEDIATE.RES FILE NAMES.SET COUPLER.RES AND COUPLER.INTERMEDIATE.RES FILE NAMES.WRITE TIME TO COUPLER.RES.WRITE TIME TO COUPLER.RES.WRITE DATE TO COUPLER.INTERMEDIATE.RES.WRITE DATE TO COUPLER.INTERMEDIATE.RES.WRITE OCEANFIELDS RESTARTS.WRITE OCEANFIELDS RESTARTS.WRITE ICEOCEAN_FLUXES RESTARTS.WRITE ICEOCEAN_FLUXES RESTARTS.
ntokens:    50
id: 468826977552564892
name: Module: full_coupler_mod/Subroutines and functions/subroutine: coupler_set_clock_ids
sourcefile: full_coupler_mod.md
is_chunked: True
ichunk: 1
chunks: [1, 2, 3, 4, 5]
text: - name:  coupler_set_clock_ids
- type:  subroutine
ntokens:    495
id: 468826977552564893
name: Module: full_coupler_mod/Subroutines and functions/subroutine: coupler_set_clock_ids
sourcefile: full_coupler_mod.md
is_chunked: True
ichunk: 2
chunks: [1, 2, 3, 4, 5]
text: - description:  Subroutine coupler_set_clock_ids registers all FMS performance-clock IDs for the coupled model and stores them in the coupler_clocks struct.Clocks are registered on the PE list most appropriate for each phase: atmosphere clocks on Atmpelist, ocean clocks on Oceanpelist, ice clocks on Icefast_pelis or Iceslow_pelist, and ocean-ice flux clocks slow_ice_ocean_pelist. Global clocks (main loop, termination, flux_check_stocks) are registered on all PEs. This routine must be called
ntokens:    104
id: 468826977552564894
name: Module: full_coupler_mod/Subroutines and functions/subroutine: coupler_set_clock_ids
sourcefile: full_coupler_mod.md
is_chunked: True
ichunk: 3
chunks: [1, 2, 3, 4, 5]
text: on all PEs. This routine must be called after PE lists have been set up but before any clock is started.
ntokens:    477
id: 468826977552564895
name: Module: full_coupler_mod/Subroutines and functions/subroutine: coupler_set_clock_ids
sourcefile: full_coupler_mod.md
is_chunked: True
ichunk: 4
chunks: [1, 2, 3, 4, 5]
text: - arguments:  coupler_clocks, Atm, Land, Ice, Ocean, ensemble_pelist, slow_ice_ocean_pelist, ensemble_id.coupler_clocks (inout) is a derived type containing clocks for profiling.  atm (inout) is the atm derived type, required for atm pelist.  land (inout) is the land derived type, required for land pelist.  ocean (inout) is the ocean derived type, required for ocean pelist.  ice (inout) is the ice derived type, required for ice pelist.  slow_ice_ocean_pelist (inout) is the
ntokens:    271
id: 468826977552564896
name: Module: full_coupler_mod/Subroutines and functions/subroutine: coupler_set_clock_ids
sourcefile: full_coupler_mod.md
is_chunked: True
ichunk: 5
chunks: [1, 2, 3, 4, 5]
text: ice pelist.  slow_ice_ocean_pelist (inout) is the slow_ice_ocean_pelist, required for slow_ice_ocean pelist.  ensemble_pelist (inout) is the ensemble_pelist, to register clocks for ensemble members.  ensemble_id (inout) is the ensemble_id used as index in ensemble_pelist
ntokens:    221
id: 468826977552564897
name: Module: full_coupler_mod/Subroutines and functions/subroutine, public: coupler_flux_init_finish_stocks
sourcefile: full_coupler_mod.md
is_chunked: True
ichunk: 1
chunks: [1, 2, 3, 4]
text: - name:  coupler_flux_init_finish_stocks
- type:  subroutine, public  
- description:  Subroutine coupler_flux_init_finish_stocks initializes or finalizes stock computation to check for water, heat, and salt conservation.
ntokens:    370
id: 468826977552564898
name: Module: full_coupler_mod/Subroutines and functions/subroutine, public: coupler_flux_init_finish_stocks
sourcefile: full_coupler_mod.md
is_chunked: True
ichunk: 2
chunks: [1, 2, 3, 4]
text: When init_stocks=.true., calls flux_init_stocks to establish the baseline globally integrated water, heat, and salt stocks (q_start) for all four component models at the start of the run.When finish_stocks=.true., calls flux_check_stocks (if check_stocks >= 0) to compute final stocks, compares them to q_start, and reports conservation errors to the stocks output file.
ntokens:    495
id: 468826977552564899
name: Module: full_coupler_mod/Subroutines and functions/subroutine, public: coupler_flux_init_finish_stocks
sourcefile: full_coupler_mod.md
is_chunked: True
ichunk: 3
chunks: [1, 2, 3, 4]
text: - arguments:  Time, Atm, Land, Ice, Ocean_state, coupler_clocks, init_stocks, finish_stocks.time (inout) is the current model time.  atm (inout) is the atmosphere derived type.  land (inout) is the land derived type.  ice (inout) is the ice derived type.  ocean_state (inout) is the ocean state derived type.  coupler_clocks (inout) contains the clocks for profiling.  init_stocks (inout) is a flag where if true, call flux_init_stocks.  finish_stocks (inout) is a flag where if true, call final
ntokens:    61
id: 468826977552564900
name: Module: full_coupler_mod/Subroutines and functions/subroutine, public: coupler_flux_init_finish_stocks
sourcefile: full_coupler_mod.md
is_chunked: True
ichunk: 4
chunks: [1, 2, 3, 4]
text: (inout) is a flag where if true, call final flux_check_stocks
ntokens:    193
id: 468826977552564901
name: Module: full_coupler_mod/Subroutines and functions/subroutine, public: coupler_flux_check_stocks
sourcefile: full_coupler_mod.md
is_chunked: True
ichunk: 1
chunks: [1, 2]
text: - name:  coupler_flux_check_stocks
- type:  subroutine, public  
- description:  Subroutine coupler_flux_check_stocks periodically computes water, heat, and salt stocks for all four components.
ntokens:    363
id: 468826977552564902
name: Module: full_coupler_mod/Subroutines and functions/subroutine, public: coupler_flux_check_stocks
sourcefile: full_coupler_mod.md
is_chunked: True
ichunk: 2
chunks: [1, 2]
text: - arguments:  nc, Time, Atm, Land, Ice, Ocean_state, coupler_clocks.nc (inout) is the current outer-loop timestep.  time (inout) is the current model time.  atm (inout) is the atmosphere componen.  land (inout) is the land componen.  ice (inout) is the ice componen.  ocean_state (inout) is the ocean state componen.  coupler_clocks (inout) are the coupler clocks
ntokens:    446
id: 468826977552564903
name: Module: full_coupler_mod/Subroutines and functions/subroutine, public: coupler_flux_ocean_to_ice
sourcefile: full_coupler_mod.md
is_chunked: True
ichunk: 1
chunks: [1, 2]
text: - name:  coupler_flux_ocean_to_ice
- type:  subroutine, public  
- description:  Subroutine coupler_flux_ocean_to_ice calls flux_ocean_to_ice to transfers the current ocean state (SST, surface currents, salinity, sea-surface height) into the Ocean_ice_boundary derived type in preparation for the slow-ice update. The call occurs on slow_ice_ocean_pelist (the union of slow-ice and ocean PEs) and is profiled with coupler_clocksflux_ocean_to_ice.
ntokens:    330
id: 468826977552564904
name: Module: full_coupler_mod/Subroutines and functions/subroutine, public: coupler_flux_ocean_to_ice
sourcefile: full_coupler_mod.md
is_chunked: True
ichunk: 2
chunks: [1, 2]
text: - arguments:  Ocean, Ice, Ocean_ice_boundary, coupler_clocks, slow_ice_ocean_pelist.ocean (inout) is the ocean component.  ice (inout) is the ice component.  ocean_ice_boundary (inout) is the ocean-ice boundary component.  coupler_clocks (inout) are the coupler clocks.  slow_ice_ocean_pelist (inout) is the slow ice-ocean PE list
ntokens:    62
id: 468826977552564905
name: Module: full_coupler_mod/Subroutines and functions/subroutine, public: coupler_flux_ice_to_ocean
sourcefile: full_coupler_mod.md
is_chunked: True
ichunk: 1
chunks: [1, 2, 3, 4]
text: - name:  coupler_flux_ice_to_ocean
- type:  subroutine, public
ntokens:    497
id: 468826977552564906
name: Module: full_coupler_mod/Subroutines and functions/subroutine, public: coupler_flux_ice_to_ocean
sourcefile: full_coupler_mod.md
is_chunked: True
ichunk: 2
chunks: [1, 2, 3, 4]
text: - description:  Subroutine coupler_flux_ice_to_ocean updates the accumulated ice-to-ocean forcing fluxes (heat, freshwater, salt, momentum, shortwave) in Ice_ocean_boundary in preparation for the ocean model update.The optional set_current_slow_ice_ocean_pelist flag controls whether fms_mpp_set_current_pelist(slow_ice_ocean_pelist) is called. It defaults to .false. because when this routine follows coupler_flux_ocean_to_ice, the PE list is already set to slow_ice_ocean_pelist by that routine.
ntokens:    136
id: 468826977552564907
name: Module: full_coupler_mod/Subroutines and functions/subroutine, public: coupler_flux_ice_to_ocean
sourcefile: full_coupler_mod.md
is_chunked: True
ichunk: 3
chunks: [1, 2, 3, 4]
text: set to slow_ice_ocean_pelist by that routine. Pass .true. when calling coupler_flux_ice_to_ocean independently (e.g., in lag-flux mode).
ntokens:    484
id: 468826977552564908
name: Module: full_coupler_mod/Subroutines and functions/subroutine, public: coupler_flux_ice_to_ocean
sourcefile: full_coupler_mod.md
is_chunked: True
ichunk: 4
chunks: [1, 2, 3, 4]
text: - arguments:  Ice, Ocean, Ice_ocean_boundary, coupler_clocks, slow_ice_ocean_pelist, set_current_slow_ice_ocean_pelist.ice (inout) is the Ice component.  ocean (inout) is the Ocean component.  ice_ocean_boundary (inout) is the Ice_ocean_boundary component.  coupler_clocks (inout) are the coupler_clocks.  slow_ice_ocean_pelist (inout) is the slow_ice_ocean_pelist.  set_current_slow_ice_ocean_pelist (inout) is a flag where if true, call mpp_set_current_pelist(slow_ice_ocean_pelist)
ntokens:    417
id: 468826977552564909
name: Module: full_coupler_mod/Subroutines and functions/subroutine, public: coupler_unpack_ocean_ice_boundary
sourcefile: full_coupler_mod.md
is_chunked: True
ichunk: 1
chunks: [1, 2]
text: - name:  coupler_unpack_ocean_ice_boundary
- type:  subroutine, public  
- description:  Subroutine coupler_unpack_ocean_ice_boundary, called after coupler_flux_ocean_to_ice, first calls flux_ocean_to_ice_finish to override data (if field exists in data_table) and then calls unpack_ocean_ice_boundary to unpack the ocean-ice boundary data into the ice model state. slow_ice_chksums are computed if do_chksum is true.
ntokens:    443
id: 468826977552564910
name: Module: full_coupler_mod/Subroutines and functions/subroutine, public: coupler_unpack_ocean_ice_boundary
sourcefile: full_coupler_mod.md
is_chunked: True
ichunk: 2
chunks: [1, 2]
text: - arguments:  nc, Time_flux_ocean_to_ice, Ice, Ocean_ice_boundary, coupler_clocks, coupler_chksum_obj.nc (inout) is the current outer loop timestep.  time_flux_ocean_to_ice (inout) is the time for flux_ocean_to_ice.  ice (inout) is the Ice componen.  ocean_ice_boundary (inout) is the Ocean_ice_boundary.  coupler_clocks (inout) are the coupler_clocks.  coupler_chksum_obj (inout) is used for computing slow-ice checksums when do_chksum=.true.
ntokens:    464
id: 468826977552564911
name: Module: full_coupler_mod/Subroutines and functions/subroutine, public: coupler_exchange_slow_to_fast_ice
sourcefile: full_coupler_mod.md
is_chunked: False
ichunk: 1
chunks: [1]
text: - name:  coupler_exchange_slow_to_fast_ice
- type:  subroutine, public  
- description:  Subroutine coupler_exchange_slow_to_fast_ice transfers updated ocean boundary state to fast ice procesess by calling exchange_slow_to_fast_ice from ice_model_mod. This subroutine is called after coupler_flux_ocean_to_ice and coupler_unpack_ocean_ice_boundary  
- arguments:  Ice, coupler_clocks.ice (inout) is the Ice component.  coupler_clocks (inout) are the coupler_clocks
ntokens:    382
id: 468826977552564912
name: Module: full_coupler_mod/Subroutines and functions/subroutine, public: coupler_exchange_fast_to_slow_ice
sourcefile: full_coupler_mod.md
is_chunked: True
ichunk: 1
chunks: [1, 2]
text: - name:  coupler_exchange_fast_to_slow_ice
- type:  subroutine, public  
- description:  Subroutine coupler_exchange_fast_to_slow_ice calls exchange_fast_to_slow_ice form ice_model_mod to copy fast part of sea-ice to slow part of sea-ice.The optional set_ice_current_pelist flag, when .true., calls fms_mpp_set_current_pelist(Icepelist) to set and synchronize the pes in the pelist.
ntokens:    239
id: 468826977552564913
name: Module: full_coupler_mod/Subroutines and functions/subroutine, public: coupler_exchange_fast_to_slow_ice
sourcefile: full_coupler_mod.md
is_chunked: True
ichunk: 2
chunks: [1, 2]
text: - arguments:  Ice, coupler_clocks, set_ice_current_pelist.ice (inout) is the ice component.  coupler_clocks (inout) are the coupler_clocks.  set_ice_current_pelist (inout) is a flag where if true, call fms_mpp_set_current_pelist(Icepelist)
ntokens:    405
id: 468826977552564914
name: Module: full_coupler_mod/Subroutines and functions/subroutine, public: coupler_set_ice_surface_fields
sourcefile: full_coupler_mod.md
is_chunked: False
ichunk: 1
chunks: [1]
text: - name:  coupler_set_ice_surface_fields
- type:  subroutine, public  
- description:  Subroutine coupler_set_ice_surface_fields calls set_ice_surface_fields from ice_model_mod to prepare the ice surface state for atmosphere fast physics, as well as pre-calculate ice radiative properties.  
- arguments:  Ice, coupler_clocks.ice (inout) is the Ice component.  coupler_clocks (inout) are the coupler_clocks
ntokens:    413
id: 468826977552564915
name: Module: full_coupler_mod/Subroutines and functions/subroutine, public: coupler_generate_sfc_xgrid
sourcefile: full_coupler_mod.md
is_chunked: False
ichunk: 1
chunks: [1]
text: - name:  coupler_generate_sfc_xgrid
- type:  subroutine, public  
- description:  Subroutine coupler_generate_sfc_xgrid calls generate_sfc_xgrid to rebuild the atmosphere-surface exchange grid (xmap_sfc) from the current land mask and ice concentration.  
- arguments:  Land, Ice, coupler_clocks.land (inout) is the Land component.  ice (inout) is the Ice component.  coupler_clocks (inout) are the coupler_clocks
ntokens:    431
id: 468826977552564916
name: Module: full_coupler_mod/Subroutines and functions/subroutine, public: coupler_atmos_tracer_driver_gather_data
sourcefile: full_coupler_mod.md
is_chunked: False
ichunk: 1
chunks: [1]
text: - name:  coupler_atmos_tracer_driver_gather_data
- type:  subroutine, public  
- description:  Subroutine coupler_atmos_tracer_driver_gather_data calls atmos_tracer_driver_gather_data from atmos_tracer_driver_mod to gather CO2, NH3, and tagged/isotopic NH3 at the bottom atm layer in preparation for flux exchange.  
- arguments:  Atm, coupler_clocks.atm (inout) is the atm component.  coupler_clocks (inout) are the coupler_clocks
ntokens:    238
id: 468826977552564917
name: Module: full_coupler_mod/Subroutines and functions/subroutine, public: coupler_sfc_boundary_layer
sourcefile: full_coupler_mod.md
is_chunked: True
ichunk: 1
chunks: [1, 2, 3]
text: - name:  coupler_sfc_boundary_layer
- type:  subroutine, public  
- description:  Subroutine coupler_sfc_boundary_layer sets the clock and calls sfc_boundary_layer to compute fluxes at the surface. Chksum is computed if do_chksum is true.
ntokens:    495
id: 468826977552564918
name: Module: full_coupler_mod/Subroutines and functions/subroutine, public: coupler_sfc_boundary_layer
sourcefile: full_coupler_mod.md
is_chunked: True
ichunk: 2
chunks: [1, 2, 3]
text: - arguments:  Atm, Land, Ice, Land_ice_atmos_boundary, Time_atmos, current_timestep, coupler_chksum_obj, coupler_clocks.atm (inout) is the atm component.  land (inout) is the land component.  ice (inout) is the Ice component.  land_ice_atmos_boundary (inout) is the Land_ice_atmos_boundary component.  time_atmos (inout) is the Atmos time.  current_timestep (inout) is the timestep (nc-1)*num_atmos_cal + na.  coupler_chksum_obj (inout) is the coupler_chksum_obj.  coupler_clocks (inout) are the
ntokens:    45
id: 468826977552564919
name: Module: full_coupler_mod/Subroutines and functions/subroutine, public: coupler_sfc_boundary_layer
sourcefile: full_coupler_mod.md
is_chunked: True
ichunk: 3
chunks: [1, 2, 3]
text: coupler_clocks (inout) are the coupler_clocks
ntokens:    343
id: 468826977552564920
name: Module: full_coupler_mod/Subroutines and functions/subroutine, public: coupler_update_atmos_model_dynamics
sourcefile: full_coupler_mod.md
is_chunked: True
ichunk: 1
chunks: [1, 2]
text: - name:  coupler_update_atmos_model_dynamics
- type:  subroutine, public  
- description:  Subroutine coupler_update_atmos_model_dynamics calls update_atmos_model_dynamics from atmos_driver to advance the atmospheric dynamical core by one timestep. Checksums are computed when do_chksum=.true., and memory usage is printed when do_debug=.true.
ntokens:    280
id: 468826977552564921
name: Module: full_coupler_mod/Subroutines and functions/subroutine, public: coupler_update_atmos_model_dynamics
sourcefile: full_coupler_mod.md
is_chunked: True
ichunk: 2
chunks: [1, 2]
text: - arguments:  Atm, current_timestep, coupler_chksum_obj, coupler_clocks.atm (inout) is the Atm component.  current_timestep (inout) is the current timestep.  coupler_chksum_obj (inout) is the coupler_chksum_obj for computing chksums.  coupler_clocks (inout) are the coupler_clocks
ntokens:    452
id: 468826977552564922
name: Module: full_coupler_mod/Subroutines and functions/subroutine, public: coupler_update_atmos_model_radiation
sourcefile: full_coupler_mod.md
is_chunked: True
ichunk: 1
chunks: [1, 2]
text: - name:  coupler_update_atmos_model_radiation
- type:  subroutine, public  
- description:  Subroutine coupler_update_atmos_model_radiation calls update_atmos_model_radiation in atmos_driver to update the radiative heating rates, boundary radiative fluxes, and other properties. Checksums are computed if do_chksum is true and do_concurrent_radiation = .false. (due to threading restrictions in mpp_chksum). Memory usage is printed when do_debug=.true.
ntokens:    380
id: 468826977552564923
name: Module: full_coupler_mod/Subroutines and functions/subroutine, public: coupler_update_atmos_model_radiation
sourcefile: full_coupler_mod.md
is_chunked: True
ichunk: 2
chunks: [1, 2]
text: - arguments:  Atm, Land_ice_atmos_boundary, coupler_clocks, current_timestep, coupler_chksum_obj.atm (inout) is the Atm component.  land_ice_atmos_boundary (inout) is the Land_ice_atmos_boundary component.  coupler_clocks (inout) are the coupler_clocks.  current_timestep (inout) is the current timestep.  coupler_chksum_obj (inout) is the coupler_chksum_obj for computing chksums
ntokens:    341
id: 468826977552564924
name: Module: full_coupler_mod/Subroutines and functions/subroutine, public: coupler_update_atmos_model_down
sourcefile: full_coupler_mod.md
is_chunked: True
ichunk: 1
chunks: [1, 2, 3]
text: - name:  coupler_update_atmos_model_down
- type:  subroutine, public  
- description:  Subroutine coupler_update_atmos_model_down calls update_atmos_model_down from atmos_driver to execute the downward atmospheric physics sweep for heat/moisture. Checksums are computed when do_chksum=.true., and memory usage is printed when do_debug=.true.
ntokens:    497
id: 468826977552564925
name: Module: full_coupler_mod/Subroutines and functions/subroutine, public: coupler_update_atmos_model_down
sourcefile: full_coupler_mod.md
is_chunked: True
ichunk: 2
chunks: [1, 2, 3]
text: - arguments:  Atm, Land_ice_atmos_boundary, current_timestep, coupler_chksum_obj, coupler_clocks.atm (inout) is the atmosphere model derived type.  land_ice_atmos_boundary (inout) is the derived type containing quantities going from land and ice to atmos.  current_timestep (inout) is the current coupled timestep index used for checksum labelling.  coupler_chksum_obj (inout) is the coupler checksum object used to compute checksums.  coupler_clocks (inout) are the coupler clocks used to measure
ntokens:    84
id: 468826977552564926
name: Module: full_coupler_mod/Subroutines and functions/subroutine, public: coupler_update_atmos_model_down
sourcefile: full_coupler_mod.md
is_chunked: True
ichunk: 3
chunks: [1, 2, 3]
text: (inout) are the coupler clocks used to measure runtime of the downward physics sweep
ntokens:    316
id: 468826977552564927
name: Module: full_coupler_mod/Subroutines and functions/subroutine, public: coupler_flux_down_from_atmos
sourcefile: full_coupler_mod.md
is_chunked: True
ichunk: 1
chunks: [1, 2, 3]
text: - name:  coupler_flux_down_from_atmos
- type:  subroutine, public  
- description:  Subroutine coupler_flux_down_from_atmos calls flux_down_from_atmos to map fluxes from atmosphere to land and ice components. Runtime is measured by the clock for flux_down_from_atmos, and checksums are computed when do_chksum=.true.
ntokens:    491
id: 468826977552564928
name: Module: full_coupler_mod/Subroutines and functions/subroutine, public: coupler_flux_down_from_atmos
sourcefile: full_coupler_mod.md
is_chunked: True
ichunk: 2
chunks: [1, 2, 3]
text: - arguments:  Atm, Land, Ice, Land_ice_atmos_boundary, Atmos_land_boundary, Atmos_ice_boundary, Time_atmos, current_timestep, coupler_clocks, coupler_chksum_obj.atm (inout) is the Atm derived type.  land (inout) is the Land derived type.  ice (inout) is the Ice derived type.  land_ice_atmos_boundary (inout) is the Land_ice_atmos_boundary derived type.  atmos_land_boundary (inout) is the Atmos_land_boundary derived type.  atmos_ice_boundary (inout) is the Atmos_ice_boundary derived type.
ntokens:    300
id: 468826977552564929
name: Module: full_coupler_mod/Subroutines and functions/subroutine, public: coupler_flux_down_from_atmos
sourcefile: full_coupler_mod.md
is_chunked: True
ichunk: 3
chunks: [1, 2, 3]
text: (inout) is the Atmos_ice_boundary derived type.  time_atmos (inout) is the Time_atmos FmsTime_type containing time in seconds.  current_timestep (inout) is the current timestep.  coupler_clocks (inout) is the coupler_clocks.  coupler_chksum_obj (inout) is the coupler_chksum_obj for computing chksums
ntokens:    445
id: 468826977552564930
name: Module: full_coupler_mod/Subroutines and functions/subroutine, public: coupler_update_land_model_fast
sourcefile: full_coupler_mod.md
is_chunked: True
ichunk: 1
chunks: [1, 2, 3]
text: - name:  coupler_update_land_model_fast
- type:  subroutine, public  
- description:  Subroutine coupler_update_land_model_fast calls update_land_model_fast from land_model_mod to advance fast land processes by one atmospheric timestep. Clocks are initialized to measure runtime, pelist is set and synchronized before and after fast land model update, and checksums and memory usages are computed if do_chksum and do_debug are true respectively.
ntokens:    497
id: 468826977552564931
name: Module: full_coupler_mod/Subroutines and functions/subroutine, public: coupler_update_land_model_fast
sourcefile: full_coupler_mod.md
is_chunked: True
ichunk: 2
chunks: [1, 2, 3]
text: - arguments:  Land, Atmos_land_boundary, atm_pelist, current_timestep, coupler_chksum_obj, coupler_clocks.land (inout) is the land model derived type.  atmos_land_boundary (inout) is the atmosphere-to-land boundary derived type containing atm to land fluxes.  atm_pelist (inout) is the atmosphere PE list used to reset the current PE list after the land update.  current_timestep (inout) is the current coupled timestep index used for checksum labelling.  coupler_chksum_obj (inout) is the coupler
ntokens:    132
id: 468826977552564932
name: Module: full_coupler_mod/Subroutines and functions/subroutine, public: coupler_update_land_model_fast
sourcefile: full_coupler_mod.md
is_chunked: True
ichunk: 3
chunks: [1, 2, 3]
text: coupler_chksum_obj (inout) is the coupler checksum object used to compute checksums.  coupler_clocks (inout) current pelist=Atmpelis
ntokens:    427
id: 468826977552564933
name: Module: full_coupler_mod/Subroutines and functions/subroutine, public: coupler_update_ice_model_fast
sourcefile: full_coupler_mod.md
is_chunked: True
ichunk: 1
chunks: [1, 2, 3]
text: - name:  coupler_update_ice_model_fast
- type:  subroutine, public  
- description:  Subroutine coupler_update_ice_model_fast calls update_ice_model_fast from ice_model_mod to advance fast sea ice by one atmospheric timestep. Pelists are set and synchronized before and after the fast ice model update. Runtime is measured by update_ice_model_fast. Checksums and memory usage reporting are controlled by do_chksum and do_debug.
ntokens:    492
id: 468826977552564934
name: Module: full_coupler_mod/Subroutines and functions/subroutine, public: coupler_update_ice_model_fast
sourcefile: full_coupler_mod.md
is_chunked: True
ichunk: 2
chunks: [1, 2, 3]
text: - arguments:  Ice, Atmos_ice_boundary, atm_pelist, current_timestep, coupler_chksum_obj, coupler_clocks.ice (inout) is the ice model derived type.  atmos_ice_boundary (inout) is the atmosphere-to-ice boundary derived type containing fluxes passed down from the atmosphere.  atm_pelist (inout) is the atmosphere PE list used to reset the current PE list after the fast ice update.  current_timestep (inout) is the current coupled timestep index used for checksum labelling.  coupler_chksum_obj
ntokens:    165
id: 468826977552564935
name: Module: full_coupler_mod/Subroutines and functions/subroutine, public: coupler_update_ice_model_fast
sourcefile: full_coupler_mod.md
is_chunked: True
ichunk: 3
chunks: [1, 2, 3]
text: used for checksum labelling.  coupler_chksum_obj (inout) is the coupler checksum object used to compute checksums.  coupler_clocks (inout) current pelist = Atmpelist
ntokens:    308
id: 468826977552564936
name: Module: full_coupler_mod/Subroutines and functions/subroutine, public: coupler_flux_up_to_atmos
sourcefile: full_coupler_mod.md
is_chunked: True
ichunk: 1
chunks: [1, 2, 3]
text: - name:  coupler_flux_up_to_atmos
- type:  subroutine, public  
- description:  Subroutine coupler_flux_up_to_atmos calls flux_up_to_atmos to transfer updated surface states from land and ice to atmosphere. Runtime is measured by coupler_clocksflux_up_to_atmos, and checksums are computed if do_chksum=.true.
ntokens:    497
id: 468826977552564937
name: Module: full_coupler_mod/Subroutines and functions/subroutine, public: coupler_flux_up_to_atmos
sourcefile: full_coupler_mod.md
is_chunked: True
ichunk: 2
chunks: [1, 2, 3]
text: - arguments:  Land, Ice, Land_ice_atmos_boundary, Atmos_land_boundary, Atmos_ice_boundary, Time_atmos, current_timestep, coupler_chksum_obj, coupler_clocks.land (inout) is the land model derived type.  ice (inout) is the ice model derived type.  land_ice_atmos_boundary (inout) is the land-ice-to-atmosphere boundary derived type accumulating surface fluxes to the atmosphere.  atmos_land_boundary (inout) is the atmosphere-to-land boundary derived type used to get dimensions.  atmos_ice_boundary
ntokens:    447
id: 468826977552564938
name: Module: full_coupler_mod/Subroutines and functions/subroutine, public: coupler_flux_up_to_atmos
sourcefile: full_coupler_mod.md
is_chunked: True
ichunk: 3
chunks: [1, 2, 3]
text: type used to get dimensions.  atmos_ice_boundary (inout) is the atmosphere-to-ice boundary derived type used to get dimensions.  time_atmos (inout) is the current atmospheric model time in seconds.  current_timestep (inout) is the current coupled timestep index used for checksum labelling.  coupler_chksum_obj (inout) is the coupler checksum object used to compute checksums.  coupler_clocks (inout) are the coupler clocks used to measure runtime
ntokens:    461
id: 468826977552564939
name: Module: full_coupler_mod/Subroutines and functions/subroutine, public: coupler_update_atmos_model_up
sourcefile: full_coupler_mod.md
is_chunked: True
ichunk: 1
chunks: [1, 2, 3]
text: - name:  coupler_update_atmos_model_up
- type:  subroutine, public  
- description:  Subroutine coupler_update_atmos_model_up calls update_atmos_model_up from atmos_driver to finish the upward sweep of the tridiagonal eliminiation for heat/moisture and to compute the convective and large-scale tendencies. Runtime is measured by coupler_clocksupdate_atmos_model_up. Checksums are computed when do_chksum=.true., and memory usage is printed when do_debug=.true.
ntokens:    496
id: 468826977552564940
name: Module: full_coupler_mod/Subroutines and functions/subroutine, public: coupler_update_atmos_model_up
sourcefile: full_coupler_mod.md
is_chunked: True
ichunk: 2
chunks: [1, 2, 3]
text: - arguments:  Atm, Land_ice_atmos_boundary, current_timestep, coupler_chksum_obj, coupler_clocks.atm (inout) is the atmosphere model derived type.  land_ice_atmos_boundary (inout) is the land-ice-to-atmosphere boundary derived type containing surface fluxes returned to the atmosphere.  current_timestep (inout) is the current coupled timestep index used for checksum labelling.  coupler_chksum_obj (inout) is the coupler checksum object used to compute checksums.  coupler_clocks (inout) are the
ntokens:    121
id: 468826977552564941
name: Module: full_coupler_mod/Subroutines and functions/subroutine, public: coupler_update_atmos_model_up
sourcefile: full_coupler_mod.md
is_chunked: True
ichunk: 3
chunks: [1, 2, 3]
text: checksums.  coupler_clocks (inout) are the coupler clocks used to measure runtime of the upward atmospheric physics sweep
ntokens:    205
id: 468826977552564942
name: Module: full_coupler_mod/Subroutines and functions/subroutine, public: coupler_flux_atmos_to_ocean
sourcefile: full_coupler_mod.md
is_chunked: True
ichunk: 1
chunks: [1, 2]
text: - name:  coupler_flux_atmos_to_ocean
- type:  subroutine, public  
- description:  Subroutine coupler_flux_atmos_to_ocean calls flux_atmos_to_ocean to compute atmosphere-to-ocean/ice gas deposition fluxes.
ntokens:    345
id: 468826977552564943
name: Module: full_coupler_mod/Subroutines and functions/subroutine, public: coupler_flux_atmos_to_ocean
sourcefile: full_coupler_mod.md
is_chunked: True
ichunk: 2
chunks: [1, 2]
text: - arguments:  Atm, Atmos_ice_boundary, Ice, Time_atmos.atm (inout) is the atmosphere model derived type.  atmos_ice_boundary (inout) is the atmosphere-to-ice boundary derived type used to pass gas and deposition fluxes to the ocean.  ice (inout) is the ice model derived type.  time_atmos (inout) is the current atmospheric model time in seconds
ntokens:    432
id: 468826977552564944
name: Module: full_coupler_mod/Subroutines and functions/subroutine, public: coupler_update_atmos_model_state
sourcefile: full_coupler_mod.md
is_chunked: True
ichunk: 1
chunks: [1, 2]
text: - name:  coupler_update_atmos_model_state
- type:  subroutine, public  
- description:  Subroutine coupler_update_atmos_model_state calls update_atmos_model_state in atmos_model to update atmospheric state and diagnostic fields in Atm at the end of the atmospheric timestep. Runtime is measured by coupler_clocksupdate_atmos_model_state. Checksums are computed when do_chksum=.true., and memory usage is printed when do_debug=.true.
ntokens:    403
id: 468826977552564945
name: Module: full_coupler_mod/Subroutines and functions/subroutine, public: coupler_update_atmos_model_state
sourcefile: full_coupler_mod.md
is_chunked: True
ichunk: 2
chunks: [1, 2]
text: - arguments:  Atm, current_timestep, coupler_chksum_obj, coupler_clocks.atm (inout) is the atmosphere model derived type.  current_timestep (inout) is the current coupled timestep index used for checksum labelling.  coupler_chksum_obj (inout) is the coupler checksum object used to compute checksums.  coupler_clocks (inout) are the coupler clocks used to measure runtime of the atmospheric state update
ntokens:    399
id: 468826977552564946
name: Module: full_coupler_mod/Subroutines and functions/subroutine, public: coupler_update_land_model_slow
sourcefile: full_coupler_mod.md
is_chunked: True
ichunk: 1
chunks: [1, 2, 3]
text: - name:  coupler_update_land_model_slow
- type:  subroutine, public  
- description:  Subroutine coupler_update_land_model_slow calls update_land_model_slow in land_model_mod to advance the land model on the slow (coupled) timestep. Pelist are set and synchronized before and after the call. Runtime is measured with coupler_clocksupdate_land_model_slow. Checksums are computed when do_chksum=.true.
ntokens:    499
id: 468826977552564947
name: Module: full_coupler_mod/Subroutines and functions/subroutine, public: coupler_update_land_model_slow
sourcefile: full_coupler_mod.md
is_chunked: True
ichunk: 2
chunks: [1, 2, 3]
text: - arguments:  Land, Atmos_land_boundary, atm_pelist, current_timestep, coupler_chksum_obj, coupler_clocks.land (inout) is the land model derived type.  atmos_land_boundary (inout) is the atmosphere-to-land boundary derived type containing fluxes passed down from the atmosphere.  atm_pelist (inout) is the atmosphere PE list used to reset the current PE list after the slow land update.  current_timestep (inout) is the current coupled timestep index used for checksum labelling.  coupler_chksum_obj
ntokens:    209
id: 468826977552564948
name: Module: full_coupler_mod/Subroutines and functions/subroutine, public: coupler_update_land_model_slow
sourcefile: full_coupler_mod.md
is_chunked: True
ichunk: 3
chunks: [1, 2, 3]
text: used for checksum labelling.  coupler_chksum_obj (inout) is the coupler checksum object used to compute checksums.  coupler_clocks (inout) are the coupler clocks used to measure runtime of the slow land update
ntokens:    320
id: 468826977552564949
name: Module: full_coupler_mod/Subroutines and functions/subroutine, public: coupler_flux_land_to_ice
sourcefile: full_coupler_mod.md
is_chunked: True
ichunk: 1
chunks: [1, 2, 3]
text: - name:  coupler_flux_land_to_ice
- type:  subroutine, public  
- description:  Subroutine coupler_flux_land_to_ice calls flux_land_to_ice to transfer freshwater discharge from the land model to the ice/ocean grid. Runtime is measured with coupler_clocksflux_land_to_ice, and checksums are computed when do_chksum=.true.
ntokens:    499
id: 468826977552564950
name: Module: full_coupler_mod/Subroutines and functions/subroutine, public: coupler_flux_land_to_ice
sourcefile: full_coupler_mod.md
is_chunked: True
ichunk: 2
chunks: [1, 2, 3]
text: - arguments:  Land, Ice, Land_ice_boundary, Time, current_timestep, coupler_chksum_obj, coupler_clocks.land (inout) is the land model derived type.  ice (inout) is the ice model derived type.  land_ice_boundary (inout) is the land-to-ice boundary derived type receiving runoff and other land fluxes.  time (inout) is the current model time in seconds passed to flux_land_to_ice.  current_timestep (inout) is the current coupled timestep index used for checksum labelling.  coupler_chksum_obj (inout)
ntokens:    209
id: 468826977552564951
name: Module: full_coupler_mod/Subroutines and functions/subroutine, public: coupler_flux_land_to_ice
sourcefile: full_coupler_mod.md
is_chunked: True
ichunk: 3
chunks: [1, 2, 3]
text: checksum labelling.  coupler_chksum_obj (inout) is the coupler checksum object used to compute checksums.  coupler_clocks (inout) are the coupler clocks used to measure runtime of the land-to-ice flux transfer
ntokens:    69
id: 468826977552564952
name: Module: full_coupler_mod/Subroutines and functions/subroutine, public: coupler_unpack_land_ice_boundary
sourcefile: full_coupler_mod.md
is_chunked: True
ichunk: 1
chunks: [1, 2, 3, 4]
text: - name:  coupler_unpack_land_ice_boundary
- type:  subroutine, public
ntokens:    493
id: 468826977552564953
name: Module: full_coupler_mod/Subroutines and functions/subroutine, public: coupler_unpack_land_ice_boundary
sourcefile: full_coupler_mod.md
is_chunked: True
ichunk: 2
chunks: [1, 2, 3, 4]
text: - description:  Subroutine coupler_unpack_land_ice_boundary calls ice_model_fast_cleanup and unpack_land_ice_boundary from ice_model_mod to prepare the fast-ice model to receive the new land discharge fields and then copies them into its internal state. Ice_model_fast_cleanup resets the fast-ice accumulation buffers so tha the incoming runoff/calving values replace, rather than accumulate on top of, values from previous steps. Unpack_land_ice_boundary(Ice, Land_ice_boundary copies runoff,
ntokens:    191
id: 468826977552564954
name: Module: full_coupler_mod/Subroutines and functions/subroutine, public: coupler_unpack_land_ice_boundary
sourcefile: full_coupler_mod.md
is_chunked: True
ichunk: 3
chunks: [1, 2, 3, 4]
text: Land_ice_boundary copies runoff, calving, runoff_hflx, calving_hflx from Land_ice_boundary that was populated by coupler_flux_land_to_ice into the ice model's internal fast-ice derived types.
ntokens:    293
id: 468826977552564955
name: Module: full_coupler_mod/Subroutines and functions/subroutine, public: coupler_unpack_land_ice_boundary
sourcefile: full_coupler_mod.md
is_chunked: True
ichunk: 4
chunks: [1, 2, 3, 4]
text: - arguments:  Ice, Land_ice_boundary, coupler_clocks.ice (inout) is the ice model derived type.  land_ice_boundary (inout) is the land-to-ice boundary derived type whose fields are unpacked into the ice model.  coupler_clocks (inout) are the coupler clocks used to measure runtime of unpacking
ntokens:    77
id: 468826977552564956
name: Module: full_coupler_mod/Subroutines and functions/subroutine, public: coupler_update_ice_model_slow_and_stocks
sourcefile: full_coupler_mod.md
is_chunked: True
ichunk: 1
chunks: [1, 2, 3, 4]
text: - name:  coupler_update_ice_model_slow_and_stocks
- type:  subroutine, public
ntokens:    482
id: 468826977552564957
name: Module: full_coupler_mod/Subroutines and functions/subroutine, public: coupler_update_ice_model_slow_and_stocks
sourcefile: full_coupler_mod.md
is_chunked: True
ichunk: 2
chunks: [1, 2, 3, 4]
text: - description:  Subroutine coupler_update_ice_model_slow_and_stocks calls update_ice_model_slow from ice_model_mod to advance the slow sea-ice model and then calls flux_ice_to_ocean_stocks to compute stocks. Update_ice_model_slow runs slow-timescale sea-ice processes including dynamics, freezing and melting, precipitation, and transport. Flux_ice_to_ocean_stocks updates for stocks transferred from ice to ocean. Runtime is measured by coupler_clocksupdate_ice_model_slow_slow and
ntokens:    101
id: 468826977552564958
name: Module: full_coupler_mod/Subroutines and functions/subroutine, public: coupler_update_ice_model_slow_and_stocks
sourcefile: full_coupler_mod.md
is_chunked: True
ichunk: 3
chunks: [1, 2, 3, 4]
text: by coupler_clocksupdate_ice_model_slow_slow and coupler_clocksflux_ice_to_ocean_stocks (inner clock).
ntokens:    200
id: 468826977552564959
name: Module: full_coupler_mod/Subroutines and functions/subroutine, public: coupler_update_ice_model_slow_and_stocks
sourcefile: full_coupler_mod.md
is_chunked: True
ichunk: 4
chunks: [1, 2, 3, 4]
text: - arguments:  Ice, coupler_clocks.ice (inout) is the ice model derived type.  coupler_clocks (inout) is the coupler timing clock set used to measure runtime of the slow ice update and stock flux steps
ntokens:    340
id: 468826977552564960
name: Module: full_coupler_mod/Subroutines and functions/subroutine, public: coupler_update_ocean_model
sourcefile: full_coupler_mod.md
is_chunked: True
ichunk: 1
chunks: [1, 2, 3]
text: - name:  coupler_update_ocean_model
- type:  subroutine, public  
- description:  Subroutine coupler_update_ocean_model calls update_ocean_model from ocean_model_mod to advance the ocean model by one coupled timestep with ice-ocean boundary forcing. Time_ocean is advanced by Time_step_cpld, and checksums are computed when do_chksum=.true.
ntokens:    498
id: 468826977552564961
name: Module: full_coupler_mod/Subroutines and functions/subroutine, public: coupler_update_ocean_model
sourcefile: full_coupler_mod.md
is_chunked: True
ichunk: 2
chunks: [1, 2, 3]
text: - arguments:  Ocean, Ocean_state, Ice_ocean_boundary, Time_ocean, Time_step_cpld, current_timestep, coupler_chksum_obj.ocean (inout) is the ocean model public derived type.  ocean_state (inout) is the pointer to the internal ocean model state.  ice_ocean_boundary (inout) is the ice-to-ocean boundary derived type containing forcing fluxes passed to the ocean.  time_ocean (inout) is the current ocean model time; advanced by Time_step_cpld on output.  time_step_cpld (inout) is the duration of one
ntokens:    294
id: 468826977552564962
name: Module: full_coupler_mod/Subroutines and functions/subroutine, public: coupler_update_ocean_model
sourcefile: full_coupler_mod.md
is_chunked: True
ichunk: 3
chunks: [1, 2, 3]
text: time_step_cpld (inout) is the duration of one coupled (slow) timestep passed to update_ocean_model.  current_timestep (inout) is the current coupled timestep index used for checksum labelling.  coupler_chksum_obj (inout) is the coupler checksum object used to compute and report field checksums
ntokens:    65
id: 468826977552564963
name: Module: full_coupler_mod/Subroutines and functions/subroutine, public: coupler_intermediate_restart
sourcefile: full_coupler_mod.md
is_chunked: True
ichunk: 1
chunks: [1, 2, 3, 4, 5, 6]
text: - name:  coupler_intermediate_restart
- type:  subroutine, public
ntokens:    497
id: 468826977552564964
name: Module: full_coupler_mod/Subroutines and functions/subroutine, public: coupler_intermediate_restart
sourcefile: full_coupler_mod.md
is_chunked: True
ichunk: 2
chunks: [1, 2, 3, 4, 5, 6]
text: - description:  Subroutine coupler_intermediate_restart writes mid-run restart files for all component models and the coupler.Component restarts are written on their respective PE sets: atmosphere, land, and ice restarts are written on PEs where Atmpe is true, and the ocean restart is written on PEs where Oceanis_ocean_pe is true. Coupler-specific boundary-condition restart data (Ocn_bc_restart and Ice_bc_restart) are written by coupler_restart in FMS.After all files are written, Time_restart
ntokens:    134
id: 468826977552564965
name: Module: full_coupler_mod/Subroutines and functions/subroutine, public: coupler_intermediate_restart
sourcefile: full_coupler_mod.md
is_chunked: True
ichunk: 3
chunks: [1, 2, 3, 4, 5, 6]
text: in FMS.After all files are written, Time_restart is advanced by restart_interval to set the next scheduled intermediate restart write.
ntokens:    492
id: 468826977552564966
name: Module: full_coupler_mod/Subroutines and functions/subroutine, public: coupler_intermediate_restart
sourcefile: full_coupler_mod.md
is_chunked: True
ichunk: 4
chunks: [1, 2, 3, 4, 5, 6]
text: - arguments:  Atm, Ice, Ocean, Ocean_state, Ocn_bc_restart, Ice_bc_restart, Time_current, Time_restart, Time_restart_current, Time_start.atm (inout) is the atmosphere model derived type; restart is written by atmos_model_restart.  ice (inout) is the ice model derived type; restart is written by ice_model_restart.  ocean (inout) is the ocean model public derived type; restart is written by ocean_model_restart.  ocean_state (inout) is the pointer to the internal ocean model state passed to
ntokens:    493
id: 468826977552564967
name: Module: full_coupler_mod/Subroutines and functions/subroutine, public: coupler_intermediate_restart
sourcefile: full_coupler_mod.md
is_chunked: True
ichunk: 5
chunks: [1, 2, 3, 4, 5, 6]
text: to the internal ocean model state passed to ocean_model_restart.  ocn_bc_restart (inout) is the array of fms2_io fileobjs used to write ocean boundary-condition coupler restart data.  ice_bc_restart (inout) is the array of fms2_io fileobjs used to write ice boundary-condition coupler restart data.  time_current (inout) is the current model time stamped on the intermediate restart files.  time_start (inout) is the model start time passed to coupler_restar.  time_restart (inout) is the next
ntokens:    261
id: 468826977552564968
name: Module: full_coupler_mod/Subroutines and functions/subroutine, public: coupler_intermediate_restart
sourcefile: full_coupler_mod.md
is_chunked: True
ichunk: 6
chunks: [1, 2, 3, 4, 5, 6]
text: coupler_restar.  time_restart (inout) is the next scheduled intermediate restart time; updated by this subroutine after writing restarts.  time_restart_current (inout) is the current intermediate restart time; set to Time_current at the start of this subroutine
ntokens:    320
id: 468826977552564969
name: Module: full_coupler_mod/Subroutines and functions/subroutine, public: coupler_summarize_timestep
sourcefile: full_coupler_mod.md
is_chunked: True
ichunk: 1
chunks: [1, 2, 3]
text: - name:  coupler_summarize_timestep
- type:  subroutine, public  
- description:  Subroutine coupler_summarize_timestep reports coupled-timestep progress, memory usage, and optional concurrent-radiation timing diagnostics. Checksums are computed when do_chksum=.true. and summary text is written to stdout each timestep.
ntokens:    499
id: 468826977552564970
name: Module: full_coupler_mod/Subroutines and functions/subroutine, public: coupler_summarize_timestep
sourcefile: full_coupler_mod.md
is_chunked: True
ichunk: 2
chunks: [1, 2, 3]
text: - arguments:  current_timestep, num_cpld_calls, coupler_chksum_obj, is_atmos_pe, omp_sec, imb_sec.current_timestep (inout) is the current coupled timestep index (nc) used for checksum labelling and progress reporting.  num_cpld_calls (inout) is the total number of coupled (outer-loop) timesteps in the run, used for progress reporting.  coupler_chksum_obj (inout) is the coupler checksum object used to compute and report end-of-timestep field checksums.  is_atmos_pe (inout) is Atmpe; true if this
ntokens:    329
id: 468826977552564971
name: Module: full_coupler_mod/Subroutines and functions/subroutine, public: coupler_summarize_timestep
sourcefile: full_coupler_mod.md
is_chunked: True
ichunk: 3
chunks: [1, 2, 3]
text: is_atmos_pe (inout) is Atmpe; true if this PE belongs to the atmosphere PE list, required for concurrent-radiation timing output.  omp_sec (inout) is the elapsed wall-clock seconds for each concurrent OpenMP section (atmosphere, radiation).  imb_sec (inout) is the OpenMP load-imbalance seconds for each concurrent OpenMP section
ntokens:    273
id: 468826977552564972
name: Module: full_coupler_mod/Interfaces/coupler_clock_type
sourcefile: full_coupler_mod.md
is_chunked: True
ichunk: 1
chunks: [1, 2, 3, 4, 5, 6, 7]
text: - name:  coupler_clock_type
- description:  coupler_clock_type is a derived type that holds all FMS performance-clock IDs used for profiling the coupled model time loop. Each integer member is an clock id returned by fms_mpp_clock_id that is used in fms_mpp_clock_begin/end
ntokens:    471
id: 468826977552564973
name: Module: full_coupler_mod/Interfaces/coupler_clock_type
sourcefile: full_coupler_mod.md
is_chunked: True
ichunk: 2
chunks: [1, 2, 3, 4, 5, 6, 7]
text: - members:  integer full_coupler_mod::coupler_clock_type::atm, integer full_coupler_mod::coupler_clock_type::atmos_loop, integer full_coupler_mod::coupler_clock_type::atmos_model_init, integer full_coupler_mod::coupler_clock_type::atmos_tracer_driver_gather_data, integer full_coupler_mod::coupler_clock_type::concurrent_atmos, integer full_coupler_mod::coupler_clock_type::final_flux_check_stocks, integer full_coupler_mod::coupler_clock_type::flux_check_stocks, integer
ntokens:    471
id: 468826977552564974
name: Module: full_coupler_mod/Interfaces/coupler_clock_type
sourcefile: full_coupler_mod.md
is_chunked: True
ichunk: 3
chunks: [1, 2, 3, 4, 5, 6, 7]
text: integer full_coupler_mod::coupler_clock_type::flux_down_from_atmos, integer full_coupler_mod::coupler_clock_type::flux_exchange_init, integer full_coupler_mod::coupler_clock_type::flux_ice_to_ocean, integer full_coupler_mod::coupler_clock_type::flux_ice_to_ocean_stocks, integer full_coupler_mod::coupler_clock_type::flux_land_to_ice, integer full_coupler_mod::coupler_clock_type::flux_ocean_to_ice, integer full_coupler_mod::coupler_clock_type::flux_up_to_atmos, integer
ntokens:    497
id: 468826977552564975
name: Module: full_coupler_mod/Interfaces/coupler_clock_type
sourcefile: full_coupler_mod.md
is_chunked: True
ichunk: 4
chunks: [1, 2, 3, 4, 5, 6, 7]
text: integer full_coupler_mod::coupler_clock_type::generate_sfc_xgrid, integer full_coupler_mod::coupler_clock_type::ice_model_init, integer full_coupler_mod::coupler_clock_type::initialization, integer full_coupler_mod::coupler_clock_type::intermediate_restart, integer full_coupler_mod::coupler_clock_type::land_model_init, integer full_coupler_mod::coupler_clock_type::main, integer full_coupler_mod::coupler_clock_type::ocean, integer full_coupler_mod::coupler_clock_type::ocean_model_init, integer
ntokens:    468
id: 468826977552564976
name: Module: full_coupler_mod/Interfaces/coupler_clock_type
sourcefile: full_coupler_mod.md
is_chunked: True
ichunk: 5
chunks: [1, 2, 3, 4, 5, 6, 7]
text: integer full_coupler_mod::coupler_clock_type::radiation, integer full_coupler_mod::coupler_clock_type::set_ice_surface_exchange, integer full_coupler_mod::coupler_clock_type::set_ice_surface_fast, integer full_coupler_mod::coupler_clock_type::set_ice_surface_slow, integer full_coupler_mod::coupler_clock_type::sfc_boundary_layer, integer full_coupler_mod::coupler_clock_type::termination, integer full_coupler_mod::coupler_clock_type::update_atmos_model_down, integer
ntokens:    444
id: 468826977552564977
name: Module: full_coupler_mod/Interfaces/coupler_clock_type
sourcefile: full_coupler_mod.md
is_chunked: True
ichunk: 6
chunks: [1, 2, 3, 4, 5, 6, 7]
text: integer full_coupler_mod::coupler_clock_type::update_atmos_model_dynamics, integer full_coupler_mod::coupler_clock_type::update_atmos_model_state, integer full_coupler_mod::coupler_clock_type::update_atmos_model_up, integer full_coupler_mod::coupler_clock_type::update_ice_model_fast, integer full_coupler_mod::coupler_clock_type::update_ice_model_slow_exchange, integer full_coupler_mod::coupler_clock_type::update_ice_model_slow_fast, integer
ntokens:    212
id: 468826977552564978
name: Module: full_coupler_mod/Interfaces/coupler_clock_type
sourcefile: full_coupler_mod.md
is_chunked: True
ichunk: 7
chunks: [1, 2, 3, 4, 5, 6, 7]
text: integer full_coupler_mod::coupler_clock_type::update_ice_model_slow_slow, integer full_coupler_mod::coupler_clock_type::update_land_model_fast, integer full_coupler_mod::coupler_clock_type::update_land_model_slow
ntokens:    346
id: 468826977552564979
name: Module: full_coupler_mod/Interfaces/coupler_components_type
sourcefile: full_coupler_mod.md
is_chunked: True
ichunk: 1
chunks: [1, 2, 3, 4]
text: - name:  coupler_components_type
- description:  coupler_components_type is a convenient object that holds pointers to all model component derived types and inter-component boundary derived types. Its primary purpose is to reduce the length of the argument list when calling checksum subroutines that only need read-only access to all components.
ntokens:    481
id: 468826977552564980
name: Module: full_coupler_mod/Interfaces/coupler_components_type
sourcefile: full_coupler_mod.md
is_chunked: True
ichunk: 2
chunks: [1, 2, 3, 4]
text: - members:  type(atmos_data_type), pointer full_coupler_mod::coupler_components_type::atm, type(land_data_type), pointer full_coupler_mod::coupler_components_type::land, type(ice_data_type), pointer full_coupler_mod::coupler_components_type::ice, type(ocean_public_type), pointer full_coupler_mod::coupler_components_type::ocean, type(land_ice_atmos_boundary_type), pointer full_coupler_mod::coupler_components_type::land_ice_atmos_boundary, type(atmos_land_boundary_type), pointer
ntokens:    446
id: 468826977552564981
name: Module: full_coupler_mod/Interfaces/coupler_components_type
sourcefile: full_coupler_mod.md
is_chunked: True
ichunk: 3
chunks: [1, 2, 3, 4]
text: type(atmos_land_boundary_type), pointer full_coupler_mod::coupler_components_type::atmos_land_boundary, type(atmos_ice_boundary_type), pointer full_coupler_mod::coupler_components_type::atmos_ice_boundary, type(land_ice_boundary_type), pointer full_coupler_mod::coupler_components_type::land_ice_boundary, type(ice_ocean_boundary_type), pointer full_coupler_mod::coupler_components_type::ice_ocean_boundary, type(ocean_ice_boundary_type), pointer
ntokens:    272
id: 468826977552564982
name: Module: full_coupler_mod/Interfaces/coupler_components_type
sourcefile: full_coupler_mod.md
is_chunked: True
ichunk: 4
chunks: [1, 2, 3, 4]
text: type(ocean_ice_boundary_type), pointer full_coupler_mod::coupler_components_type::ocean_ice_boundary, procedure, public full_coupler_mod::coupler_components_type::initialize_coupler_components_obj, procedure, public full_coupler_mod::coupler_components_type::get_component
ntokens:    336
id: 468826977552564983
name: Module: full_coupler_mod/Interfaces/coupler_chksum_type
sourcefile: full_coupler_mod.md
is_chunked: True
ichunk: 1
chunks: [1, 2, 3]
text: - name:  coupler_chksum_type
- description:  coupler_chksum_type contains all checksum-related operations for the coupler. It holds a pointer to a coupler_components_type object that can be retrieved during checksum computation. This object was created to avoid passing a long list of component derived types to the checksum subroutines
ntokens:    460
id: 468826977552564984
name: Module: full_coupler_mod/Interfaces/coupler_chksum_type
sourcefile: full_coupler_mod.md
is_chunked: True
ichunk: 2
chunks: [1, 2, 3]
text: - members:  type(coupler_components_type), pointer full_coupler_mod::coupler_chksum_type::components, procedure, public full_coupler_mod::coupler_chksum_type::initialize_coupler_chksum_obj, procedure, public full_coupler_mod::coupler_chksum_type::get_components_obj, procedure, public full_coupler_mod::coupler_chksum_type::get_atmos_ice_land_ocean_chksums, procedure, public full_coupler_mod::coupler_chksum_type::get_atmos_ice_land_chksums, procedure, public
ntokens:    231
id: 468826977552564985
name: Module: full_coupler_mod/Interfaces/coupler_chksum_type
sourcefile: full_coupler_mod.md
is_chunked: True
ichunk: 3
chunks: [1, 2, 3]
text: procedure, public full_coupler_mod::coupler_chksum_type::get_slow_ice_chksums, procedure, public full_coupler_mod::coupler_chksum_type::get_ocean_chksums, procedure, public full_coupler_mod::coupler_chksum_type::get_coupler_chksums
ntokens:    107
id: 468826977552564986
name: Module: ice_ocean_flux_exchange_mod
sourcefile: ice_ocean_flux_exchange_mod.md
is_chunked: False
ichunk: 1
chunks: [1]
text: Module ice_ocean_flux_exchange_mod handles data transfer between ice and ocean as well as stock computation
ntokens:    221
id: 468826977552564987
name: Module: ice_ocean_flux_exchange_mod/Module variables/redist
sourcefile: ice_ocean_flux_exchange_mod.md
is_chunked: False
ichunk: 1
chunks: [1]
text: - name:  redist
- type:  integer, parameter variable
- description:  is a flag used to indicate grids for ocean and ice are same but with different domain decomposition. Data will be transferred with fms_mpp_redistribute.
ntokens:    158
id: 468826977552564988
name: Module: ice_ocean_flux_exchange_mod/Module variables/direct
sourcefile: ice_ocean_flux_exchange_mod.md
is_chunked: False
ichunk: 1
chunks: [1]
text: - name:  direct
- type:  integer, parameter variable
- description:  is a flag used to indicate grids for ocean and ice are same. Data can be copied directly.
ntokens:    144
id: 468826977552564989
name: Module: ice_ocean_flux_exchange_mod/Module variables/debug_stocks
sourcefile: ice_ocean_flux_exchange_mod.md
is_chunked: False
ichunk: 1
chunks: [1]
text: - name:  debug_stocks
- type:  logical variable
- description:  is a flag where if .TRUE., call check_flux_conservation at module initialization
ntokens:    237
id: 468826977552564990
name: Module: ice_ocean_flux_exchange_mod/Module variables/do_area_weighted_flux
sourcefile: ice_ocean_flux_exchange_mod.md
is_chunked: False
ichunk: 1
chunks: [1]
text: - name:  do_area_weighted_flux
- type:  logical variable
- description:  is a flag where if .TRUE., scale fluxes by source cell area and divide by the destination cell area to preserve the global area-weighted integral if redistributing.
ntokens:    128
id: 468826977552564991
name: Module: ice_ocean_flux_exchange_mod/Module variables/cplocnclock
sourcefile: ice_ocean_flux_exchange_mod.md
is_chunked: False
ichunk: 1
chunks: [1]
text: - name:  cplocnclock
- type:  integer variable
- description:  is a FMS clock ID to time flux_ice_to_ocean and flux_ocean_to_ice
ntokens:    121
id: 468826977552564992
name: Module: ice_ocean_flux_exchange_mod/Module variables/fluxoceaniceclock
sourcefile: ice_ocean_flux_exchange_mod.md
is_chunked: False
ichunk: 1
chunks: [1]
text: - name:  fluxoceaniceclock
- type:  integer variable
- description:  is a FMS clock ID to time flux_ocean_to_ice transfer
ntokens:    121
id: 468826977552564993
name: Module: ice_ocean_flux_exchange_mod/Module variables/fluxiceoceanclock
sourcefile: ice_ocean_flux_exchange_mod.md
is_chunked: False
ichunk: 1
chunks: [1]
text: - name:  fluxiceoceanclock
- type:  integer variable
- description:  is a FMS clock ID to time flux_ice_to_ocean transfer
ntokens:    123
id: 468826977552564994
name: Module: ice_ocean_flux_exchange_mod/Module variables/dt_cpl
sourcefile: ice_ocean_flux_exchange_mod.md
is_chunked: False
ichunk: 1
chunks: [1]
text: - name:  dt_cpl
- type:  real variable
- description:  is the Coupled (slow) timestep in seconds; used in stock computation
ntokens:    183
id: 468826977552564995
name: Module: ice_ocean_flux_exchange_mod/Module variables/slow_ice_ocean_pelist
sourcefile: ice_ocean_flux_exchange_mod.md
is_chunked: False
ichunk: 1
chunks: [1]
text: - name:  slow_ice_ocean_pelist
- type:  integer, dimension(:), allocatable variable
- description:  is the Combined MPI pelist of the slow-ice and ocean pes; set during initialization
ntokens:    187
id: 468826977552564996
name: Module: ice_ocean_flux_exchange_mod/Subroutines and functions/subroutine, public: ice_ocean_flux_exchange_init
sourcefile: ice_ocean_flux_exchange_mod.md
is_chunked: True
ichunk: 1
chunks: [1, 2, 3, 4, 5, 6, 7, 8, 9]
text: - name:  ice_ocean_flux_exchange_init
- type:  subroutine, public  
- description:  Subroutine ice_ocean_flux_exchange_init initializes the module for flux exchange between ice and ocean.
ntokens:    492
id: 468826977552564997
name: Module: ice_ocean_flux_exchange_mod/Subroutines and functions/subroutine, public: ice_ocean_flux_exchange_init
sourcefile: ice_ocean_flux_exchange_mod.md
is_chunked: True
ichunk: 2
chunks: [1, 2, 3, 4, 5, 6, 7, 8, 9]
text: - arguments:  Time, Ice, Ocean, Ocean_state, ice_ocean_boundary, ocean_ice_boundary, Dt_cpl_in, debug_stocks_in, do_area_weighted_flux_in, ex_gas_fields_ice, ex_gas_fluxes, do_ocean, slow_ice_ocean_pelist_in.time (inout) is the model's current time.  ice (inout) is a derived data type holding ice boundary data.  ocean (inout) is a derived data type holding ocean boundary data.  ocean_state (inout) is a pointer pointing to the ocean model's internal state.  ice_ocean_boundary (inout) is a
ntokens:    492
id: 468826977552564998
name: Module: ice_ocean_flux_exchange_mod/Subroutines and functions/subroutine, public: ice_ocean_flux_exchange_init
sourcefile: ice_ocean_flux_exchange_mod.md
is_chunked: True
ichunk: 3
chunks: [1, 2, 3, 4, 5, 6, 7, 8, 9]
text: internal state.  ice_ocean_boundary (inout) is a derived data type holding properties and fluxes passed from ice to ocean.  ocean_ice_boundary (inout) is a derived data type holding properties and fluxes passed from ocean to ice.  dt_cpl_in (inout) is the coupled (slow) timestep in seconds to set module level Dt_cpl that's used in stock computation..  debug_stocks_in (inout) is used to set module level variable debug_stocks. If TRUE, stocks will be computed for flux exchange consistency.
ntokens:    489
id: 468826977552564999
name: Module: ice_ocean_flux_exchange_mod/Subroutines and functions/subroutine, public: ice_ocean_flux_exchange_init
sourcefile: ice_ocean_flux_exchange_mod.md
is_chunked: True
ichunk: 4
chunks: [1, 2, 3, 4, 5, 6, 7, 8, 9]
text: will be computed for flux exchange consistency.  do_area_weighted_flux_in (inout) is used to set module level do_area_weighted_flux. If TRUE, flux between ice and ocean will be area-weighted.  ex_gas_fluxes (inout) is used to spawn matching arrays in ice_ocean_boundary and Iceocean_fluxes..  do_ocean (inout) is a flag where if .TRUE., ocean_ice_boundarystagger = oceanstagger, else defaults to AGRID.  slow_ice_ocean_pelist_in (inout) is the combined MPI pelist of the slow-ice and ocean
ntokens:    114
id: 468826977552565000
name: Module: ice_ocean_flux_exchange_mod/Subroutines and functions/subroutine, public: ice_ocean_flux_exchange_init
sourcefile: ice_ocean_flux_exchange_mod.md
is_chunked: True
ichunk: 5
chunks: [1, 2, 3, 4, 5, 6, 7, 8, 9]
text: the combined MPI pelist of the slow-ice and ocean processing element used to set module level slow_ice_ocean_pelis
ntokens:    499
id: 468826977552565001
name: Module: ice_ocean_flux_exchange_mod/Subroutines and functions/subroutine, public: ice_ocean_flux_exchange_init
sourcefile: ice_ocean_flux_exchange_mod.md
is_chunked: True
ichunk: 6
chunks: [1, 2, 3, 4, 5, 6, 7, 8, 9]
text: - additional description:INITIALIZE OCEAN_ICE_BOUNDARY FIELDS TO ZERO. INITIALIZE T TO 273.0 [K]..INITIALIZE OCEAN_ICE_BOUNDARY FIELDS TO ZERO. INITIALIZE T TO 273.0 [K]..SPAWN GAS FIELDS TO OCEAN_ICE_BOUNDARYFIELDS..SPAWN GAS FIELDS TO OCEAN_ICE_BOUNDARYFIELDS..SPAWN GAS FLUXES TO ICEOCEAN_FLUXES..SPAWN GAS FLUXES TO ICEOCEAN_FLUXES..ALLOCATE ICE_OCEAN_BOUNDARY FIELDS AND INITIALIZE TO ZERO. IF ICEBERG FIELDS ARE ASSOCIATED IN ICE, ALLOCATE ICE_BERGS FIELDS IN ICE_OCEAN_BOUNDARY AND INITIALIZE
ntokens:    498
id: 468826977552565002
name: Module: ice_ocean_flux_exchange_mod/Subroutines and functions/subroutine, public: ice_ocean_flux_exchange_init
sourcefile: ice_ocean_flux_exchange_mod.md
is_chunked: True
ichunk: 7
chunks: [1, 2, 3, 4, 5, 6, 7, 8, 9]
text: FIELDS IN ICE_OCEAN_BOUNDARY AND INITIALIZE TO ZERO..ALLOCATE ICE_OCEAN_BOUNDARY FIELDS AND INITIALIZE TO ZERO. IF ICEBERG FIELDS ARE ASSOCIATED IN ICE, ALLOCATE ICE_BERGS FIELDS IN ICE_OCEAN_BOUNDARY AND INITIALIZE TO ZERO..SPAWN GAS FIELDS AND FLUXES TO ICE_OCEAN_BOUNDARYFLUXES..SPAWN GAS FIELDS AND FLUXES TO ICE_OCEAN_BOUNDARYFLUXES..SPAWN GAS FIELDS TO OCEANFIELDS..SPAWN GAS FIELDS TO OCEANFIELDS..INITIALIZE BOUNDARY VALUES OCEAN_ICE_BOUNDARYXTYPE TO DIRECT IF THE ICE AND OCEAN DOMAINS ARE
ntokens:    495
id: 468826977552565003
name: Module: ice_ocean_flux_exchange_mod/Subroutines and functions/subroutine, public: ice_ocean_flux_exchange_init
sourcefile: ice_ocean_flux_exchange_mod.md
is_chunked: True
ichunk: 8
chunks: [1, 2, 3, 4, 5, 6, 7, 8, 9]
text: TO DIRECT IF THE ICE AND OCEAN DOMAINS ARE THE SAME, OTHERWISE REDIST. (USED IN DATA_OVERRIDE).INITIALIZE BOUNDARY VALUES OCEAN_ICE_BOUNDARYXTYPE TO DIRECT IF THE ICE AND OCEAN DOMAINS ARE THE SAME, OTHERWISE REDIST. (USED IN DATA_OVERRIDE).CALL OCEAN_MODEL_INIT_SFC TO COMPLETE OCEAN SURFACE FIELD INITIALIZATION..CALL OCEAN_MODEL_INIT_SFC TO COMPLETE OCEAN SURFACE FIELD INITIALIZATION..CHECK FLUX CONSERVATION IF DEBUG_STOCKS IS TRUE..CHECK FLUX CONSERVATION IF DEBUG_STOCKS IS TRUE..ALLOCATE
ntokens:    186
id: 468826977552565004
name: Module: ice_ocean_flux_exchange_mod/Subroutines and functions/subroutine, public: ice_ocean_flux_exchange_init
sourcefile: ice_ocean_flux_exchange_mod.md
is_chunked: True
ichunk: 9
chunks: [1, 2, 3, 4, 5, 6, 7, 8, 9]
text: CONSERVATION IF DEBUG_STOCKS IS TRUE..ALLOCATE SLOW_ICE_OCEAN_PELIST. INITIALIZE CLOCKS TO MEASURE PERFORMANCE..ALLOCATE SLOW_ICE_OCEAN_PELIST. INITIALIZE CLOCKS TO MEASURE PERFORMANCE..
ntokens:    54
id: 468826977552565005
name: Module: ice_ocean_flux_exchange_mod/Subroutines and functions/subroutine, public: flux_ice_to_ocean
sourcefile: ice_ocean_flux_exchange_mod.md
is_chunked: True
ichunk: 1
chunks: [1, 2, 3, 4]
text: - name:  flux_ice_to_ocean
- type:  subroutine, public
ntokens:    496
id: 468826977552565006
name: Module: ice_ocean_flux_exchange_mod/Subroutines and functions/subroutine, public: flux_ice_to_ocean
sourcefile: ice_ocean_flux_exchange_mod.md
is_chunked: True
ichunk: 2
chunks: [1, 2, 3, 4]
text: - description:  Subroutine flux_ice_to_ocean interpolates data from Ice to Ice_Ocean_Boundary in order to exchange fluxes at the bottom of ice to the ocean model. The following quantities are transferred from the Ice to Ice_Ocean_Boundary: flux_u = zonal wind stress [Pa] flux_v = meridional wind stress [Pa] flux_t = sensible heat flux [W/m2] flux_q = specific humidity flux [Kg/m2/s] flux_salt = salt flux [Kg/m2/s] flux_sw = net (down-up) shortwave flux [W/m2] flux_lw = net (down-up) longwave
ntokens:    327
id: 468826977552565007
name: Module: ice_ocean_flux_exchange_mod/Subroutines and functions/subroutine, public: flux_ice_to_ocean
sourcefile: ice_ocean_flux_exchange_mod.md
is_chunked: True
ichunk: 3
chunks: [1, 2, 3, 4]
text: flux [W/m2] flux_lw = net (down-up) longwave flux [W/m2] lprec = mass of liquid precipitation since last time step [Kg/m2] fprec = mass of frozen precipitation since last time step [Kg/m2] runoff = mass of runoff since last time step [Kg/m2] calving = mass of calving since last time step [Kg/m2] p_surf = surface pressure [Pa]
ntokens:    289
id: 468826977552565008
name: Module: ice_ocean_flux_exchange_mod/Subroutines and functions/subroutine, public: flux_ice_to_ocean
sourcefile: ice_ocean_flux_exchange_mod.md
is_chunked: True
ichunk: 4
chunks: [1, 2, 3, 4]
text: - arguments:  Ice, Ocean, Ice_Ocean_Boundary.ice (inout) is a derived data type containg ice boundary data.  ocean (inout) is a derived data type to containing ocean boundary data.  ice_ocean_boundary (inout) is a derived data type to specify properties and fluxes passed from ice to ocean
ntokens:    370
id: 468826977552565009
name: Module: ice_ocean_flux_exchange_mod/Subroutines and functions/subroutine, public: flux_ice_to_ocean_finish
sourcefile: ice_ocean_flux_exchange_mod.md
is_chunked: True
ichunk: 1
chunks: [1, 2]
text: - name:  flux_ice_to_ocean_finish
- type:  subroutine, public  
- description:  Subroutine flux_ice_to_ocean_finish mainly calls fms_data_override to override fluxes in Ice_Ocean_Boundary before transferring flux from Ice to Ocean. NOTE, fms_data_override will only override data if field entry is found in the data_table. This subroutine is only called by the ocean pe.
ntokens:    181
id: 468826977552565010
name: Module: ice_ocean_flux_exchange_mod/Subroutines and functions/subroutine, public: flux_ice_to_ocean_finish
sourcefile: ice_ocean_flux_exchange_mod.md
is_chunked: True
ichunk: 2
chunks: [1, 2]
text: - arguments:  Time, Ice_Ocean_Boundary.time (inout) is the current time.  ice_ocean_boundary (inout) is a derived data type containing fluxes and properties passed from ice to ocean
ntokens:    54
id: 468826977552565011
name: Module: ice_ocean_flux_exchange_mod/Subroutines and functions/subroutine, public: flux_ocean_to_ice
sourcefile: ice_ocean_flux_exchange_mod.md
is_chunked: True
ichunk: 1
chunks: [1, 2, 3]
text: - name:  flux_ocean_to_ice
- type:  subroutine, public
ntokens:    477
id: 468826977552565012
name: Module: ice_ocean_flux_exchange_mod/Subroutines and functions/subroutine, public: flux_ocean_to_ice
sourcefile: ice_ocean_flux_exchange_mod.md
is_chunked: True
ichunk: 2
chunks: [1, 2, 3]
text: - description:  Subroutine flux_ocean_to_ice interpolates data from Ocean to Ocean_Ice_Boundary in order to exchange fluxes from ocean to bottom of ice. The following quantities are remapped from the Ocean to Ocean_Ice_Boundary: t_surf = surface temperature [deg K] frazil = frazil fluxes since the last coupling step [J/m2] u_surf = zonal ocean current/ice motion [m/s] v_surf = meridional ocean current/ice motion [m/s] sea_lev = sea level used to drive ice accelerations [m]
ntokens:    279
id: 468826977552565013
name: Module: ice_ocean_flux_exchange_mod/Subroutines and functions/subroutine, public: flux_ocean_to_ice
sourcefile: ice_ocean_flux_exchange_mod.md
is_chunked: True
ichunk: 3
chunks: [1, 2, 3]
text: - arguments:  Ocean, Ice, Ocean_Ice_Boundary.ocean (inout) is a derived data type holding ocean boundary data.  ice (inout) is a derived data type holding ice boundary data.  ocean_ice_boundary (inout) is a derived data type holding properties and fluxes passed from ocean to ice
ntokens:    495
id: 468826977552565014
name: Module: ice_ocean_flux_exchange_mod/Subroutines and functions/subroutine, public: flux_ocean_to_ice_finish
sourcefile: ice_ocean_flux_exchange_mod.md
is_chunked: False
ichunk: 1
chunks: [1]
text: - name:  flux_ocean_to_ice_finish
- type:  subroutine, public  
- description:  Subroutine flux_ocean_to_ice_finish carrries out a final set of tasks that should only occur on the slow-ice processors, including data override and perhaps saving diagnostics.  
- arguments:  Time, Ice, Ocean_Ice_Boundary.time (inout) is the current time.  ice (inout) is a derived type holding ice boundary data.  ocean_ice_boundary (inout) is a derived type holding properties and fluxes passed from ocean to ice
ntokens:    374
id: 468826977552565015
name: Module: ice_ocean_flux_exchange_mod/Subroutines and functions/subroutine, public: flux_ice_to_ocean_stocks
sourcefile: ice_ocean_flux_exchange_mod.md
is_chunked: True
ichunk: 1
chunks: [1, 2, 3, 4]
text: - name:  flux_ice_to_ocean_stocks
- type:  subroutine, public  
- description:  Subroutine flux_ice_to_ocean_stocks integrates the fluxes from ice to ocean over the surface and in time. Ice stocks are decremented at the base of the ice and incremented to the ocean stocks at the ocean surface.  
- arguments:  Ice.ice (inout) A derived data type to specify ice boundary data
ntokens:    496
id: 468826977552565016
name: Module: ice_ocean_flux_exchange_mod/Subroutines and functions/subroutine, public: flux_ice_to_ocean_stocks
sourcefile: ice_ocean_flux_exchange_mod.md
is_chunked: True
ichunk: 2
chunks: [1, 2, 3, 4]
text: - additional description:COMPUTE STOCKS CHANGE FOR QUANTITY (PRECIP - EVAP)..COMPUTE STOCKS CHANGE FOR QUANTITY (PRECIP - EVAP)..COMPUTE STOCKS FOR RIVER..COMPUTE STOCKS FOR RIVER..COMPUTE STOCKS FOR HEAT (SENSIBLE + SHORTWAVE + LONGWAVE + LATENT)..COMPUTE STOCKS FOR HEAT (SENSIBLE + SHORTWAVE + LONGWAVE + LATENT)..COMPUTE STOCKS FOR HEAT FROM RADIATIVE AND TURBLENT FLUXES AND HEAT CARRIED BY RIVER AND PME (assuming reference temperature of 0 degC and river/pme temp = surface temp). Note: it
ntokens:    483
id: 468826977552565017
name: Module: ice_ocean_flux_exchange_mod/Subroutines and functions/subroutine, public: flux_ice_to_ocean_stocks
sourcefile: ice_ocean_flux_exchange_mod.md
is_chunked: True
ichunk: 3
chunks: [1, 2, 3, 4]
text: degC and river/pme temp = surface temp). Note: it does not matter what the ref temperature is but it must be consistent with that in OCN and ICE. PME = preciptation minus evaporation.COMPUTE STOCKS FOR HEAT FROM RADIATIVE AND TURBLENT FLUXES AND HEAT CARRIED BY RIVER AND PME (assuming reference temperature of 0 degC and river/pme temp = surface temp). Note: it does not matter what the ref temperature is but it must be consistent with that in OCN and ICE. PME = preciptation minus
ntokens:    118
id: 468826977552565018
name: Module: ice_ocean_flux_exchange_mod/Subroutines and functions/subroutine, public: flux_ice_to_ocean_stocks
sourcefile: ice_ocean_flux_exchange_mod.md
is_chunked: True
ichunk: 4
chunks: [1, 2, 3, 4]
text: that in OCN and ICE. PME = preciptation minus evaporation.COMPUTE STOCKS FOR FLUX_SALT..COMPUTE STOCKS FOR FLUX_SALT..
ntokens:    63
id: 468826977552565019
name: Module: ice_ocean_flux_exchange_mod/Subroutines and functions/subroutine, public: flux_ocean_from_ice_stocks
sourcefile: ice_ocean_flux_exchange_mod.md
is_chunked: True
ichunk: 1
chunks: [1, 2, 3, 4, 5, 6, 7]
text: - name:  flux_ocean_from_ice_stocks
- type:  subroutine, public
ntokens:    498
id: 468826977552565020
name: Module: ice_ocean_flux_exchange_mod/Subroutines and functions/subroutine, public: flux_ocean_from_ice_stocks
sourcefile: ice_ocean_flux_exchange_mod.md
is_chunked: True
ichunk: 2
chunks: [1, 2, 3, 4, 5, 6, 7]
text: - description:  Subroutine flux_ocean_from_ice_stocks updates stocks in Ocean after flux transfer from Ice. Unlike subroutine flux_ice_to_ocean_stocks() that uses Icefluxes to update the stocks, this subroutine uses Ice_Ocean_boundaryfluxes to calculate the amount of input to Ocean. These fluxes are the ones that Ocean model uses internally to calculate its budgets. Hence there should be no difference between this input and what Ocean model internal diagnostics uses. This bypasses the possible
ntokens:    390
id: 468826977552565021
name: Module: ice_ocean_flux_exchange_mod/Subroutines and functions/subroutine, public: flux_ocean_from_ice_stocks
sourcefile: ice_ocean_flux_exchange_mod.md
is_chunked: True
ichunk: 3
chunks: [1, 2, 3, 4, 5, 6, 7]
text: diagnostics uses. This bypasses the possible mismatch in cell areas between Ice and Ocean in diagnosing the stocks of Ocean and should report a conserving Ocean component regardless of the glitches in fluxes. The use of this subroutine in conjunction with subroutine flux_ice_to_ocean_stocks() will also allow to directly diagnose the amount "stocks lost in exchange" between Ice and Ocean.
ntokens:    440
id: 468826977552565022
name: Module: ice_ocean_flux_exchange_mod/Subroutines and functions/subroutine, public: flux_ocean_from_ice_stocks
sourcefile: ice_ocean_flux_exchange_mod.md
is_chunked: True
ichunk: 4
chunks: [1, 2, 3, 4, 5, 6, 7]
text: - arguments:  ocean_state, Ocean, Ice_Ocean_boundary.ocean_state (inout) is a pointer to the ocean model's internal state; used to retrieve ocean-side grid and flux data via ocean_model_data_get..  ocean (inout) is a derived type containing the Ocean public boundary data type; provides the MPI domain and ocean pe information to get compute domain..  ice_ocean_boundary (inout) is a derived type containing fluxes passed from ice to ocean.
ntokens:    497
id: 468826977552565023
name: Module: ice_ocean_flux_exchange_mod/Subroutines and functions/subroutine, public: flux_ocean_from_ice_stocks
sourcefile: ice_ocean_flux_exchange_mod.md
is_chunked: True
ichunk: 5
chunks: [1, 2, 3, 4, 5, 6, 7]
text: - additional description:USE THE RETRIEVER FROM OCEAN_MODEL_MOD TO GET AREA, MASK, SURFACE TEMPERATURE, PME TEMPERATURE, CALVING TEMPERATURE, RUNOFF TEMPERATURE, BOTTOM HEAT FLUX, AND SPECIFIC HEAT CAPACITY FIELDS FROM THE OCEAN MODEL..USE THE RETRIEVER FROM OCEAN_MODEL_MOD TO GET AREA, MASK, SURFACE TEMPERATURE, PME TEMPERATURE, CALVING TEMPERATURE, RUNOFF TEMPERATURE, BOTTOM HEAT FLUX, AND SPECIFIC HEAT CAPACITY FIELDS FROM THE OCEAN MODEL..COMPUTE STOCK TRANSFER OF (PRECIP - EVAP) TO OCEAN
ntokens:    493
id: 468826977552565024
name: Module: ice_ocean_flux_exchange_mod/Subroutines and functions/subroutine, public: flux_ocean_from_ice_stocks
sourcefile: ice_ocean_flux_exchange_mod.md
is_chunked: True
ichunk: 6
chunks: [1, 2, 3, 4, 5, 6, 7]
text: STOCK TRANSFER OF (PRECIP - EVAP) TO OCEAN SURFACE AND FROM LATERALLY..COMPUTE STOCK TRANSFER OF (PRECIP - EVAP) TO OCEAN SURFACE AND FROM LATERALLY..COMPUTE STOCK TRANSFER OF (SENSIBLE HEAT + SHORTWAVE + LONGWAVE + LATENT HEAT) TO OCEAN LATERALLY..COMPUTE STOCK TRANSFER OF (SENSIBLE HEAT + SHORTWAVE + LONGWAVE + LATENT HEAT) TO OCEAN LATERALLY..COMPUTE STOCK TRANSFER OF HEAT CARRIED BY RIVER + PME (ASSUMING REFERENCE TEMPERATURE OF 0 DEGC AND RIVER/PME TEMP = SURFACE TEMP)..COMPUTE STOCK
ntokens:    408
id: 468826977552565025
name: Module: ice_ocean_flux_exchange_mod/Subroutines and functions/subroutine, public: flux_ocean_from_ice_stocks
sourcefile: ice_ocean_flux_exchange_mod.md
is_chunked: True
ichunk: 7
chunks: [1, 2, 3, 4, 5, 6, 7]
text: AND RIVER/PME TEMP = SURFACE TEMP)..COMPUTE STOCK TRANSFER OF HEAT CARRIED BY RIVER + PME (ASSUMING REFERENCE TEMPERATURE OF 0 DEGC AND RIVER/PME TEMP = SURFACE TEMP)..COMPUTE STOCK TRANSFER OF BOTTOM HEAT FLUX..COMPUTE STOCK TRANSFER OF BOTTOM HEAT FLUX..COMPUTE STOCK TRANSFER OF FRAZIL HEAT..COMPUTE STOCK TRANSFER OF FRAZIL HEAT..COMPUTE STOCK TRANSFER OF SALT FLUX..COMPUTE STOCK TRANSFER OF SALT FLUX..
ntokens:    450
id: 468826977552565026
name: Module: ice_ocean_flux_exchange_mod/Subroutines and functions/subroutine: flux_ice_to_ocean_redistribute
sourcefile: ice_ocean_flux_exchange_mod.md
is_chunked: True
ichunk: 1
chunks: [1, 2, 3]
text: - name:  flux_ice_to_ocean_redistribute
- type:  subroutine  
- description:  Subroutine flux_ice_to_ocean_redistribute performs a globally conservative flux redistribution across ICE/OCN. If domain decomposition is identical for ocean and ice, data is copied from Ice to ICE_OCEAN_BOUNDARY If domain decomposition differs, data is copied from Ice to ICE_OCEAN_BOUNDARY with fms_mpp_domains_redistribute. (Assumes Ice and Ocean are on the same grid.)
ntokens:    496
id: 468826977552565027
name: Module: ice_ocean_flux_exchange_mod/Subroutines and functions/subroutine: flux_ice_to_ocean_redistribute
sourcefile: ice_ocean_flux_exchange_mod.md
is_chunked: True
ichunk: 2
chunks: [1, 2, 3]
text: - arguments:  Ice, Ocean, ice_data, ocn_bnd_data, type, do_area_weighted.ice (inout) is the ice boundary data type; provides the slow-ice MPI domain (slow_Domain_NH) and cell areas (Icearea) used in redistribution..  ocean (inout) is the ocean public boundary data type; provides the ocean MPI domain (OceanDomain) and cell areas (Oceanarea) used in redistribution..  ice_data (inout) is the flux field on the ice domain to be transferred to the ocean boundary..  ocn_bnd_data (inout) is the flux
ntokens:    499
id: 468826977552565028
name: Module: ice_ocean_flux_exchange_mod/Subroutines and functions/subroutine: flux_ice_to_ocean_redistribute
sourcefile: ice_ocean_flux_exchange_mod.md
is_chunked: True
ichunk: 3
chunks: [1, 2, 3]
text: boundary..  ocn_bnd_data (inout) is the flux field on the ocean domain; filled with the redistributed (and optionally area-weighted) values from ice_data..  type (inout) is the transfer type: DIRECT (same MPI decomposition, copy directly) or REDIST (same grid, different MPI decomposition, use mpp_redistribute)..  do_area_weighted (inout) is a flag where if .TRUE., scale flux by ice cell area before redistribution and divide by ocean cell area after, preserving the global area-weighted integral.
ntokens:    487
id: 468826977552565029
name: Module: ice_ocean_flux_exchange_mod/Subroutines and functions/subroutine: divide_by_area
sourcefile: ice_ocean_flux_exchange_mod.md
is_chunked: False
ichunk: 1
chunks: [1]
text: - name:  divide_by_area
- type:  subroutine  
- description:  Subroutine divide_by_area divides data by area for area > 0.  
- arguments:  data, area.data (inout) is the data to divide by area; modified in-place.  area (inout) is the area field to divide by  
- additional description:IF DATA AND AREA DIFFER IN SIZE, RETURN WITHOUT MODIFYING DATA.IF DATA AND AREA DIFFER IN SIZE, RETURN WITHOUT MODIFYING DATA.WHERE(AREA /= 0.0) DATA = DATA / AREA.WHERE(AREA /= 0.0) DATA = DATA / AREA.
ntokens:    172
id: 468826977552565030
name: Module: ice_ocean_flux_exchange_mod/Subroutines and functions/subroutine: check_flux_conservation
sourcefile: ice_ocean_flux_exchange_mod.md
is_chunked: True
ichunk: 1
chunks: [1, 2, 3, 4, 5]
text: - name:  check_flux_conservation
- type:  subroutine  
- description:  Subroutine check_flux_conservation checks for flux conservation after flux_ice_to_ocean_redistribute.
ntokens:    493
id: 468826977552565031
name: Module: ice_ocean_flux_exchange_mod/Subroutines and functions/subroutine: check_flux_conservation
sourcefile: ice_ocean_flux_exchange_mod.md
is_chunked: True
ichunk: 2
chunks: [1, 2, 3, 4, 5]
text: - arguments:  Ice, Ocean, Ice_Ocean_Boundary.ice (inout) is the Ice boundary data type; provides the ice MPI domain, cell areas (Icearea), and flux array sizes used to allocate test data..  ocean (inout) is the Ocean public boundary data type; provides the ocean MPI domain and cell areas (Oceanarea) used to compute redistributed sums..  ice_ocean_boundary (inout) is the Ice-to-ocean boundary type; provides xtype (DIRECT or REDIST) and q_flux array size used to allocate the ocean-side test
ntokens:    55
id: 468826977552565032
name: Module: ice_ocean_flux_exchange_mod/Subroutines and functions/subroutine: check_flux_conservation
sourcefile: ice_ocean_flux_exchange_mod.md
is_chunked: True
ichunk: 3
chunks: [1, 2, 3, 4, 5]
text: array size used to allocate the ocean-side test buffer.
ntokens:    495
id: 468826977552565033
name: Module: ice_ocean_flux_exchange_mod/Subroutines and functions/subroutine: check_flux_conservation
sourcefile: ice_ocean_flux_exchange_mod.md
is_chunked: True
ichunk: 4
chunks: [1, 2, 3, 4, 5]
text: - additional description:SET OUTUNIT TO STDOUT..SET OUTUNIT TO STDOUT..ALLOCATE ICE_DATA AND OCN_DATA FOR TESTING..ALLOCATE ICE_DATA AND OCN_DATA FOR TESTING..INITIALIZE ICE_DATA WITH RANDOM NUMBERS..INITIALIZE ICE_DATA WITH RANDOM NUMBERS..CALL FLUX_ICE_TO_OCEAN_DISTRIBUTE WITH AREA_WEIGHTED_SUM = .FALSE. AND GET GLOBAL SUM..CALL FLUX_ICE_TO_OCEAN_DISTRIBUTE WITH AREA_WEIGHTED_SUM = .FALSE. AND GET GLOBAL SUM..CALL FLUX_ICE_TO_OCEAN_DISTRIBUTE WITH AREA_WEIGHTED_SUM = .TRUE. AND GET GLOBAL
ntokens:    188
id: 468826977552565034
name: Module: ice_ocean_flux_exchange_mod/Subroutines and functions/subroutine: check_flux_conservation
sourcefile: ice_ocean_flux_exchange_mod.md
is_chunked: True
ichunk: 5
chunks: [1, 2, 3, 4, 5]
text: WITH AREA_WEIGHTED_SUM = .TRUE. AND GET GLOBAL SUM..CALL FLUX_ICE_TO_OCEAN_DISTRIBUTE WITH AREA_WEIGHTED_SUM = .TRUE. AND GET GLOBAL SUM..WRITE REPORT TO OUTUNIT..WRITE REPORT TO OUTUNIT..
ntokens:    163
id: 468826977552565035
name: Module: land_ice_flux_exchange_mod
sourcefile: land_ice_flux_exchange_mod.md
is_chunked: False
ichunk: 1
chunks: [1]
text: Module land_ice_flux_exchange_mod handles freshwater discharge (runoff and calving) and associated heat exchanges via the exchange grid between land and ice grids.
ntokens:    118
id: 468826977552565036
name: Module: land_ice_flux_exchange_mod/Module variables/n_xgrid_runoff
sourcefile: land_ice_flux_exchange_mod.md
is_chunked: False
ichunk: 1
chunks: [1]
text: - name:  n_xgrid_runoff
- type:  integer variable
- description:  is the number of exchange grid cells in xmap_runoff.
ntokens:    174
id: 468826977552565037
name: Module: land_ice_flux_exchange_mod/Module variables/x2_grid_lnd
sourcefile: land_ice_flux_exchange_mod.md
is_chunked: False
ichunk: 1
chunks: [1]
text: - name:  x2_grid_lnd
- type:  integer variable
- description:  is the land index for xmap_runoff; used to identify the source side when calling fms_xgrid_stock_move. set to 1
ntokens:    184
id: 468826977552565038
name: Module: land_ice_flux_exchange_mod/Module variables/x2_grid_ice
sourcefile: land_ice_flux_exchange_mod.md
is_chunked: False
ichunk: 1
chunks: [1]
text: - name:  x2_grid_ice
- type:  integer variable
- description:  is the ice/ocean index for xmap_runoff; used to identify the destination side when calling fms_xgrid_stock_move. set to 2
ntokens:    110
id: 468826977552565039
name: Module: land_ice_flux_exchange_mod/Module variables/cplclock
sourcefile: land_ice_flux_exchange_mod.md
is_chunked: False
ichunk: 1
chunks: [1]
text: - name:  cplclock
- type:  integer variable
- description:  is the clock ID for timing flux_land_to_ice calls.
ntokens:    124
id: 468826977552565040
name: Module: land_ice_flux_exchange_mod/Module variables/fluxlandiceclock
sourcefile: land_ice_flux_exchange_mod.md
is_chunked: False
ichunk: 1
chunks: [1]
text: - name:  fluxlandiceclock
- type:  integer variable
- description:  is the clock ID for timing the flux_land_to_ice transfer
ntokens:    175
id: 468826977552565041
name: Module: land_ice_flux_exchange_mod/Module variables/do_runoff
sourcefile: land_ice_flux_exchange_mod.md
is_chunked: False
ichunk: 1
chunks: [1]
text: - name:  do_runoff
- type:  logical variable
- description:  is a flag where if .TRUE., land discharge is transferred to ice. If .FALSE., all runoff/calving fields are zeroed.
ntokens:    124
id: 468826977552565042
name: Module: land_ice_flux_exchange_mod/Module variables/dt_cpl
sourcefile: land_ice_flux_exchange_mod.md
is_chunked: False
ichunk: 1
chunks: [1]
text: - name:  dt_cpl
- type:  real variable
- description:  is the coupled (slow) timestep in seconds; used in stock computation.
ntokens:    206
id: 468826977552565043
name: Module: land_ice_flux_exchange_mod/Subroutines and functions/subroutine, public: land_ice_flux_exchange_init
sourcefile: land_ice_flux_exchange_mod.md
is_chunked: True
ichunk: 1
chunks: [1, 2, 3, 4]
text: - name:  land_ice_flux_exchange_init
- type:  subroutine, public  
- description:  Subrutine land_ice_flux_exchange_init initializes the land-ice flux exchange module for flux exchange between land and ice.
ntokens:    499
id: 468826977552565044
name: Module: land_ice_flux_exchange_mod/Subroutines and functions/subroutine, public: land_ice_flux_exchange_init
sourcefile: land_ice_flux_exchange_mod.md
is_chunked: True
ichunk: 2
chunks: [1, 2, 3, 4]
text: - arguments:  Land, Ice, land_ice_boundary, Dt_cpl_in, do_runoff_in, cplClock_in.land (inout) is a derived type holding land boundary data.  ice (inout) is a derived type holding ice boundary data.  land_ice_boundary (inout) is a derived type holding properties and fluxes passed from land to ice.  dt_cpl_in (inout) is the coupled (slow) timestep in seconds to set module level dt_cpl.  do_runoff_in (inout) is a flag to set module level do_runoff..  cplclock_in (inout) is the FMS MPP clock id for
ntokens:    152
id: 468826977552565045
name: Module: land_ice_flux_exchange_mod/Subroutines and functions/subroutine, public: land_ice_flux_exchange_init
sourcefile: land_ice_flux_exchange_mod.md
is_chunked: True
ichunk: 3
chunks: [1, 2, 3, 4]
text: cplclock_in (inout) is the FMS MPP clock id for the top-level coupler profiling clock; stored module-wide so that flux_land_to_ice can bracket its work.
ntokens:    341
id: 468826977552565046
name: Module: land_ice_flux_exchange_mod/Subroutines and functions/subroutine, public: land_ice_flux_exchange_init
sourcefile: land_ice_flux_exchange_mod.md
is_chunked: True
ichunk: 4
chunks: [1, 2, 3, 4]
text: - additional description:SET DO_RUNOFF, CPLCLOCK, DT_CPL, AND FLUXLANDICECLOCK..SET DO_RUNOFF, CPLCLOCK, DT_CPL, AND FLUXLANDICECLOCK..ALLOCATE LAND_ICE_BOUNDARYRUNOFF, CALVING, RUNOFF_HFLX, AND CALVING_HFLX, AND INITIALIZE THEM TO ZERO..ALLOCATE LAND_ICE_BOUNDARYRUNOFF, CALVING, RUNOFF_HFLX, AND CALVING_HFLX, AND INITIALIZE THEM TO ZERO..
ntokens:    328
id: 468826977552565047
name: Module: land_ice_flux_exchange_mod/Subroutines and functions/subroutine, public: flux_land_to_ice
sourcefile: land_ice_flux_exchange_mod.md
is_chunked: True
ichunk: 1
chunks: [1, 2, 3, 4]
text: - name:  flux_land_to_ice
- type:  subroutine, public  
- description:  Subroutine flux_land_to_ice handles conservative transfer of water and snow discharge from land to sea ice/ocean. The following elements are transferred from the Land to the Land_ice_boundary: discharge to runoff (kg/m2). discharge_snow to calving (kg/m2).
ntokens:    299
id: 468826977552565048
name: Module: land_ice_flux_exchange_mod/Subroutines and functions/subroutine, public: flux_land_to_ice
sourcefile: land_ice_flux_exchange_mod.md
is_chunked: True
ichunk: 2
chunks: [1, 2, 3, 4]
text: - arguments:  Time, Land, Ice, Land_Ice_Boundary.time (inout) is the current time.  land (inout) is a derived type holding land boundary data.  ice (inout) is a derived type holding ice boundary data.  land_ice_boundary (inout) is a derived type holding properties and fluxes passed from land to ice
ntokens:    486
id: 468826977552565049
name: Module: land_ice_flux_exchange_mod/Subroutines and functions/subroutine, public: flux_land_to_ice
sourcefile: land_ice_flux_exchange_mod.md
is_chunked: True
ichunk: 3
chunks: [1, 2, 3, 4]
text: - additional description:INITIALIZE CLOCK..INITIALIZE CLOCK..IF DO_RUNOFF, TRANSFER DATA, ELSE SET LAND_ICE_BOUNDARYRUNOFF, CALVING RUNOFF_HFLX, AND CALVING_HFLX TO ZERO..IF DO_RUNOFF, TRANSFER DATA, ELSE SET LAND_ICE_BOUNDARYRUNOFF, CALVING RUNOFF_HFLX, AND CALVING_HFLX TO ZERO..TRANSFER DISCHARGE* FIELDS FROM THE LAND TO ICE VIA THE EXCHANGE GRID..TRANSFER DISCHARGE* FIELDS FROM THE LAND TO ICE VIA THE EXCHANGE GRID..OVERRIDE TRANSFERRED DATA WITH DATA_OVERRIDE IF FIELD EXISTS IN
ntokens:    341
id: 468826977552565050
name: Module: land_ice_flux_exchange_mod/Subroutines and functions/subroutine, public: flux_land_to_ice
sourcefile: land_ice_flux_exchange_mod.md
is_chunked: True
ichunk: 4
chunks: [1, 2, 3, 4]
text: DATA WITH DATA_OVERRIDE IF FIELD EXISTS IN DATA_TABLE..OVERRIDE TRANSFERRED DATA WITH DATA_OVERRIDE IF FIELD EXISTS IN DATA_TABLE..COMPUTE WATER STOCK ON THE EXCHANGE GRID TO MEASURE STOCK BEING TRANSFERRED FROM LAND TO ICE..COMPUTE WATER STOCK ON THE EXCHANGE GRID TO MEASURE STOCK BEING TRANSFERRED FROM LAND TO ICE..END CLOCK..END CLOCK..
ntokens:    198
id: 468826977552565051
name: Coupler_main - top level program for the full FMSCoupler/Introduction
sourcefile: README.md
is_chunked: False
ichunk: 1
chunks: [1]
text: Program coupler_main contains the main time loops to call the time-stepping
dynamics to advance the coupled model. Coupler_main also calls flux exchange between
atmosphere, ocean, land, and sea-ice.
ntokens:    454
id: 468826977552565052
name: Coupler_main - top level program for the full FMSCoupler/Time integration
sourcefile: README.md
is_chunked: False
ichunk: 1
chunks: [1]
text: There are two nested time integration loops:
- Slow (coupled) loop (coupled_timestep_loop, nc = 1 … num_cpld_calls):
advances the ocean and slow sea-ice by one coupled timestep dt_cpld.
Ocean–ice fluxes are exchanged once per iteration.
- Fast (atmospheric) loop (fast_integration_loop, na = 1 … num_atmos_calls):
advances the atmosphere, land surface, and fast sea-ice by one atmospheric
timestep dt_atmos.  The fast loop is nested inside the slow loop.
ntokens:    473
id: 468826977552565053
name: Coupler_main - top level program for the full FMSCoupler/Fast loop
sourcefile: README.md
is_chunked: True
ichunk: 1
chunks: [1, 2]
text: Heat and moisture are exchanged between the atmosphere and the surface
(land/ice) using an tridiagonal scheme for implicit vertical diffusion in the fast loop:
1. coupler_update_atmos_model_down — forward (downward) sweep from atmospheric top to surface.
2. coupler_flux_down_from_atmos — transfers forward-elimination coefficients to land/ice.
3. Land and ice fast updates (coupler_update_land_model_fast,
coupler_update_ice_model_fast) — compute new surface temperatures.
ntokens:    425
id: 468826977552565054
name: Coupler_main - top level program for the full FMSCoupler/Fast loop
sourcefile: README.md
is_chunked: True
ichunk: 2
chunks: [1, 2]
text: 4. coupler_flux_up_to_atmos — applies implicit surface flux corrections using
updated surface temperatures.
5. coupler_update_atmos_model_up — back-substitution (upward sweep), convection,
and large-scale condensation.  
When `do_concurrent_radiation = .true.`, the atmospheric dynamics/physics and
radiation updates run simultaneously with OpenMP threading (see `atmos_nthreads`
and `radiation_nthreads` namelist variables).
ntokens:    494
id: 468826977552565055
name: Coupler_main - top level program for the full FMSCoupler/Slow loop
sourcefile: README.md
is_chunked: True
ichunk: 1
chunks: [1, 2, 3]
text: Ocean fluxes are exchanged explicitly (one coupling step behind).  All fluxes
reaching the ocean — including atmospheric fluxes and land runoff — are passed
through the sea-ice model via Ice_ocean_boundary.  
The below section outlines what is not used:
Sea-ice physics is split into two timescales that can run on different MPI PE sets:
- Fast ice on Ice%fast_ice_pe: thermodynamics and surface-flux coupling at the
atmospheric timestep.  Fast ice always runs on a subset of the atmosphere PEs
ntokens:    423
id: 468826977552565056
name: Coupler_main - top level program for the full FMSCoupler/Slow loop
sourcefile: README.md
is_chunked: True
ichunk: 2
chunks: [1, 2, 3]
text: - Slow ice on Ice%slow_ice_pe: dynamics, freezing/melting, and transport at the
coupled (ocean) timestep.  The placement of the slow ice PEs depends on
the slow_ice_with_ocean namelist variable:
- slow_ice_with_ocean = .false. (default): slow and fast ice share the same PEs
- slow_ice_with_ocean = .true.: slow ice runs on the ocean PEs.  In this case,
Ice%pelist is the union of the fast (atmos) and slow (ocean) PE sets.
ntokens:    331
id: 468826977552565057
name: Coupler_main - top level program for the full FMSCoupler/Slow loop
sourcefile: README.md
is_chunked: True
ichunk: 3
chunks: [1, 2, 3]
text: The flag concurrent_ice = .true. runs the fast ice and slow ice processes concurrently
and requires slow_ice_with_ocean = .true.
The flag combine_ice_and_ocean = .true. advances the slow ice and ocean processes together
on the ocean PEs.  The flags concurent_ice and slow_ice_with_ocean must be .true. to use combine_ice_and_ocean.
ntokens:    471
id: 468826977552565058
name: Coupler_main - top level program for the full FMSCoupler/Pseudocode
sourcefile: README.md
is_chunked: True
ichunk: 1
chunks: [1, 2, 3, 4, 5, 6, 7]
text: do nc = 1, num_cpld_calls  
! Redistribute ocean surface state onto ice grid
call flux_ocean_to_ice(...)  
! If slow_ice_pe: override ocean-ice BCs, unpack into Ice type
call flux_ocean_to_ice_finish(...)
call unpack_ocean_ice_boundary(...)  
! Exchange slow-ice state to fast-ice data structures
call exchange_slow_to_fast_ice(...)  
! Prepare ice surface fields (albedo, T, etc.) for atmos surface flux calc
call set_ice_surface_fields(...)  
do na = 1, num_atmos_calls
ntokens:    450
id: 468826977552565059
name: Coupler_main - top level program for the full FMSCoupler/Pseudocode
sourcefile: README.md
is_chunked: True
ichunk: 2
chunks: [1, 2, 3, 4, 5, 6, 7]
text: do na = 1, num_atmos_calls  
!Copy Atm%tr_bot → Atm%fields for gas-exchange tracers
call atmos_tracer_driver_gather_data(Atm%fields, Atm%tr_bot)  
! Compute surface exchange coefficients and turbulent fluxes on the
! atm-land-ice exchange grid
call sfc_boundary_layer(...)  
! Atmosphere dynamical core (FV3)
call update_atmos_model_dynamics(...)  
! Radiation (sequential, or concurrent on a separate OMP team)
call update_atmos_model_radiation(...)
ntokens:    493
id: 468826977552565060
name: Coupler_main - top level program for the full FMSCoupler/Pseudocode
sourcefile: README.md
is_chunked: True
ichunk: 3
chunks: [1, 2, 3, 4, 5, 6, 7]
text: call update_atmos_model_radiation(...)  
! Forward (downward) sweep of the implicit tridiagonal diffusion
call update_atmos_model_down(...)  
! Apply implicit atm diffusion correction; pass updated surface fluxes
! (heat, moisture, momentum) to land and ice boundary types
call flux_down_from_atmos(...)  
! Fast land physics (hydrology, canopy, soil temperature)
call update_land_model_fast(...)  
! Fast ice thermodynamics (surface energy balance, melt ponds)
call update_ice_model_fast(...)
ntokens:    473
id: 468826977552565061
name: Coupler_main - top level program for the full FMSCoupler/Pseudocode
sourcefile: README.md
is_chunked: True
ichunk: 4
chunks: [1, 2, 3, 4, 5, 6, 7]
text: call update_ice_model_fast(...)  
! Recompute surface fluxes using updated land/ice surface temperatures
call flux_up_to_atmos(...)  
! Back-substitution (upward) sweep; convection; large-scale condensation
call update_atmos_model_up(...)  
! Remap atmosphere gas/tracer fields onto exchange grid;
! compute air-sea deposition fluxes; deallocate exchange grid arrays
call flux_atmos_to_ocean(...)
call flux_ex_arrays_dealloc()  
! Advance atmos diagnostics and tracer state
ntokens:    488
id: 468826977552565062
name: Coupler_main - top level program for the full FMSCoupler/Pseudocode
sourcefile: README.md
is_chunked: True
ichunk: 5
chunks: [1, 2, 3, 4, 5, 6, 7]
text: ! Advance atmos diagnostics and tracer state
call update_atmos_model_state(...)  
end do  ! fast loop  
! Slow land physics (routing, carbon, DGVM)
call update_land_model_slow(...)  
! Interpolate land runoff and calving onto ice grid
call flux_land_to_ice(...)  
! Reset fast-ice accumulators; copy Land_ice_boundary into ice internals
call ice_model_fast_cleanup(...)
call unpack_land_ice_boundary(...)  
! Exchange fast-ice averages to slow-ice side
call exchange_fast_to_slow_ice(...)
ntokens:    459
id: 468826977552565063
name: Coupler_main - top level program for the full FMSCoupler/Pseudocode
sourcefile: README.md
is_chunked: True
ichunk: 6
chunks: [1, 2, 3, 4, 5, 6, 7]
text: call exchange_fast_to_slow_ice(...)  
! Slow ice physics (dynamics, freezing/melting, transport)
call update_ice_model_slow(...)  
if(Ocean%is_ocean_pe) then
! Interpolate ice-bottom fluxes onto ocean grid -> Ice_ocean_boundary
call flux_ice_to_ocean(...)
! Override/diagnose Ice_ocean_boundary fields; send to diag_manager
call flux_ice_to_ocean_finish(...)
! Advance ocean state by dt_cpld using Ice_ocean_boundary forcing
call update_ocean_model(...)
endif
ntokens:    376
id: 468826977552565064
name: Coupler_main - top level program for the full FMSCoupler/Pseudocode
sourcefile: README.md
is_chunked: True
ichunk: 7
chunks: [1, 2, 3, 4, 5, 6, 7]
text: call update_ocean_model(...)
endif  
! Bookkeep ocean stocks from ice-ocean flux transfer
call flux_ocean_from_ice_stocks(...)  
! Flush diagnostic send-data buffer for this coupled step
call fms_diag_send_complete(Time_step_cpld)  
end do  
call coupler_restart(...) ! write coupler.res and component restart files
call fms_diag_end(...)    ! flush and close diagnostic outpu
ntokens:    235
id: 468826977552565065
name: Coupler_main - top level program for the full FMSCoupler/MPI Parallelization
sourcefile: README.md
is_chunked: True
ichunk: 1
chunks: [1, 2]
text: Users can specify the number of processing elements (MPI ranks here on abbreviated as 'pes') for each
model component in the coupler namelist as shown below:
```
&coupler_nml
atmos_npes = 10
ocean_npes = 10
ice_npes = 10
land_npes = 10
ntokens:    498
id: 468826977552565066
name: Coupler_main - top level program for the full FMSCoupler/MPI Parallelization
sourcefile: README.md
is_chunked: True
ichunk: 2
chunks: [1, 2]
text: ```
The number of pes for each component must meet the following:
* At least atmos_npes or ocean_npes must be specified.
* land_npes <= atmos_npes
* ice_npes <= atmos_npes
* atmos_npes + ocean_npes = npes (total number of pes determined with FMS)  
When concurrent = .true., concurrent_ice = .false, and slow_ice_with_ocean = .false.
* atm and ocean will have distinct set of pelists
* land%pelist will be a subset of atm%pelis
* ice%pelist = ice%slow_pelist = ice%fast_pelist = subset of atm%pelis
ntokens:    215
id: 468826977552565067
name: Coupler_main - top level program for the full FMSCoupler/OpenMP Parallelization
sourcefile: README.md
is_chunked: True
ichunk: 1
chunks: [1, 2]
text: Users can also specify the number of OpenMP threads as below:
```
&coupler_nml
do_concurrent_radiaton = .true.
use_hyper_thread = .true.
conc_nthreads = 2
atmos_nthreads = 1
radiation_nthreads = 1
ocean_nthreads = 1
ntokens:    489
id: 468826977552565068
name: Coupler_main - top level program for the full FMSCoupler/OpenMP Parallelization
sourcefile: README.md
is_chunked: True
ichunk: 2
chunks: [1, 2]
text: ```
Note, the model must be compiled with OpenMP enabled (this can be achieved
with fre by specifying targets with "-openmp" such as "prod-openmp")  
When do_concurrent_radiation is true, conc_nthreads will be set to 2:
thread 0 on the atm%pes will run atmosphere dynamics and physics while thread 1
will run the radiation dynamics.  Else, radiation will run sequentuaally after
the atmosphere update.  Note, atmos_nthreads will affect the number of threads
within the atmosphere dynamics.
ntokens:    466
id: 468826977552565069
name: Coupler_main - top level program for the full FMSCoupler/Model Component Types
sourcefile: README.md
is_chunked: False
ichunk: 1
chunks: [1]
text: The following are derived types holding data for each componen
- Atm (atmos_data_type):  Instantaneous atm model state at current timestep
- Land (land_data_type):  Instantaneous land model state at current timestep
- Ice (ice_data_type):  Instantaneous ice model state at current timestep
- Ocean (ocean_public_type): Ocean model state at current timestep; target for the Ocean_state pointer
- Ocean_state (ocean_state_type pointer): Alias pointer to Ocean datatype
ntokens:    458
id: 468826977552565070
name: Coupler_main - top level program for the full FMSCoupler/Boundary Exchange Types
sourcefile: README.md
is_chunked: True
ichunk: 1
chunks: [1, 2]
text: - Atmos_land_boundary (atmos_land_boundary_type):  Data to exchange between atmos and land
- Atmos_ice_boundary (atmos_ice_boundary_type):  Data to exchange between atmos and sea ice
- Land_ice_atmos_boundary (land_ice_atmos_boundary_type):  Data to exchange between land and ice to atmos
- Land_ice_boundary (land_ice_boundary_type):  Data to exchange between land and ice
- Ice_ocean_boundary (ice_ocean_boundary_type):  Data to exchange from ice and ocean
ntokens:    219
id: 468826977552565071
name: Coupler_main - top level program for the full FMSCoupler/Boundary Exchange Types
sourcefile: README.md
is_chunked: True
ichunk: 2
chunks: [1, 2]
text: - Ocean_ice_boundary (ocean_ice_boundary_type):  Data to exchange from ocean to ice
- ice_ocean_driver_CS (ice_ocean_driver_type (pointer)):  Pointer alias containing control
parameters for the combined ice-ocean driver
ntokens:    475
id: 468826977552565072
name: Coupler_main - top level program for the full FMSCoupler/Time (FmsTime_type) Variables
sourcefile: README.md
is_chunked: True
ichunk: 1
chunks: [1, 2]
text: - Time_step_atmos:  Timestep in the fast loop
- Time_step_cpld:  Timestep in the slow loop
- Time_atmos:  Time tracked in the fast loop
- Time_ocean:  Time tracked for the ocean model
- Time_flux_ice_to_ocean:  Time tracked for lag fluxes from ice to ocean
- Time_flux_ocean_to_ice:  Time tracked for flux exchange from ocean to ice
- Time_restart:  Next timepoint to write intermediate restarts
- Time_restart_current:  Last timepoint when intermediate restarts were written
ntokens:    125
id: 468826977552565073
name: Coupler_main - top level program for the full FMSCoupler/Time (FmsTime_type) Variables
sourcefile: README.md
is_chunked: True
ichunk: 2
chunks: [1, 2]
text: - Time_start:  Model start time
- Time_end:  Model end time
- Time_init:  Experiment initial time (if te model was restarted)
ntokens:    386
id: 468826977552565074
name: Coupler_main - top level program for the full FMSCoupler/Loop Counters
sourcefile: README.md
is_chunked: False
ichunk: 1
chunks: [1]
text: - num_atmos_calls (integer):  Number of timesteps in the fast-integration loop
- na (integer):  Do-loop counter in the fast-integration loop
- num_cpld_calls (integer):  Number of timesteps in the slow-integration loop
- nc (integer):  Do-loop counter in the slow-integration loop
- current_timestep (integer):  Total number of fast loop iteration, equal to
(nc-1)*num_atmos_calls + na.
ntokens:    59
id: 468826977552565075
name: Flux Exchange
sourcefile: FLUX.md
is_chunked: False
ichunk: 1
chunks: [1]
text: *Original authors: Bruce Wyman, V. Balaji, Sergey Malyshev*
ntokens:    495
id: 468826977552565076
name: Flux Exchange/Background information
sourcefile: FLUX.md
is_chunked: True
ichunk: 1
chunks: [1, 2, 3, 4]
text: Six modules couple the atmosphere, ocean, land, and sea-ice components with flux exchange in the FMSCoupler full coupler.  
| Module | Role |
|---|---|
| `atm_land_ice_flux_exchange` | Exchanges fluxes between atmosphere, land, and ice; registers all diagnostic fields. |
| `flux_exchange` | Top-level module that initializes all flux-exchange modules; contains subroutines for stock computation. |
| `atmos_ocean_fluxes_calc` | Computes non-deposition gas fluxes between atmosphere and ocean. |
ntokens:    476
id: 468826977552565077
name: Flux Exchange/Background information
sourcefile: FLUX.md
is_chunked: True
ichunk: 2
chunks: [1, 2, 3, 4]
text: | `atmos_ocean_dep_fluxes_calc` | Computes deposition gas fluxes between atmosphere and ocean. |
| `ice_ocean_flux_exchange` | Exchanges fluxes between ice and ocean. |
| `land_ice_flux_exchange` | Exchanges fluxes between land and ice. |  
GFDL coupled models represent atmosphere and land on the same cubed-sphere grid; the land grid, however, is masked
(for cells containing ice or water) and data is stored as arrays of rank 1 while atm data is stored as arrays of rank 2.
ntokens:    486
id: 468826977552565078
name: Flux Exchange/Background information
sourcefile: FLUX.md
is_chunked: True
ichunk: 3
chunks: [1, 2, 3, 4]
text: Ice and ocean must share the same physical grid, though their MPI domain decompositions may differ.
The masked region of the land grid and the ice-ocean grid must tile each other such that every atmosphere grid
cell is covered by either land or ice-ocean, but not both.  The masked regions of the ice and ocean grids must be identical.  
The three component grids tile the sphere. `|xxx|` marks a masked (inactive) grid point:  
```
ATMOSPHERE  |----|----|----|----|----|----|----|----|
ntokens:    147
id: 468826977552565079
name: Flux Exchange/Background information
sourcefile: FLUX.md
is_chunked: True
ichunk: 4
chunks: [1, 2, 3, 4]
text: LAND  |---|---|---|---|xxx|xxx|xxx|xxx|xxx|xxx|
ICE  |xxx|xxx|xxx|xxx|---|---|---|---|---|---|
OCEAN  |xxx|xxx|xxx|xxx|---|---|---|---|---|---|
```
ntokens:    499
id: 468826977552565080
name: Flux Exchange/Useful information
sourcefile: FLUX.md
is_chunked: True
ichunk: 1
chunks: [1, 2, 3, 4, 5]
text: * Each component model must have a public defined data type containing specific
boundary fields. A list of these quantities is located in the NOTES of this document.  
* The surface flux of sensible heat and surface evaporation can be implicit functions
of surface temperature. As a consequence, the parts of the land and sea-ice models
that update the surface temperature must be called on the atmospheric time step  
* The surface fluxes of all other tracers and momentum are assumed to be explici
ntokens:    486
id: 468826977552565081
name: Flux Exchange/Useful information
sourcefile: FLUX.md
is_chunked: True
ichunk: 2
chunks: [1, 2, 3, 4, 5]
text: functions of all surface parameters.  
* While no explicit reference is made within this module to the implicit treatmen
of vertical diffusion in the atmosphere and in the land or sea-ice models, the
module is designed to allow for simultaneous implicit time integration on both
sides of the surface interface.  
* Due to the previous point, the diffusion part of the land and ice models must be called on the
atmospheric time step, although in the case of concurrent-ice coupling, this
ntokens:    479
id: 468826977552565082
name: Flux Exchange/Useful information
sourcefile: FLUX.md
is_chunked: True
ichunk: 3
chunks: [1, 2, 3, 4, 5]
text: version of the sea-ice that is called by the atmosphere may later be replaced
by a version of the ice that is tightly coupled with the ocean.  
* The fluxes of additional tracers related to biological quantities or the
air-sea exchange of gases are accomplished by specifying fields that will
be passed between components via the "field_table" and the use of named
fields in the coupler_..._bc_types.  
* Any field passed from one component to another may be "faked" to a constan
ntokens:    490
id: 468826977552565083
name: Flux Exchange/Useful information
sourcefile: FLUX.md
is_chunked: True
ichunk: 4
chunks: [1, 2, 3, 4, 5]
text: value, or to data acquired from a file, using the data_override feature of FMS.
The fields to override are runtime configurable, using the text file
data_table for input. See the data_override_mod documentation for more
details.  It is NOT RECOMMENDED to exercise the data override capabilities
of the FMS coupler until the user has acquired considerable sophistication in running FMS.  
* model1_model2_boundary_type (e.g., atmos_land_boundary_type) contains fields that model2 (land) gets
ntokens:    112
id: 468826977552565084
name: Flux Exchange/Useful information
sourcefile: FLUX.md
is_chunked: True
ichunk: 5
chunks: [1, 2, 3, 4, 5]
text: from model1 (atm), may also include fluxes. These are declared by flux_exchange_mod and have private components.
ntokens:    447
id: 468826977552565085
name: Flux Exchange/Exchange Modes
sourcefile: FLUX.md
is_chunked: True
ichunk: 1
chunks: [1, 2]
text: * The atmosphere, land, and ice grids exchange information via xmap_sfc exchange grid:  first, data is mapped
onto the exchange grid, then computation is carried out on the exchange grid before data is interpolated onto the
receiving component grid.  
* The land and ice grids exchange runoff data using the exchange grid xmap_runoff for conservative interpolation  
* Transfer of data between the ice bottom and ocean does not require an exchange
ntokens:    426
id: 468826977552565086
name: Flux Exchange/Exchange Modes
sourcefile: FLUX.md
is_chunked: True
ichunk: 2
chunks: [1, 2]
text: grid as the grids are physically identical. The flux routines will automatically
detect and redistribute data if their domain decompositions are different, or copy data if
the domain decomposition is identical  
* To get information from the atmosphere to the ocean it must pass through the
ice model, first by interpolating from the atmospheric grid to the ice grid,
and then transferring from the ice grid to the ocean grid.
ntokens:    464
id: 468826977552565087
name: Flux Exchange/Namelist Parameters (`flux_exchange_nml`)
sourcefile: FLUX.md
is_chunked: True
ichunk: 1
chunks: [1, 2, 3]
text: | Parameter | Type | Default | Description |
|---|---|---|---|
| `z_ref_heat` | real | 2.0 m | Reference height for temperature and relative-humidity diagnostics (`t_ref`, `rh_ref`, `del_h`, `del_q`). |
| `z_ref_mom` | real | 10.0 m | Reference height for momentum diagnostics (`u_ref`, `v_ref`, `del_m`). |
| `do_area_weighted_flux` | logical | `.false.` | When `.true.`, fluxes passed to the ocean are multiplied by the ice area fraction before redistribution. |
ntokens:    479
id: 468826977552565088
name: Flux Exchange/Namelist Parameters (`flux_exchange_nml`)
sourcefile: FLUX.md
is_chunked: True
ichunk: 2
chunks: [1, 2, 3]
text: | `debug_stocks` | logical | `.false.` | Enables additional stock-conservation debug output when `.true.`. |
| `divert_stocks_report` | logical | `.false.` | If `.true.`, output stock reporting to `stocks.out` instead to stdout. |
| `do_runoff` | logical | `.true.` | Enables interpolation of land runoff to the ocean. |
| `do_forecast` | logical | `.false.` | Do forecast if `.true.`|
| `nblocks` | integer | 1 | Number of OpenMP blocks for parallel computation on `sfc_xgrid` |
ntokens:    233
id: 468826977552565089
name: Flux Exchange/Namelist Parameters (`flux_exchange_nml`)
sourcefile: FLUX.md
is_chunked: True
ichunk: 3
chunks: [1, 2, 3]
text: | `partition_fprec_from_lprec` | logical | `.false.` | If `.true.`, converts liquid precipitation to snow when `t_ref < tfreeze`. |
| `scale_precip_2d` | logical | `.false.` | Rescales `lprec` by a 2-D field read from `data_table`. |
ntokens:    463
id: 468826977552565090
name: Flux Exchange/Data Override Capabilities
sourcefile: FLUX.md
is_chunked: True
ichunk: 1
chunks: [1, 2, 3, 4, 5, 6, 7, 8]
text: Any field passed from one component to another may be "faked" to a constant value, or to data acquired from a file, using the
data_override feature of FMS. The fields to override are runtime configurable, using data_table for input.
See the data_override_mod documentation for more details.  
The original authors DO NOT RECOMMEND exercising the data override capabilities of the FMS coupler until the user has acquired considerable
sophistication in running FMS.
ntokens:    464
id: 468826977552565091
name: Flux Exchange/Data Override Capabilities
sourcefile: FLUX.md
is_chunked: True
ichunk: 2
chunks: [1, 2, 3, 4, 5, 6, 7, 8]
text: sophistication in running FMS.  
| Subroutine | Transfer | Overridable fields |
|---|---|---|
| `sfc_boundary_layer` | Atm boundary -> exchange grid | `t_bot`, `z_bot`, `p_bot`, `u_bot`, `v_bot`, `p_surf`, `slp`, `gust`, fields in the coupler bc type |
| `sfc_boundary_layer` | Ice boundary -> exchange grid | `t_surf`, `rough_mom`, `rough_heat`, `rough_moist`, `albedo`, `albedo_vis_dir`, `albedo_nir_dir`, `albedo_vis_dif`, `albedo_nir_dif`, `u_surf`, `v_surf` |
ntokens:    457
id: 468826977552565092
name: Flux Exchange/Data Override Capabilities
sourcefile: FLUX.md
is_chunked: True
ichunk: 3
chunks: [1, 2, 3, 4, 5, 6, 7, 8]
text: | `sfc_boundary_layer` | Land boundary -> exchange grid | `t_surf`, `t_ca`, `rough_mom`, `rough_heat`, `albedo`, `tracers`, `albedo_vis_dir`, `albedo_nir_dir`, `albedo_vis_dif`, `albedo_nir_dif` |
| `sfc_boundary_layer` | Exchange grid -> `Land_ice_atmos_boundary` | `t`, `albedo`, `albedo_vis_dir`, `albedo_nir_dir`, `albedo_vis_dif`, `albedo_nir_dif`, `land_frac`, `dt_t`, `dt_tr`, `u_flux`, `v_flux`, `dtaudu`, `dtaudv`, `u_star`, `b_star`, `rough_mom` |
ntokens:    370
id: 468826977552565093
name: Flux Exchange/Data Override Capabilities
sourcefile: FLUX.md
is_chunked: True
ichunk: 4
chunks: [1, 2, 3, 4, 5, 6, 7, 8]
text: | `flux_down_from_atmos` | Atmosphere boundary -> exchange grid | `flux_sw`, `flux_sw_dir`, `flux_sw_dif`, `flux_sw_down_vis_dir`, `flux_sw_down_vis_dif`, `flux_sw_down_total_dir`, `flux_sw_down_total_dif`, `flux_sw_vis`, `flux_sw_vis_dir`, `flux_sw_vis_dif`, `flux_lw`, `lprec`, `frac_precip`, `fprec`, `coszen`, `dtmass`, `delta_t`, `dflux_t`, `delta_tr`, `dflux_tr` |
ntokens:    330
id: 468826977552565094
name: Flux Exchange/Data Override Capabilities
sourcefile: FLUX.md
is_chunked: True
ichunk: 5
chunks: [1, 2, 3, 4, 5, 6, 7, 8]
text: | `flux_down_from_atmos` | Exchange grid -> land boundary | `drag_q`, `lwdn_flux`, `cd_m`, `cd_t`, `bstar`, `ustar`, `wind`, `z_bot`, `t_flux`, `lw_flux`, `sw_flux`, `sw_flux_down_vis_dir`, `sw_flux_down_total_dir`, `sw_flux_down_vis_dif`, `sw_flux_down_total_dif`, `lprec`, `fprec`, `dhdt`, `drdt`, `p_surf`, `tr_flux`, `dfdtr` |
ntokens:    478
id: 468826977552565095
name: Flux Exchange/Data Override Capabilities
sourcefile: FLUX.md
is_chunked: True
ichunk: 6
chunks: [1, 2, 3, 4, 5, 6, 7, 8]
text: | `flux_down_from_atmos` | Exchange grid -> ice boundary | `u_flux`, `v_flux`, `t_flux`, `q_flux`, `lw_flux`, `sw_flux_nir_dir`, `sw_flux_vis_dir`, `sw_flux_nir_dif`, `sw_flux_vis_dif`, `sw_down_vis_dir`, `sw_down_vis_dif`, `sw_down_nir_dir`, `sw_down_nir_dif`, `lprec`, `fprec`, `dhdt`, `dedt`, `drdt`, `coszen`, `p` |
| `flux_up_to_atmos` | Ice boundary -> atmosphere boundary | `t_surf` |
| `flux_up_to_atmos` | Land boundary -> atmosphere boundary | `t_ca`, `t_surf`, `tr` |
ntokens:    426
id: 468826977552565096
name: Flux Exchange/Data Override Capabilities
sourcefile: FLUX.md
is_chunked: True
ichunk: 7
chunks: [1, 2, 3, 4, 5, 6, 7, 8]
text: | `flux_land_to_ice` | Land boundary -> ice boundary | `runoff`, `calving`, `runoff_hflx`, `calving_hflx` |
| `flux_ice_to_ocean` | Ice boundary -> ocean boundary | `u_flux`, `v_flux`, `t_flux`, `q_flux`, `salt_flux`, `lw_flux`, `sw_flux_nir_dir`, `sw_flux_nir_dif`, `sw_flux_vis_dir`, `sw_flux_vis_dif`, `lprec`, `fprec`, `runoff`, `calving`, `runoff_hflx`, `calving_hflx`, `p`, `mi`, `ustar_berg`, `area_berg`, `mass_berg` |
ntokens:    106
id: 468826977552565097
name: Flux Exchange/Data Override Capabilities
sourcefile: FLUX.md
is_chunked: True
ichunk: 8
chunks: [1, 2, 3, 4, 5, 6, 7, 8]
text: | `flux_ocean_to_ice` | Ocean boundary -> ice boundary | `u`, `v`, `t`, `s`, `frazil`, `sea_level` |  
---
ntokens:    252
id: 468826977552565098
name: Flux Exchange/Diagnostic Fields
sourcefile: FLUX.md
is_chunked: True
ichunk: 1
chunks: [1, 2, 3, 4]
text: All fields below are registered in `atm_land_ice_flux_exchange.F90` inside `diag_field_init`.  
| Category | Registration/Notes | Fields |
|---|---|---|
| Static fields | Registered in `diag_field_init` | `land_mask`, `height2m`, `height10m`, `sftlf` |
ntokens:    477
id: 468826977552565099
name: Flux Exchange/Diagnostic Fields
sourcefile: FLUX.md
is_chunked: True
ichunk: 2
chunks: [1, 2, 3, 4]
text: | Atmosphere surface fields | Registered in `diag_field_init` | `ice_mask`, `wind`, `drag_moist`, `drag_heat`, `drag_mom`, `rough_moist`, `rough_heat`, `rough_mom`, `u_star`, `b_star`, `q_star`, `thv_atm`, `thv_surf`, `tau_x`, `tau_y`, `t_ocean`, `t_surf`, `t_ca`, `z_atm`, `p_atm`, `slp`, `gust`, `shflx`, `lwflx`, `t_atm`, `u_atm`, `v_atm`, `t_ref`, `rh_ref`, `rh_ref_cmip`, `u_ref`, `v_ref`, `wind_ref`, `del_h`, `del_m`, `del_q`, `q_ref`, `rough_scale`, `evap`, `co2_bot` |
ntokens:    467
id: 468826977552565100
name: Flux Exchange/Diagnostic Fields
sourcefile: FLUX.md
is_chunked: True
ichunk: 3
chunks: [1, 2, 3, 4]
text: | Atmosphere tracer fields (per-tracer) | Pattern-based tracer diagnostics | `*_tot_con_atm`, `*_tot_con_ref`, `*_atm`, `*_surf`, `*_flux`, `*_ref`, `*_mol_flux`, `*_atm_dvmr`, `*_surf_dvmr`, `*_mol_flux_atm0` |
| CMIP fields | Registered with `register_cmip_diag_field_2d` or `fms_diag_register_diag_field` with `use_AM3_physics` | `tas`, `uas`, `vas`, `sfcWind`, `huss`, `hurs`, `rhs`, `ts`, `psl`, `tauu`, `tauv`, `hfss`, `hfls`, `evspsbl`, `tslsi`, `tos`, `sic` |
ntokens:    455
id: 468826977552565101
name: Flux Exchange/Diagnostic Fields
sourcefile: FLUX.md
is_chunked: True
ichunk: 4
chunks: [1, 2, 3, 4]
text: | Global scalar time-series fields | Registered with `register_global_diag_field`, only without `use_AM3_physics` | `evspsbl`, `ts`, `tas`, `tasl`, `hfss`, `hfls`, `rls` |
| Land axes fields | Registered with `register_tiled_diag_field` or `fms_diag_register_diag_field` with `_USE_LEGACY_LAND_` | `t_ref`, `q_ref`, `rh_ref`, `u_ref`, `v_ref`, `evap`, `shflx`, `tasLut`, `hussLut`, `*_tot_con_atm`, `*_tot_con_ref`, `*_flux`, `*_mol_flux`, `*_ref` |  
---
ntokens:    92
id: 468826977552565102
name: Flux Exchange/Required Variables in Component Data Types
sourcefile: FLUX.md
is_chunked: False
ichunk: 1
chunks: [1]
text: The following fields must be defined in each component's public data type for flux exchange.
ntokens:    423
id: 468826977552565103
name: Flux Exchange/Required Variables in Component Data Types/`type (atmos_boundary_data_type) :: Atm`
sourcefile: FLUX.md
is_chunked: True
ichunk: 1
chunks: [1, 2, 3, 4]
text: | Field | Description | Type |
|---|---|---|
| `Atm%lon_bnd` | Longitude axis grid box boundaries in radians; must be monotonic. | `real, dimension(:)` |
| `Atm%lat_bnd` | Latitude axis grid box boundaries in radians; must be monotonic. | `real, dimension(:)` |
| `Atm%t_bot` | Temperature at lowest model level. | `real, dimension(:,:)` |
| `Atm%q_bot` | Specific humidity at lowest model level. | `real, dimension(:,:)` |
ntokens:    437
id: 468826977552565104
name: Flux Exchange/Required Variables in Component Data Types/`type (atmos_boundary_data_type) :: Atm`
sourcefile: FLUX.md
is_chunked: True
ichunk: 2
chunks: [1, 2, 3, 4]
text: | `Atm%z_bot` | Height above the surface for the lowest model level (m). | `real, dimension(:,:)` |
| `Atm%p_bot` | Pressure at lowest model level (Pa). | `real, dimension(:,:)` |
| `Atm%u_bot` | Zonal wind component at lowest model level (m/s). | `real, dimension(:,:)` |
| `Atm%v_bot` | Meridional wind component at lowest model level (m/s). | `real, dimension(:,:)` |
| `Atm%p_surf` | Surface pressure (Pa). | `real, dimension(:,:)` |
ntokens:    458
id: 468826977552565105
name: Flux Exchange/Required Variables in Component Data Types/`type (atmos_boundary_data_type) :: Atm`
sourcefile: FLUX.md
is_chunked: True
ichunk: 3
chunks: [1, 2, 3, 4]
text: | `Atm%slp` | Sea level pressure (Pa). | `real, dimension(:,:)` |
| `Atm%gust` | Gustiness factor (m/s). | `real, dimension(:,:)` |
| `Atm%flux_sw` | Net shortwave flux at the surface. | `real, dimension(:,:)` |
| `Atm%flux_lw` | Downward longwave flux at the surface. | `real, dimension(:,:)` |
| `Atm%lprec` | Liquid precipitation (kg/m2). | `real, dimension(:,:)` |
| `Atm%fprec` | Water equivalent frozen precipitation (kg/m2). | `real, dimension(:,:)` |
ntokens:    210
id: 468826977552565106
name: Flux Exchange/Required Variables in Component Data Types/`type (atmos_boundary_data_type) :: Atm`
sourcefile: FLUX.md
is_chunked: True
ichunk: 4
chunks: [1, 2, 3, 4]
text: | `Atm%coszen` | Cosine of the zenith angle. | `real, dimension(:,:)` |
| `Atm%axes` | Axis identifiers returned by `diag_axis_init` for atmospheric model axes: X, Y, Z_full, Z_half. | `integer, dimension(4)` |
ntokens:    405
id: 468826977552565107
name: Flux Exchange/Required Variables in Component Data Types/`type (surf_diff_type) :: Atm%Surf_Diff`
sourcefile: FLUX.md
is_chunked: True
ichunk: 1
chunks: [1, 2, 3, 4]
text: The following five fields are gathered into a data type for convenience in passing
this information through the different levels of the atmospheric model --
these fields are related to the simultaneous implicit time steps in the
atmosphere and surface models -- they are described more fully in
flux_exchange.tech.ps and in the documntation for vert_diff_mod  
| Field | Description | Type |
|---|---|---|
ntokens:    384
id: 468826977552565108
name: Flux Exchange/Required Variables in Component Data Types/`type (surf_diff_type) :: Atm%Surf_Diff`
sourcefile: FLUX.md
is_chunked: True
ichunk: 2
chunks: [1, 2, 3, 4]
text: | Field | Description | Type |
|---|---|---|
| `Atm%Surf_Diff%dtmass` | dt/mass, where dt is atmospheric time step ((i+1)=(i-1) for leapfrog) and mass is mass per unit area of the lowest atmospheric layer (kg/m2). | `real, dimension(:,:)` |
| `Atm%Surf_Diff%delta_t` | Increment ((i+1)=(i-1) for leapfrog) in temperature of the lowest atmospheric layer (K). | `real, dimension(:,:)` |
ntokens:    377
id: 468826977552565109
name: Flux Exchange/Required Variables in Component Data Types/`type (surf_diff_type) :: Atm%Surf_Diff`
sourcefile: FLUX.md
is_chunked: True
ichunk: 3
chunks: [1, 2, 3, 4]
text: | `Atm%Surf_Diff%delta_q` | Increment ((i+1)=(i-1) for leapfrog) in specific humidity of the lowest atmospheric layer (kg/kg). | `real, dimension(:,:)` |
| `Atm%Surf_Diff%dflux_t` | Derivative of implicit part of downward temperature flux at top of the lowest atmospheric layer with respect to temperature of the lowest atmospheric layer (kg/(m2 s)). | `real, dimension(:,:)` |
ntokens:    226
id: 468826977552565110
name: Flux Exchange/Required Variables in Component Data Types/`type (surf_diff_type) :: Atm%Surf_Diff`
sourcefile: FLUX.md
is_chunked: True
ichunk: 4
chunks: [1, 2, 3, 4]
text: | `Atm%Surf_Diff%dflux_q` | Derivative of implicit part of downward moisture flux at top of the lowest atmospheric layer with respect to specific humidity of the lowest atmospheric layer (kg/(m2 s)). | `real, dimension(:,:)` |
ntokens:    426
id: 468826977552565111
name: Flux Exchange/Required Variables in Component Data Types/`type (land_boundary_data_type) :: Land`
sourcefile: FLUX.md
is_chunked: True
ichunk: 1
chunks: [1, 2, 3]
text: | Field | Description | Type |
|---|---|---|
| `Land%lon_bnd` | Longitude axis grid box boundaries in radians; must be monotonic. | `real, dimension(:)` |
| `Land%lat_bnd` | Latitude axis grid box boundaries in radians; must be monotonic. | `real, dimension(:)` |
| `Land%mask` | Land/sea mask (true for land). | `logical, dimension(:,:,:)` |
| `Land%glacier` | Glacier mask (true for glacier). | `logical, dimension(:,:,:)` |
ntokens:    485
id: 468826977552565112
name: Flux Exchange/Required Variables in Component Data Types/`type (land_boundary_data_type) :: Land`
sourcefile: FLUX.md
is_chunked: True
ichunk: 2
chunks: [1, 2, 3]
text: | `Land%tile_size` | Fractional area of each tile (partition). | `real, dimension(:,:,:)` |
| `Land%t_surf` | Surface temperature (K). | `real, dimension(:,:,:)` |
| `Land%albedo` | Surface albedo (fraction). | `real, dimension(:,:,:)` |
| `Land%rough_mom` | Surface roughness for momentum (m). | `real, dimension(:,:,:)` |
| `Land%rough_heat` | Surface roughness for heat/moisture (m). | `real, dimension(:,:,:)` |
| `Land%stomatal` | Stomatal resistance. | `real, dimension(:,:,:)` |
ntokens:    284
id: 468826977552565113
name: Flux Exchange/Required Variables in Component Data Types/`type (land_boundary_data_type) :: Land`
sourcefile: FLUX.md
is_chunked: True
ichunk: 3
chunks: [1, 2, 3]
text: | `Land%snow` | Snow depth, water equivalent (kg/m2). | `real, dimension(:,:,:)` |
| `Land%water` | Water depth of the uppermost bucket (kg/m2). | `real, dimension(:,:,:)` |
| `Land%max_water` | Maximum water depth allowed in the uppermost bucket (kg/m2). | `real, dimension(:,:,:)` |
ntokens:    439
id: 468826977552565114
name: Flux Exchange/Required Variables in Component Data Types/`type (ice_boundary_data_type) :: Ice`
sourcefile: FLUX.md
is_chunked: True
ichunk: 1
chunks: [1, 2, 3, 4, 5, 6]
text: | Field | Description | Type |
|---|---|---|
| `Ice%lon_bnd` | Longitude axis grid box boundaries for temperature points in radians; must be monotonic. | `real, dimension(:)` |
| `Ice%lat_bnd` | Latitude axis grid box boundaries for temperature points in radians; must be monotonic. | `real, dimension(:)` |
| `Ice%lon_bnd_uv` | Longitude axis grid box boundaries for momentum points in radians; must be monotonic. | `real, dimension(:)` |
ntokens:    465
id: 468826977552565115
name: Flux Exchange/Required Variables in Component Data Types/`type (ice_boundary_data_type) :: Ice`
sourcefile: FLUX.md
is_chunked: True
ichunk: 2
chunks: [1, 2, 3, 4, 5, 6]
text: | `Ice%lat_bnd_uv` | Latitude axis grid box boundaries for momentum points in radians; must be monotonic. | `real, dimension(:)` |
| `Ice%mask` | Ocean/land mask for temperature points (true for ocean, with or without ice). | `logical, dimension(:,:,:)` |
| `Ice%mask_uv` | Ocean/land mask for momentum points (true for ocean, with or without ice). | `logical, dimension(:,:,:)` |
| `Ice%ice_mask` | Optional ice mask (true for ice). | `logical, dimension(:,:,:)` |
ntokens:    433
id: 468826977552565116
name: Flux Exchange/Required Variables in Component Data Types/`type (ice_boundary_data_type) :: Ice`
sourcefile: FLUX.md
is_chunked: True
ichunk: 3
chunks: [1, 2, 3, 4, 5, 6]
text: | `Ice%part_size` | Fractional area of each partition of a temperature grid box. | `real, dimension(:,:,:)` |
| `Ice%part_size_uv` | Fractional area of each partition of a momentum grid box. | `real, dimension(:,:,:)` |  
Ice top grid fields:  
| Field | Description | Type |
|---|---|---|
| `Ice%t_surf` | Surface temperature (K). | `real, dimension(:,:,:)` |
| `Ice%albedo` | Surface albedo (fraction). | `real, dimension(:,:,:)` |
ntokens:    441
id: 468826977552565117
name: Flux Exchange/Required Variables in Component Data Types/`type (ice_boundary_data_type) :: Ice`
sourcefile: FLUX.md
is_chunked: True
ichunk: 4
chunks: [1, 2, 3, 4, 5, 6]
text: | `Ice%rough_mom` | Surface roughness for momentum (m). | `real, dimension(:,:,:)` |
| `Ice%rough_heat` | Surface roughness for heat/moisture (m). | `real, dimension(:,:,:)` |
| `Ice%u_surf` | Zonal (ocean/ice) current at the surface (m/s). | `real, dimension(:,:,:)` |
| `Ice%v_surf` | Meridional (ocean/ice) current at the surface (m/s). | `real, dimension(:,:,:)` |  
Ice bottom grid fields:  
| Field | Description | Type |
|---|---|---|
ntokens:    426
id: 468826977552565118
name: Flux Exchange/Required Variables in Component Data Types/`type (ice_boundary_data_type) :: Ice`
sourcefile: FLUX.md
is_chunked: True
ichunk: 5
chunks: [1, 2, 3, 4, 5, 6]
text: | Field | Description | Type |
|---|---|---|
| `Ice%flux_u` | Zonal wind stress (Pa). | `real, dimension(:,:,:)` |
| `Ice%flux_v` | Meridional wind stress (Pa). | `real, dimension(:,:,:)` |
| `Ice%flux_t` | Sensible heat flux (W/m2). | `real, dimension(:,:,:)` |
| `Ice%flux_q` | Specific humidity flux (kg/m2/s). | `real, dimension(:,:,:)` |
| `Ice%flux_sw` | Net (down-up) shortwave flux (W/m2). | `real, dimension(:,:,:)` |
ntokens:    387
id: 468826977552565119
name: Flux Exchange/Required Variables in Component Data Types/`type (ice_boundary_data_type) :: Ice`
sourcefile: FLUX.md
is_chunked: True
ichunk: 6
chunks: [1, 2, 3, 4, 5, 6]
text: | `Ice%flux_lw` | Net (down-up) longwave flux (W/m2). | `real, dimension(:,:,:)` |
| `Ice%lprec` | Mass of liquid precipitation since last time step (kg/m2). | `real, dimension(:,:,:)` |
| `Ice%fprec` | Mass of frozen precipitation since last time step (kg/m2). | `real, dimension(:,:,:)` |
| `Ice%runoff` | Mass of runoff water since last time step (kg/m2). | `real, dimension(:,:,:)` |
ntokens:    419
id: 468826977552565120
name: Flux Exchange/Required Variables in Component Data Types/`type (ocean_boundary_data_type) :: Ocean`
sourcefile: FLUX.md
is_chunked: True
ichunk: 1
chunks: [1, 2, 3, 4, 5, 6]
text: The data values in all longitude and latitude grid box boundary arrays must be monotonic.  
| Field | Description | Type |
|---|---|---|
| `Ocean%Data%lon_bnd` | Longitude axis grid box boundaries for temperature points on the ocean data grid (radians). | `real, dimension(:)` |
| `Ocean%Data%lat_bnd` | Latitude axis grid box boundaries for temperature points on the ocean data grid (radians). | `real, dimension(:)` |
ntokens:    426
id: 468826977552565121
name: Flux Exchange/Required Variables in Component Data Types/`type (ocean_boundary_data_type) :: Ocean`
sourcefile: FLUX.md
is_chunked: True
ichunk: 2
chunks: [1, 2, 3, 4, 5, 6]
text: | `Ocean%Data%lon_bnd_uv` | Longitude axis grid box boundaries for momentum points on the ocean data grid (radians). | `real, dimension(:)` |
| `Ocean%Data%lat_bnd_uv` | Latitude axis grid box boundaries for momentum points on the ocean data grid (radians). | `real, dimension(:)` |
| `Ocean%Ocean%lon_bnd` | Longitude axis grid box boundaries for temperature points on the ocean model grid (radians). | `real, dimension(:)` |
ntokens:    429
id: 468826977552565122
name: Flux Exchange/Required Variables in Component Data Types/`type (ocean_boundary_data_type) :: Ocean`
sourcefile: FLUX.md
is_chunked: True
ichunk: 3
chunks: [1, 2, 3, 4, 5, 6]
text: | `Ocean%Ocean%lat_bnd` | Latitude axis grid box boundaries for temperature points on the ocean model grid (radians). | `real, dimension(:)` |
| `Ocean%Ocean%lon_bnd_uv` | Longitude axis grid box boundaries for momentum points on the ocean model grid (radians). | `real, dimension(:)` |
| `Ocean%Ocean%lat_bnd_uv` | Latitude axis grid box boundaries for momentum points on the ocean model grid (radians). | `real, dimension(:)` |
ntokens:    397
id: 468826977552565123
name: Flux Exchange/Required Variables in Component Data Types/`type (ocean_boundary_data_type) :: Ocean`
sourcefile: FLUX.md
is_chunked: True
ichunk: 4
chunks: [1, 2, 3, 4, 5, 6]
text: | `Ocean%Data%mask` | Ocean/land mask for temperature points on the ocean data grid (true for ocean). | `logical, dimension(:,:)` |
| `Ocean%Data%mask_uv` | Ocean/land mask for momentum points on the ocean data grid (true for ocean). | `logical, dimension(:,:)` |
| `Ocean%Ocean%mask` | Ocean/land mask for temperature points on the ocean model grid (true for ocean). | `logical, dimension(:,:)` |
ntokens:    439
id: 468826977552565124
name: Flux Exchange/Required Variables in Component Data Types/`type (ocean_boundary_data_type) :: Ocean`
sourcefile: FLUX.md
is_chunked: True
ichunk: 5
chunks: [1, 2, 3, 4, 5, 6]
text: | `Ocean%Ocean%mask_uv` | Ocean/land mask for momentum points on the ocean model grid (true for ocean). | `logical, dimension(:,:)` |
| `Ocean%t_surf_data` | Surface temperature on the ocean data grid (K). | `real, dimension(:,:)` |
| `Ocean%t_surf` | Surface temperature on the ocean model grid (K). | `real, dimension(:,:)` |
| `Ocean%u_surf` | Zonal ocean current at the surface on the ocean model grid (m/s). | `real, dimension(:,:)` |
ntokens:    216
id: 468826977552565125
name: Flux Exchange/Required Variables in Component Data Types/`type (ocean_boundary_data_type) :: Ocean`
sourcefile: FLUX.md
is_chunked: True
ichunk: 6
chunks: [1, 2, 3, 4, 5, 6]
text: | `Ocean%v_surf` | Meridional ocean current at the surface on the ocean model grid (m/s). | `real, dimension(:,:)` |
| `Ocean%frazil` | Frazil at temperature points on the ocean model grid. | `real, dimension(:,:)` |
ntokens:    22
id: 468826977552565126
name: `atmos_data_type`
sourcefile: AtmosDataType.md
is_chunked: False
ichunk: 1
chunks: [1]
text: Atmosphere Model State
ntokens:    114
id: 468826977552565127
name: `atmos_data_type`/Overview
sourcefile: AtmosDataType.md
is_chunked: False
ichunk: 1
chunks: [1]
text: `atmos_data_type` is the main Fortran derived type that holds all fields and states of the atmosphere model.  
---
ntokens:    425
id: 468826977552565128
name: `atmos_data_type`/Grid and Domain Fields
sourcefile: AtmosDataType.md
is_chunked: True
ichunk: 1
chunks: [1, 2, 3]
text: | Field | Type / Dimensions | Description |
|---|---|---|
| `Atm%domain` | `type(domain2d)` | FMS domain decomposition for the atmosphere; defines the MPI tile layout and halo widths. |
| `Atm%axes` | `integer(4)` | Diag-manager axis indices for x, y, pfull, and phalf; used when registering and sending diagnostic fields. |
| `Atm%lon_bnd` | `real 2D` | Longitude of grid-box corners on the local compute domain [radians]. |
ntokens:    428
id: 468826977552565129
name: `atmos_data_type`/Grid and Domain Fields
sourcefile: AtmosDataType.md
is_chunked: True
ichunk: 2
chunks: [1, 2, 3]
text: | `Atm%lat_bnd` | `real 2D` | Latitude of grid-box corners on the local compute domain [radians]. |
| `Atm%lon` | `real 2D` | Longitude of grid-box centres on the local compute domain [radians]. |
| `Atm%lat` | `real 2D` | Latitude of grid-box centres on the local compute domain [radians]. |
| `Atm%grid` | `type(grid_box_type)` | Grid geometry needed for second-order conservative remapping on the cubic-sphere exchange grid.|
ntokens:    260
id: 468826977552565130
name: `atmos_data_type`/Grid and Domain Fields
sourcefile: AtmosDataType.md
is_chunked: True
ichunk: 3
chunks: [1, 2, 3]
text: | `Atm%maskmap` | `logical(:,:)` (pointer) | Mask indicating which logical processors are active for ocean code; processors covering all-land points may not be assigned to physical PEs. Dummy field — must be present for compilation but need not be set. |  
---
ntokens:    465
id: 468826977552565131
name: `atmos_data_type`/Lowest Atmospheric Level State Fields
sourcefile: AtmosDataType.md
is_chunked: True
ichunk: 1
chunks: [1, 2, 3]
text: These fields carry the atmospheric state at the bottommost level. All are 2D arrays on the local compute domain.  
| Field | Units | Description |
|---|---|---|
| `Atm%t_bot` | K | Temperature at the lowest model level. |
| `Atm%tr_bot` | — | Tracer mixing ratios at the lowest model level; 3D array, third dimension indexes the tracer table. Specific humidity (`sphum`) is always present. |
| `Atm%z_bot` | m | Height of the lowest model level above the surface. |
ntokens:    465
id: 468826977552565132
name: `atmos_data_type`/Lowest Atmospheric Level State Fields
sourcefile: AtmosDataType.md
is_chunked: True
ichunk: 2
chunks: [1, 2, 3]
text: | `Atm%p_bot` | Pa | Pressure at the lowest model level. |
| `Atm%u_bot` | m/s | Zonal wind component at the lowest model level. |
| `Atm%v_bot` | m/s | Meridional wind component at the lowest model level. |
| `Atm%p_surf` | Pa | Surface pressure. |
| `Atm%slp` | Pa | Sea-level pressure. |
| `Atm%gust` | m/s | Gustiness factor — a minimum wind speed added in quadrature to the resolved wind to account for sub-grid convective gusts in surface flux calculations. |
ntokens:    150
id: 468826977552565133
name: `atmos_data_type`/Lowest Atmospheric Level State Fields
sourcefile: AtmosDataType.md
is_chunked: True
ichunk: 3
chunks: [1, 2, 3]
text: | `Atm%coszen` | dimensionless | Cosine of the solar zenith angle; used to weight shortwave fluxes and partition direct vs. diffuse radiation. |  
---
ntokens:    432
id: 468826977552565134
name: `atmos_data_type`/Radiative Flux Fields
sourcefile: AtmosDataType.md
is_chunked: True
ichunk: 1
chunks: [1, 2, 3]
text: All fields below are real 2D arrays. These fluxes are computed by the atmosphere and passed to land and ice by `flux_down_from_atmos`.  
| Field | Units | Description |
|---|---|---|
| `Atm%flux_sw` | W/m² | Total net shortwave flux at the surface (absorbed by the surface). |
| `Atm%flux_sw_dir` | W/m² | Direct-beam component of the net shortwave flux. |
| `Atm%flux_sw_dif` | W/m² | Diffuse component of the net shortwave flux. |
ntokens:    462
id: 468826977552565135
name: `atmos_data_type`/Radiative Flux Fields
sourcefile: AtmosDataType.md
is_chunked: True
ichunk: 2
chunks: [1, 2, 3]
text: | `Atm%flux_sw_down_vis_dir` | W/m² | Downward direct-beam flux in the visible band (0.2–0.7 µm). |
| `Atm%flux_sw_down_vis_dif` | W/m² | Downward diffuse flux in the visible band. |
| `Atm%flux_sw_down_total_dir` | W/m² | Downward direct-beam broadband shortwave flux. |
| `Atm%flux_sw_down_total_dif` | W/m² | Downward diffuse broadband shortwave flux. |
| `Atm%flux_sw_vis` | W/m² | Net (downward minus reflected) visible-band shortwave flux at the surface. |
ntokens:    255
id: 468826977552565136
name: `atmos_data_type`/Radiative Flux Fields
sourcefile: AtmosDataType.md
is_chunked: True
ichunk: 3
chunks: [1, 2, 3]
text: | `Atm%flux_sw_vis_dir` | W/m² | Direct-beam component of the net visible shortwave flux. |
| `Atm%flux_sw_vis_dif` | W/m² | Diffuse component of the net visible shortwave flux. |
| `Atm%flux_lw` | W/m² | Net downward longwave flux at the surface. |  
---
ntokens:    349
id: 468826977552565137
name: `atmos_data_type`/Precipitation Fields
sourcefile: AtmosDataType.md
is_chunked: False
ichunk: 1
chunks: [1]
text: | Field | Type / Dimensions | Units | Description |
|---|---|---|---|
| `Atm%lprec` | real 2D | kg/m² | Mass of liquid precipitation accumulated since the last time step; equivalent to a rate in kg/m²/s when divided by `dt_atmos`. |
| `Atm%fprec` | real 2D | kg/m² | Mass of frozen (solid) precipitation accumulated since the last time step. |  
---
ntokens:    455
id: 468826977552565138
name: `atmos_data_type`/Generic Exchange and Tracer Boundary Condition Fields
sourcefile: AtmosDataType.md
is_chunked: True
ichunk: 1
chunks: [1, 2]
text: | Field | Type / Dimensions | Description |
|---|---|---|
| `Atm%gex_atm2lnd` | real 3D | Generic exchange fields sent from the atmosphere to the land model (e.g., CO₂, aerosol deposition); third dimension indexes the exchange field list as defined in `field_table`. |
| `Atm%gex_lnd2atm` | real 3D | Generic exchange fields returned from the land model to the atmosphere (e.g., surface emission fluxes); third dimension indexes the exchange field list. |
ntokens:    217
id: 468826977552565139
name: `atmos_data_type`/Generic Exchange and Tracer Boundary Condition Fields
sourcefile: AtmosDataType.md
is_chunked: True
ichunk: 2
chunks: [1, 2]
text: | `Atm%fields` | `type(coupler_2d_bc_type)` | Array of additional tracer boundary-condition fields for atmosphere–ocean gas exchange (CO₂, O₂, CFCs, etc.); registered and populated by `atmos_tracer_flux_init`. |  
---
ntokens:    443
id: 468826977552565140
name: `atmos_data_type`/Time and PE Metadata Fields
sourcefile: AtmosDataType.md
is_chunked: True
ichunk: 1
chunks: [1, 2]
text: | Field | Type | Description |
|---|---|---|
| `Atm%Time` | `type(time_type)` | Current model time; passed to `diag_manager` `send_data` calls and to `fms_data_override`. |
| `Atm%Time_step` | `type(time_type)` | Atmospheric model timestep duration (`dt_atmos`). |
| `Atm%Time_init` | `type(time_type)` | Reference (initial) time for the model run. |
| `Atm%pelist` | `integer 1D` | List of MPI PE numbers on which the atmosphere is running. |
ntokens:    130
id: 468826977552565141
name: `atmos_data_type`/Time and PE Metadata Fields
sourcefile: AtmosDataType.md
is_chunked: True
ichunk: 2
chunks: [1, 2]
text: | `Atm%pe` | `logical` | `.true.` on PEs that are part of the atmosphere pelist; used to gate atmosphere-only code blocks. |  
---
ntokens:    320
id: 468826977552565142
name: `atmos_data_type`/Implicit Vertical Diffusion Coefficients (`Atm%Surf_diff`)
sourcefile: AtmosDataType.md
is_chunked: True
ichunk: 1
chunks: [1, 2, 3, 4, 5]
text: `Atm%Surf_diff` is of type `surf_diff_type`, defined in `atmos_phys/atmos_param/vert_diff/vert_diff.F90`. It carries the forward-elimination coefficients from the implicit vertical diffusion scheme that couples the atmosphere to the surface models.  
| Field | Type / Dimensions | Units | Description |
|---|---|---|---|
ntokens:    402
id: 468826977552565143
name: `atmos_data_type`/Implicit Vertical Diffusion Coefficients (`Atm%Surf_diff`)
sourcefile: AtmosDataType.md
is_chunked: True
ichunk: 2
chunks: [1, 2, 3, 4, 5]
text: |---|---|---|---|
| `Atm%Surf_diff%dtmass` | real 2D | s·m²/kg | `dt/mass` — ratio of the atmospheric timestep to the surface-layer air mass; scales flux tendencies to temperature/tracer tendencies. |
| `Atm%Surf_diff%dflux_t` | real 2D | W/m²/K | `d(sensible heat flux)/d(T_surf)` — linearisation of the surface heat flux with respect to surface temperature; used to form the implicit coupling term. |
ntokens:    485
id: 468826977552565144
name: `atmos_data_type`/Implicit Vertical Diffusion Coefficients (`Atm%Surf_diff`)
sourcefile: AtmosDataType.md
is_chunked: True
ichunk: 3
chunks: [1, 2, 3, 4, 5]
text: | `Atm%Surf_diff%delta_t` | real 2D | K | Forward-elimination coefficient for temperature from the implicit tridiagonal scheme; represents the accumulated atmospheric temperature forcing at the bottom level waiting for the surface response. |
| `Atm%Surf_diff%delta_u` | real 2D | m/s | Forward-elimination coefficient for zonal wind from the implicit scheme. |
| `Atm%Surf_diff%delta_v` | real 2D | m/s | Forward-elimination coefficient for meridional wind from the implicit scheme. |
ntokens:    494
id: 468826977552565145
name: `atmos_data_type`/Implicit Vertical Diffusion Coefficients (`Atm%Surf_diff`)
sourcefile: AtmosDataType.md
is_chunked: True
ichunk: 4
chunks: [1, 2, 3, 4, 5]
text: | `Atm%Surf_diff%dflux_tr` | real 3D | varies | `d(tracer flux)/d(tracer_surf)` — linearisation of tracer surface fluxes with respect to surface tracer concentration; third dimension indexes tracers. |
| `Atm%Surf_diff%delta_tr` | real 3D | varies | Forward-elimination coefficient for each tracer from the implicit scheme; third dimension indexes tracers. |
| `Atm%Surf_diff%tdt_dyn` | real 3D | K/s | Temperature tendency from dynamics (advection, etc.) passed through the diffusion scheme. |
ntokens:    400
id: 468826977552565146
name: `atmos_data_type`/Implicit Vertical Diffusion Coefficients (`Atm%Surf_diff`)
sourcefile: AtmosDataType.md
is_chunked: True
ichunk: 5
chunks: [1, 2, 3, 4, 5]
text: | `Atm%Surf_diff%qdt_dyn` | real 3D | kg/kg/s | Moisture tendency from dynamics. |
| `Atm%Surf_diff%dgz_dyn` | real 3D | m²/s³ | Geopotential height tendency from dynamics. |
| `Atm%Surf_diff%ddp_dyn` | real 3D | Pa/s | Pressure-thickness tendency from dynamics. |
| `Atm%Surf_diff%tdt_rad` | real 3D | K/s | Temperature tendency from radiation; used in MIZ (marginal ice zone) forecast mode. |  
---
ntokens:    485
id: 468826977552565147
name: `atmos_data_type`/Grid Geometry Fields (`Atm%grid`)
sourcefile: AtmosDataType.md
is_chunked: True
ichunk: 1
chunks: [1, 2, 3]
text: `Atm%grid` is of type `grid_box_type` defined in `FMS/exchange/xgrid`.  
| Field | Type / Dimensions | Units | Description |
|---|---|---|---|
| `Atm%grid%dx` | real 2D | m | Grid-box width in the x-direction. |
| `Atm%grid%dy` | real 2D | m | Grid-box width in the y-direction. |
| `Atm%grid%area` | real 2D | m² | Grid-box area. |
| `Atm%grid%edge_w` | real 1D | m | Western edge lengths of grid boxes along the boundary. |
| `Atm%grid%edge_e` | real 1D | m | Eastern edge lengths. |
ntokens:    346
id: 468826977552565148
name: `atmos_data_type`/Grid Geometry Fields (`Atm%grid`)
sourcefile: AtmosDataType.md
is_chunked: True
ichunk: 2
chunks: [1, 2, 3]
text: | `Atm%grid%edge_s` | real 1D | m | Southern edge lengths. |
| `Atm%grid%edge_n` | real 1D | m | Northern edge lengths. |
| `Atm%grid%en1` | real 3D | — | First unit normal vector at grid-box edges; used to project vector fields (winds, stresses) during remapping. |
| `Atm%grid%en2` | real 3D | — | Second unit normal vector at grid-box edges. |
ntokens:    279
id: 468826977552565149
name: `atmos_data_type`/Grid Geometry Fields (`Atm%grid`)
sourcefile: AtmosDataType.md
is_chunked: True
ichunk: 3
chunks: [1, 2, 3]
text: | `Atm%grid%vlon` | real 3D | — | Unit vector in the local longitude direction at each grid point; used to rotate between geographic and local coordinate frames during exchange. |
| `Atm%grid%vlat` | real 3D | — | Unit vector in the local latitude direction at each grid point. |
ntokens:    72
id: 468826977552565150
name: `ice_data_type` — Sea-Ice Model State (SIS2)/Overview
sourcefile: IceDataType.md
is_chunked: False
ichunk: 1
chunks: [1]
text: `ice_data_type` is the publicly visible face of the sea-ice model.  
---
ntokens:    412
id: 468826977552565151
name: `ice_data_type` — Sea-Ice Model State (SIS2)/PE and Domain Metadata
sourcefile: IceDataType.md
is_chunked: True
ichunk: 1
chunks: [1, 2, 3, 4, 5]
text: | Field | Type | Description |
|---|---|---|
| `Ice%pe` | logical | `.true.` on any PE that participates in ice computation (fast or slow). |
| `Ice%fast_ice_pe` | logical | `.true.` on PEs in the fast-ice pelist; these PEs handle atmosphere-timestep ice processes. |
| `Ice%slow_ice_pe` | logical | `.true.` on PEs in the slow-ice pelist; these PEs handle coupled-timestep ice dynamics and ice-ocean exchange. |
ntokens:    476
id: 468826977552565152
name: `ice_data_type` — Sea-Ice Model State (SIS2)/PE and Domain Metadata
sourcefile: IceDataType.md
is_chunked: True
ichunk: 2
chunks: [1, 2, 3, 4, 5]
text: | `Ice%shared_slow_fast_PEs` | logical | `.true.` when fast and slow ice use the same PE set and domain decomposition (`slow_ice_with_ocean=.false.`); `.false.` when slow ice runs on the ocean PEs. |
| `Ice%pelist` | `integer(:)` | Combined list of all ice PEs (union of fast and slow pelists); used for flux exchange. |
| `Ice%fast_pelist` | `integer(:)` | MPI PE numbers for fast-ice processes. |
| `Ice%slow_pelist` | `integer(:)` | MPI PE numbers for slow-ice processes. |
ntokens:    375
id: 468826977552565153
name: `ice_data_type` — Sea-Ice Model State (SIS2)/PE and Domain Metadata
sourcefile: IceDataType.md
is_chunked: True
ichunk: 3
chunks: [1, 2, 3, 4, 5]
text: | `Ice%Domain` | `type(domain2D)` | Copy of the fast-ice FMS domain without halos; used for exchange-grid setup. |
| `Ice%slow_Domain_NH` | `type(domain2D)` | Copy of the slow-ice FMS domain without halos; used for ice-ocean flux redistribution. |
| `Ice%fast_domain` | `type(domain2D)` (pointer) | Pointer to the fast-ice MPI domain (or an allocated copy on slow-ice PEs). |
ntokens:    458
id: 468826977552565154
name: `ice_data_type` — Sea-Ice Model State (SIS2)/PE and Domain Metadata
sourcefile: IceDataType.md
is_chunked: True
ichunk: 4
chunks: [1, 2, 3, 4, 5]
text: | `Ice%slow_domain` | `type(domain2D)` (pointer) | Pointer to the slow-ice MPI domain (or an allocated copy on fast-ice PEs). |
| `Ice%ocean_pt` | `logical(:,:)` | Mask array; `.true.` at ocean (non-land) points. |
| `Ice%xtype` | integer | Transfer mode for ice-ocean flux exchange: `DIRECT` (3) when ice and ocean share the same decomposition, `REDIST` (2) when they differ. |
| `Ice%axes` | `integer(3)` | Diag-manager axis IDs for the ice surface grid. |
ntokens:    82
id: 468826977552565155
name: `ice_data_type` — Sea-Ice Model State (SIS2)/PE and Domain Metadata
sourcefile: IceDataType.md
is_chunked: True
ichunk: 5
chunks: [1, 2, 3, 4, 5]
text: | `Ice%Time` | `type(time_type)` | The sea-ice model's current clock time. |  
---
ntokens:    499
id: 468826977552565156
name: `ice_data_type` — Sea-Ice Model State (SIS2)/Per-Category Surface Fields (Atmosphere–Ice Interface)
sourcefile: IceDataType.md
is_chunked: True
ichunk: 1
chunks: [1, 2, 3, 4]
text: These fields are 3D arrays where the third index holds the paritition (e.g., 1 for open water)  
| Field | Units | Description |
|---|---|---|
| `Ice%part_size` | dimensionless, 0–1 | Fractional coverage of the grid cell by each ice thickness category. |
| `Ice%t_surf` | K | Surface temperature of the ocean (category 1) or each ice thickness category. |
| `Ice%albedo` | dimensionless, 0–1 | Broadband surface albedo averaged across all wavelength and orientation bands within each ice category. |
ntokens:    489
id: 468826977552565157
name: `ice_data_type` — Sea-Ice Model State (SIS2)/Per-Category Surface Fields (Atmosphere–Ice Interface)
sourcefile: IceDataType.md
is_chunked: True
ichunk: 2
chunks: [1, 2, 3, 4]
text: | `Ice%albedo_vis_dir` | dimensionless | Surface albedo for direct visible shortwave radiation in each ice category. |
| `Ice%albedo_nir_dir` | dimensionless | Surface albedo for diffuse visible shortwave radiation in each ice category. |
| `Ice%albedo_vis_dif` | dimensionless | Surface albedo for direct near-infrared shortwave radiation in each ice category. |
| `Ice%albedo_nir_dif` | dimensionless | Surface albedo for diffuse near-infrared shortwave radiation in each ice category. |
ntokens:    443
id: 468826977552565158
name: `ice_data_type` — Sea-Ice Model State (SIS2)/Per-Category Surface Fields (Atmosphere–Ice Interface)
sourcefile: IceDataType.md
is_chunked: True
ichunk: 3
chunks: [1, 2, 3, 4]
text: | `Ice%rough_mom` | m | Surface roughness length for momentum at the ocean/ice surface, as provided by `ocean_rough_mod`. |
| `Ice%rough_heat` | m | Surface roughness length for heat at the ocean/ice surface. |
| `Ice%rough_moist` | m | Surface roughness length for moisture at the ocean/ice surface. |
| `Ice%u_surf` | m/s | Eastward surface velocity of the ocean (category 1) or sea ice; used as a lower boundary condition for wind stress. |
ntokens:    386
id: 468826977552565159
name: `ice_data_type` — Sea-Ice Model State (SIS2)/Per-Category Surface Fields (Atmosphere–Ice Interface)
sourcefile: IceDataType.md
is_chunked: True
ichunk: 4
chunks: [1, 2, 3, 4]
text: | `Ice%v_surf` | m/s | Northward surface velocity of the ocean (category 1) or sea ice. |
| `Ice%flux_uv_stagger` | integer | Staggering of `u_surf`/`v_surf` relative to tracer points; valid values are `AGRID`, `BGRID_NE`, `CGRID_NE`, `BGRID_SW`, `CGRID_SW` (Arakawa notation). Initialized to -999 so that a global max across all PEs propagates the correct value to non-ice PEs. |  
---
ntokens:    485
id: 468826977552565160
name: `ice_data_type` — Sea-Ice Model State (SIS2)/Scalar Ocean-Side Fields
sourcefile: IceDataType.md
is_chunked: False
ichunk: 1
chunks: [1]
text: | Field | Type / Dimensions | Units | Description |
|---|---|---|---|
| `Ice%s_surf` | real 2D | g salt/kg seawater | Ocean surface salinity. |
| `Ice%SST_C` | real 2D | °C | Ocean surface temperature; used in forecast mode. |
| `Ice%area` | real 2D | m² | Area of each ocean cell; land cells have area = 0 and this field can double as a mask. |
| `Ice%mi` | real 2D | kg/m² | Total ice + snow mass per unit area; passed to the ocean for pressure loading and to the wave model. |  
---
ntokens:    477
id: 468826977552565161
name: `ice_data_type` — Sea-Ice Model State (SIS2)/Ice-to-Ocean Flux Fields (Computed by the Slow-Ice Model)
sourcefile: IceDataType.md
is_chunked: True
ichunk: 1
chunks: [1, 2, 3, 4, 5]
text: | Field | Units | Description |
|---|---|---|
| `Ice%flux_u` | Pa | Flux of x-momentum into the ocean (zonal wind/ice stress). |
| `Ice%flux_v` | Pa | Flux of y-momentum into the ocean (meridional wind/ice stress). |
| `Ice%flux_t` | W/m² | Sensible heat flux out of the ocean. |
| `Ice%flux_q` | kg/m²/s | Evaporative moisture flux out of the ocean. |
| `Ice%flux_lh` | W/m² | Latent heat flux out of the ocean. |
| `Ice%flux_lw` | W/m² | Net longwave flux out of the ocean. |
ntokens:    445
id: 468826977552565162
name: `ice_data_type` — Sea-Ice Model State (SIS2)/Ice-to-Ocean Flux Fields (Computed by the Slow-Ice Model)
sourcefile: IceDataType.md
is_chunked: True
ichunk: 2
chunks: [1, 2, 3, 4, 5]
text: | `Ice%flux_sw_vis_dir` | W/m² | Direct visible shortwave heat flux into the ocean. |
| `Ice%flux_sw_vis_dif` | W/m² | Diffuse visible shortwave heat flux into the ocean. |
| `Ice%flux_sw_nir_dir` | W/m² | Direct near-infrared shortwave heat flux into the ocean. |
| `Ice%flux_sw_nir_dif` | W/m² | Diffuse near-infrared shortwave heat flux into the ocean. |
| `Ice%flux_salt` | kg/m²/s | Salt flux out of the ocean (brine rejection / melting). |
ntokens:    420
id: 468826977552565163
name: `ice_data_type` — Sea-Ice Model State (SIS2)/Ice-to-Ocean Flux Fields (Computed by the Slow-Ice Model)
sourcefile: IceDataType.md
is_chunked: True
ichunk: 3
chunks: [1, 2, 3, 4, 5]
text: | `Ice%salt_left_behind` | kg/m²/s | Salt remaining in the ocean during ice growth (not ejected as brine). |
| `Ice%lprec` | kg/m² | Liquid precipitation flux into the ocean. |
| `Ice%fprec` | kg/m² | Frozen precipitation flux into the ocean. |
| `Ice%runoff` | kg/m² | Liquid runoff from land into the ocean. |
| `Ice%runoff_hflx` | W/m² | Heat flux associated with liquid runoff, relative to a reference temperature. |
ntokens:    399
id: 468826977552565164
name: `ice_data_type` — Sea-Ice Model State (SIS2)/Ice-to-Ocean Flux Fields (Computed by the Slow-Ice Model)
sourcefile: IceDataType.md
is_chunked: True
ichunk: 4
chunks: [1, 2, 3, 4, 5]
text: | `Ice%runoff_carbon` | kg/m² | Carbon content of liquid runoff into the ocean. |
| `Ice%calving` | kg/m² | Calving of ice or frozen freshwater runoff into the ocean. |
| `Ice%calving_hflx` | W/m² | Heat flux associated with calving, relative to a reference temperature. |
| `Ice%p_surf` | Pa | Pressure at the ocean surface; may or may not include atmospheric pressure depending on configuration. |
ntokens:    148
id: 468826977552565165
name: `ice_data_type` — Sea-Ice Model State (SIS2)/Ice-to-Ocean Flux Fields (Computed by the Slow-Ice Model)
sourcefile: IceDataType.md
is_chunked: True
ichunk: 5
chunks: [1, 2, 3, 4, 5]
text: | `Ice%stress_mag` | Pa | Time-mean magnitude of the ice-ocean stress; passed to the ocean when `pass_stress_mag = .true.` in `SIS_slow_CS`. |  
---
ntokens:    428
id: 468826977552565166
name: `ice_data_type` — Sea-Ice Model State (SIS2)/Iceberg Fields
sourcefile: IceDataType.md
is_chunked: False
ichunk: 1
chunks: [1]
text: Allocated only when the iceberg module is active (`do_icebergs = .true.`).  
| Field | Type / Dimensions | Units | Description |
|---|---|---|---|
| `Ice%ustar_berg` | real 2D | m/s | Friction velocity contribution beneath icebergs; used for iceberg-ocean drag. |
| `Ice%area_berg` | real 2D | m²/m² | Fraction of the grid cell covered by icebergs. |
| `Ice%mass_berg` | real 2D | kg/m² | Mass of icebergs per unit area. |  
---
ntokens:    381
id: 468826977552565167
name: `ice_data_type` — Sea-Ice Model State (SIS2)/Gas Exchange and Tracer Fields
sourcefile: IceDataType.md
is_chunked: True
ichunk: 1
chunks: [1, 2]
text: | Field | Type | Description |
|---|---|---|
| `Ice%ocean_fields` | `type(coupler_3d_bc_type)` | Named surface-state fields shared with the atmosphere (SST, SSS, piston velocities, etc.) for atmosphere-ocean gas exchange; populated by `flux_ocean_to_ice`. |
| `Ice%ocean_fluxes` | `type(coupler_2d_bc_type)` | Computed gas fluxes from the ice to the ocean for additional tracers. |
ntokens:    163
id: 468826977552565168
name: `ice_data_type` — Sea-Ice Model State (SIS2)/Gas Exchange and Tracer Fields
sourcefile: IceDataType.md
is_chunked: True
ichunk: 2
chunks: [1, 2]
text: | `Ice%ocean_fluxes_top` | `type(coupler_3d_bc_type)` | Gas flux boundary conditions at the top of the ice (atmosphere side); flagged for eventual removal. |  
---
ntokens:    365
id: 468826977552565169
name: `ice_data_type` — Sea-Ice Model State (SIS2)/Private Control Structures
sourcefile: IceDataType.md
is_chunked: True
ichunk: 1
chunks: [1, 2, 3, 4]
text: These fields are private to the ice model and opaque to the coupler. They are listed here for reference only.  
| Field | Type | Description |
|---|---|---|
| `Ice%fCS` | `type(SIS_fast_CS)` (pointer) | Control structure for the SIS2 fast ice thermodynamics; lives on atmosphere PEs. Contains the fast-ice grid (`fCS%G`), diagnostics, and all fast-timestep state. |
ntokens:    403
id: 468826977552565170
name: `ice_data_type` — Sea-Ice Model State (SIS2)/Private Control Structures
sourcefile: IceDataType.md
is_chunked: True
ichunk: 2
chunks: [1, 2, 3, 4]
text: | `Ice%sCS` | `type(SIS_slow_CS)` (pointer) | Control structure for the SIS2 slow ice dynamics and thermodynamics; may live on ocean PEs when `slow_ice_with_ocean=.true.`. Contains the slow-ice grid (`sCS%G`), dynamics, tracer registry, and all slow-timestep state. |
| `Ice%icebergs` | `type(icebergs)` (pointer) | Control structure for the Lagrangian iceberg module; null when `do_icebergs=.false.`. |
ntokens:    426
id: 468826977552565171
name: `ice_data_type` — Sea-Ice Model State (SIS2)/Private Control Structures
sourcefile: IceDataType.md
is_chunked: True
ichunk: 3
chunks: [1, 2, 3, 4]
text: | `Ice%US` | `type(unit_scale_type)` (pointer) | SIS2 dimensional unit-scaling factors; converts between external MKS values and SIS2 internal non-dimensionalised units. |
| `Ice%Ice_restart` | `type(SIS_restart_CS)` (pointer) | Control structure for writing and reading slow-ice restart files. |
| `Ice%Ice_fast_restart` | `type(SIS_restart_CS)` (pointer) | Control structure for writing and reading fast-ice restart files. |
ntokens:    250
id: 468826977552565172
name: `ice_data_type` — Sea-Ice Model State (SIS2)/Private Control Structures
sourcefile: IceDataType.md
is_chunked: True
ichunk: 4
chunks: [1, 2, 3, 4]
text: | `Ice%OBC` | `type(ice_OBC_type)` (pointer) | Control structure for ice open boundary conditions; null when OBCs are not configured. |
| `Ice%restart_output_dir` | `character(240)` | Directory path for restart file output; default is `./RESTART/`. |
ntokens:    59
id: 468826977552565173
name: `land_data_type` — Land Model State (LM4)/Overview
sourcefile: LandDataType.md
is_chunked: False
ichunk: 1
chunks: [1]
text: `land_data_type` carries the state of the land model.  
---
ntokens:    390
id: 468826977552565174
name: `land_data_type` — Land Model State (LM4)/Surface State Fields
sourcefile: LandDataType.md
is_chunked: True
ichunk: 1
chunks: [1, 2]
text: Dimensioned `(grid_index, tile_number)`.  
| Field | Units | Description |
|---|---|---|
| `Land%tile_size` | dimensionless, 0–1 | Fractional coverage of the atmospheric grid cell by this tile; used to area-weight tile quantities back onto the atmosphere grid. |
| `Land%t_surf` | K | Ground (radiative) surface temperature; used in longwave radiation and sensible heat flux calculations. |
ntokens:    396
id: 468826977552565175
name: `land_data_type` — Land Model State (LM4)/Surface State Fields
sourcefile: LandDataType.md
is_chunked: True
ichunk: 2
chunks: [1, 2]
text: | `Land%t_ca` | K | Canopy air temperature — near-surface air temperature within the plant canopy layer; differs from `t_surf` over vegetated tiles. |
| `Land%tr` | — | Surface tracer mixing ratios on each tile, including canopy air specific humidity as the first tracer; additional tracers (e.g., CO₂) follow the tracer table order. Dimensioned `(grid_index, tile_number, tracer_index)`. |  
---
ntokens:    500
id: 468826977552565176
name: `land_data_type` — Land Model State (LM4)/Surface Albedo Fields
sourcefile: LandDataType.md
is_chunked: True
ichunk: 1
chunks: [1, 2]
text: Dimensioned `(grid_index, tile_number)`.  
| Field | Units | Description |
|---|---|---|
| `Land%albedo` | dimensionless | Broadband surface albedo; legacy field — per-band albedos below are preferred. |
| `Land%albedo_vis_dir` | dimensionless | Surface albedo for direct-beam visible radiation (0.2–0.7 µm). |
| `Land%albedo_nir_dir` | dimensionless | Surface albedo for direct-beam near-infrared radiation. |
| `Land%albedo_vis_dif` | dimensionless | Surface albedo for diffuse visible radiation. |
ntokens:    101
id: 468826977552565177
name: `land_data_type` — Land Model State (LM4)/Surface Albedo Fields
sourcefile: LandDataType.md
is_chunked: True
ichunk: 2
chunks: [1, 2]
text: | `Land%albedo_nir_dif` | dimensionless | Surface albedo for diffuse near-infrared radiation. |  
---
ntokens:    407
id: 468826977552565178
name: `land_data_type` — Land Model State (LM4)/Surface Roughness Fields
sourcefile: LandDataType.md
is_chunked: False
ichunk: 1
chunks: [1]
text: Dimensioned `(grid_index, tile_number)`.  
| Field | Units | Description |
|---|---|---|
| `Land%rough_mom` | m | Surface roughness length for momentum; used in Monin-Obukhov flux calculations. |
| `Land%rough_heat` | m | Surface roughness length for heat and tracers. |
| `Land%rough_scale` | dimensionless | Topographic form-drag scaling factor for momentum; accounts for sub-grid orographic drag. |  
---
ntokens:    463
id: 468826977552565179
name: `land_data_type` — Land Model State (LM4)/Land Discharge and Runoff Fields
sourcefile: LandDataType.md
is_chunked: False
ichunk: 1
chunks: [1]
text: Dimensioned `(lon, lat)`.  
| Field | Units | Description |
|---|---|---|
| `Land%discharge` | kg/m²/s | Liquid water discharge (river runoff) from land to ocean. |
| `Land%discharge_heat` | W/m² | Sensible heat carried by liquid discharge, using 0 °C as datum. |
| `Land%discharge_snow` | kg/m²/s | Solid water (snow/ice) discharge from land to ocean. |
| `Land%discharge_snow_heat` | W/m² | Sensible heat carried by solid discharge, using 0 °C as datum. |  
---
ntokens:    423
id: 468826977552565180
name: `land_data_type` — Land Model State (LM4)/Domain and PE Metadata
sourcefile: LandDataType.md
is_chunked: True
ichunk: 1
chunks: [1, 2]
text: | Field | Type | Description |
|---|---|---|
| `Land%mask` | `logical 2D` | `.true.` where the grid cell contains land; used to gate land-only computations. |
| `Land%axes(1)` | integer | Diag-manager axis ID for the unstructured land grid; used when registering tiled land diagnostics. |
| `Land%domain` | `type(domain2D)` | FMS structured-grid domain for the land model; used for halo exchanges and exchange-grid setup. |
ntokens:    348
id: 468826977552565181
name: `land_data_type` — Land Model State (LM4)/Domain and PE Metadata
sourcefile: LandDataType.md
is_chunked: True
ichunk: 2
chunks: [1, 2]
text: | `Land%ug_domain` | `type(domainUG)` | FMS unstructured-grid domain for the land model; carries the tile-based decomposition used by LM4. |
| `Land%pelist` | `integer 1D` | List of MPI PE numbers on which the land model is running. |
| `Land%pe` | logical | `.true.` on PEs that are part of the land pelist; used to gate land stock calculations. |
ntokens:    141
id: 468826977552565182
name: `ocean_public_type` — Ocean Model Public Surface Fields (MOM6)/Overview
sourcefile: OceanPublicType.md
is_chunked: False
ichunk: 1
chunks: [1]
text: `ocean_public_type` is the publicly visible face of the MOM6 ocean model and is used to communicate with other
components in the model.  
---
ntokens:    427
id: 468826977552565183
name: `ocean_public_type` — Ocean Model Public Surface Fields (MOM6)/Domain and PE Metadata
sourcefile: OceanPublicType.md
is_chunked: True
ichunk: 1
chunks: [1, 2, 3]
text: | Field | Type | Description |
|---|---|---|
| `Ocean%Domain` | `type(domain2d)` | FMS domain decomposition for the ocean surface fields; defines the MPI tile layout used for coupler remapping. |
| `Ocean%is_ocean_pe` | logical | `.true.` on processors that run the ocean model; used throughout the coupler to gate ocean-only code paths. |
| `Ocean%pelist` | `integer(:)` | List of MPI PE numbers assigned to the ocean model. |
ntokens:    397
id: 468826977552565184
name: `ocean_public_type` — Ocean Model Public Surface Fields (MOM6)/Domain and PE Metadata
sourcefile: OceanPublicType.md
is_chunked: True
ichunk: 2
chunks: [1, 2, 3]
text: | `Ocean%maskmap` | `logical(:,:)` (pointer) | Mask indicating which logical processors are active for ocean computation; logical processors covering all-land points may not be mapped to physical PEs. Need not be set if all processors are used. |
| `Ocean%instance_name` | `character(32)` | Optional name identifying this ocean model instance; used in ensemble runs to disambiguate log messages. |
ntokens:    302
id: 468826977552565185
name: `ocean_public_type` — Ocean Model Public Surface Fields (MOM6)/Domain and PE Metadata
sourcefile: OceanPublicType.md
is_chunked: True
ichunk: 3
chunks: [1, 2, 3]
text: | `Ocean%stagger` | integer | Arakawa staggering of the surface velocity components (`u_surf`, `v_surf`) relative to tracer points. Valid values: `AGRID`, `BGRID_NE`, `CGRID_NE`, `BGRID_SW`, `CGRID_SW`. Set to -999 before initialization so a global max can propagate the value to non-ocean PEs. |  
---
ntokens:    377
id: 468826977552565186
name: `ocean_public_type` — Ocean Model Public Surface Fields (MOM6)/Ocean Surface State Fields
sourcefile: OceanPublicType.md
is_chunked: True
ichunk: 1
chunks: [1, 2, 3]
text: | Field | Units | Description |
|---|---|---|
| `Ocean%t_surf` | K | Sea-surface temperature (SST) on tracer (T) cells. |
| `Ocean%s_surf` | ppt | Sea-surface salinity (SSS) on T cells. |
| `Ocean%u_surf` | m/s | Surface current i-velocity at the locations indicated by `stagger`. |
| `Ocean%v_surf` | m/s | Surface current j-velocity at the locations indicated by `stagger`. |
ntokens:    476
id: 468826977552565187
name: `ocean_public_type` — Ocean Model Public Surface Fields (MOM6)/Ocean Surface State Fields
sourcefile: OceanPublicType.md
is_chunked: True
ichunk: 2
chunks: [1, 2, 3]
text: | `Ocean%sea_lev` | m | Sea level corrected for surface pressure: `dzt(1) + η + p_atm/(ρ₀g)`; passed to the ice model as `sea_level`. |
| `Ocean%frazil` | J/m² | Accumulated heating from frazil ice formation in the ocean since the last coupling step; delivered to the ice model so it can account for ocean-side freezing. |
| `Ocean%melt_potential` | J/m² | Instantaneous heat available to melt sea ice from below; computed when the ocean boundary layer depth exceeds `HFrz`. |
ntokens:    228
id: 468826977552565188
name: `ocean_public_type` — Ocean Model Public Surface Fields (MOM6)/Ocean Surface State Fields
sourcefile: OceanPublicType.md
is_chunked: True
ichunk: 3
chunks: [1, 2, 3]
text: | `Ocean%OBLD` | m | Ocean boundary layer depth; used to determine the depth over which melt potential is computed. |
| `Ocean%area` | m² | Grid-cell area of each ocean surface cell; used for conservative flux remapping. |  
---
ntokens:    246
id: 468826977552565189
name: `ocean_public_type` — Ocean Model Public Surface Fields (MOM6)/Calving Fields
sourcefile: OceanPublicType.md
is_chunked: False
ichunk: 1
chunks: [1]
text: | Field | Units | Description |
|---|---|---|
| `Ocean%calving` | kg/m² | Mass per unit area of ice-shelf flux to be converted to icebergs; passed to the iceberg module. |
| `Ocean%calving_hflx` | W/m² | Heat flux associated with calving. |  
---
ntokens:    454
id: 468826977552565190
name: `ocean_public_type` — Ocean Model Public Surface Fields (MOM6)/Tracer and Diagnostic Fields
sourcefile: OceanPublicType.md
is_chunked: True
ichunk: 1
chunks: [1, 2]
text: | Field | Type | Description |
|---|---|---|
| `Ocean%fields` | `type(coupler_2d_bc_type)` | Named arrays of tracer-related ocean surface fields (e.g., pCO₂, O₂ saturation) used in atmosphere-ocean gas flux calculations; populated by `atmos_ocean_fluxes_calc`. |
| `Ocean%avg_kount` | integer | Counter tracking the number of contributions accumulated in the running averages stored in this type; used externally by FMSCoupler to manage time averaging. |
ntokens:    101
id: 468826977552565191
name: `ocean_public_type` — Ocean Model Public Surface Fields (MOM6)/Tracer and Diagnostic Fields
sourcefile: OceanPublicType.md
is_chunked: True
ichunk: 2
chunks: [1, 2]
text: | `Ocean%axes(2)` | `integer(2)` | Diag-manager axis IDs available for I/O using this surface data. |
ntokens:    276
id: 468826977552565192
name: `atmos_ice_boundary_type` — Atmosphere-to-Ice Boundary Fields/Overview
sourcefile: AtmosIceBoundaryType.md
is_chunked: False
ichunk: 1
chunks: [1]
text: `atmos_ice_boundary_type` holds all data passed from atm to the sea-ice. An instance named `Atmos_ice_boundary` is declared in `coupler_main.F90`. Fields are 3D arrays dimensioned `(:, :, n_categories)` where the third dimension indexes the sea-ice thickness categories.  
---
ntokens:    476
id: 468826977552565193
name: `atmos_ice_boundary_type` — Atmosphere-to-Ice Boundary Fields/Wind Stress Fields
sourcefile: AtmosIceBoundaryType.md
is_chunked: False
ichunk: 1
chunks: [1]
text: All fields are real 3D arrays on an A-grid not rotated to the model grid.  
| Field | Units | Description |
|---|---|---|
| `Atmos_ice_boundary%u_flux` | Pa | True-eastward wind stress from the atmosphere to the ocean or ice in each thickness category |
| `Atmos_ice_boundary%v_flux` | Pa | True-northward wind stress from the atmosphere to the ocean or ice in each thickness category. |
| `Atmos_ice_boundary%u_star` | Pa | Atmospheric friction velocity on an A-grid. |  
---
ntokens:    337
id: 468826977552565194
name: `atmos_ice_boundary_type` — Atmosphere-to-Ice Boundary Fields/Sensible Heat and Moisture Flux Fields
sourcefile: AtmosIceBoundaryType.md
is_chunked: False
ichunk: 1
chunks: [1]
text: | Field | Type / Dimensions | Units | Description |
|---|---|---|---|
| `Atmos_ice_boundary%t_flux` | real 3D | W/m² | Net sensible heat flux from the ocean or ice surface into the atmosphere. |
| `Atmos_ice_boundary%q_flux` | real 3D | kg/m²/s | Moisture flux from the ice or ocean to the atmosphere due to evaporation or sublimation. |
ntokens:    404
id: 468826977552565195
name: `atmos_ice_boundary_type` — Atmosphere-to-Ice Boundary Fields/Derivative terms
sourcefile: AtmosIceBoundaryType.md
is_chunked: True
ichunk: 1
chunks: [1, 2]
text: | Field | Type / Dimensions | Units | Description |
|---|---|---|---|
| `Atmos_ice_boundary%dhdt` | real 3D | W/m²/°C | `d(upward sensible heat flux)/d(T_surf)` — derivative of sensible heat flux with respect to surface temperature. |
| `Atmos_ice_boundary%dedt` | real 3D | kg/m²/s/°C | `d(sublimation+evaporation rate)/d(T_surf)` — derivative of the moisture flux with respect to surface temperature. |
ntokens:    179
id: 468826977552565196
name: `atmos_ice_boundary_type` — Atmosphere-to-Ice Boundary Fields/Derivative terms
sourcefile: AtmosIceBoundaryType.md
is_chunked: True
ichunk: 2
chunks: [1, 2]
text: | `Atmos_ice_boundary%drdt` | real 3D | W/m²/°C | `d(net upward longwave flux)/d(T_surf)` — derivative of the net upward longwave flux with respect to surface temperature. |  
---
ntokens:    435
id: 468826977552565197
name: `atmos_ice_boundary_type` — Atmosphere-to-Ice Boundary Fields/Radiation Flux Fields
sourcefile: AtmosIceBoundaryType.md
is_chunked: True
ichunk: 1
chunks: [1, 2, 3]
text: All fields are real 3D arrays.  
| Field | Units | Description |
|---|---|---|
| `Atmos_ice_boundary%lw_flux` | W/m² | Net downward longwave radiation flux from the atmosphere into the ice or ocean. |
| `Atmos_ice_boundary%sw_flux_vis_dir` | W/m² | Net direct visible shortwave radiation flux into the ice or ocean. |
| `Atmos_ice_boundary%sw_flux_vis_dif` | W/m² | Net diffuse visible shortwave radiation flux into the ice or ocean. |
ntokens:    487
id: 468826977552565198
name: `atmos_ice_boundary_type` — Atmosphere-to-Ice Boundary Fields/Radiation Flux Fields
sourcefile: AtmosIceBoundaryType.md
is_chunked: True
ichunk: 2
chunks: [1, 2, 3]
text: | `Atmos_ice_boundary%sw_flux_nir_dir` | W/m² | Net direct near-infrared shortwave radiation flux into the ice or ocean. |
| `Atmos_ice_boundary%sw_flux_nir_dif` | W/m² | Net diffuse near-infrared shortwave radiation flux into the ice or ocean. |
| `Atmos_ice_boundary%sw_down_vis_dir` | W/m² | Downward direct visible shortwave radiation flux from the atmosphere. |
| `Atmos_ice_boundary%sw_down_vis_dif` | W/m² | Downward diffuse visible shortwave radiation flux from the atmosphere. |
ntokens:    446
id: 468826977552565199
name: `atmos_ice_boundary_type` — Atmosphere-to-Ice Boundary Fields/Radiation Flux Fields
sourcefile: AtmosIceBoundaryType.md
is_chunked: True
ichunk: 3
chunks: [1, 2, 3]
text: | `Atmos_ice_boundary%sw_down_nir_dir` | W/m² | Downward direct near-infrared shortwave radiation flux from the atmosphere. |
| `Atmos_ice_boundary%sw_down_nir_dif` | W/m² | Downward diffuse near-infrared shortwave radiation flux from the atmosphere. |
| `Atmos_ice_boundary%coszen` | dimensionless (≤ 1) | Cosine of the solar zenith angle averaged over the next radiation timestep (not the timestep used to compute the `sw_flux` fields). |  
---
ntokens:    312
id: 468826977552565200
name: `atmos_ice_boundary_type` — Atmosphere-to-Ice Boundary Fields/Precipitation Fields
sourcefile: AtmosIceBoundaryType.md
is_chunked: True
ichunk: 1
chunks: [1, 2]
text: | Field | Type / Dimensions | Units | Description |
|---|---|---|---|
| `Atmos_ice_boundary%lprec` | real 3D | kg/m²/s | Liquid precipitation (rain) from the atmosphere onto the ice or ocean in each thickness category. Rain falling on snow is currently assumed to drain directly through the ice into the ocean. |
ntokens:    216
id: 468826977552565201
name: `atmos_ice_boundary_type` — Atmosphere-to-Ice Boundary Fields/Precipitation Fields
sourcefile: AtmosIceBoundaryType.md
is_chunked: True
ichunk: 2
chunks: [1, 2]
text: | `Atmos_ice_boundary%fprec` | real 3D | kg/m²/s | Frozen precipitation (snowfall, sleet, hail, graupel) from the atmosphere to the ice or ocean. All forms of frozen precipitation are treated as snow in SIS2. |  
---
ntokens:    429
id: 468826977552565202
name: `atmos_ice_boundary_type` — Atmosphere-to-Ice Boundary Fields/Metadata and Transfer Fields
sourcefile: AtmosIceBoundaryType.md
is_chunked: False
ichunk: 1
chunks: [1]
text: | Field | Type | Description |
|---|---|---|
| `Atmos_ice_boundary%p` | real 3D | Atmospheric surface pressure [Pa]; typically ~1×10⁵ Pa. |
| `Atmos_ice_boundary%xtype` | integer | Transfer mode for the atmosphere-to-ice exchange: `REGRID` (1), `REDIST` (2), or `DIRECT` (3). |
| `Atmos_ice_boundary%fluxes` | `type(coupler_3d_bc_type)` | Array of additional per-tracer gas and deposition fluxes from the atmosphere to the ice. |
ntokens:    260
id: 468826977552565203
name: `atmos_land_boundary_type` — Atmosphere-to-Land Boundary Fields/Overview
sourcefile: AtmosLandBoundaryType.md
is_chunked: False
ichunk: 1
chunks: [1]
text: `atmos_land_boundary_type` carries all data passed from atmos to the land model (LM4).  All fields are pointers dimensioned `(grid_index, tile_number)` unless noted otherwise; the tile dimension supports LM4's unstructured multi-tile land representation.  
---
ntokens:    497
id: 468826977552565204
name: `atmos_land_boundary_type` — Atmosphere-to-Land Boundary Fields/Radiation Flux Fields
sourcefile: AtmosLandBoundaryType.md
is_chunked: True
ichunk: 1
chunks: [1, 2, 3]
text: These fields are real 2D arrays in W/m², dimensioned `(grid_index, tile_number)`.  
| Field | Units | Description |
|---|---|---|
| `Atmos_land_boundary%t_flux` | W/m² | Sensible heat flux into the land surface. |
| `Atmos_land_boundary%lw_flux` | W/m² | Net longwave radiation flux at the land surface. |
| `Atmos_land_boundary%lwdn_flux` | W/m² | Downward longwave radiation flux at the land surface. |
| `Atmos_land_boundary%sw_flux` | W/m² | Net shortwave radiation flux at the land surface. |
ntokens:    410
id: 468826977552565205
name: `atmos_land_boundary_type` — Atmosphere-to-Land Boundary Fields/Radiation Flux Fields
sourcefile: AtmosLandBoundaryType.md
is_chunked: True
ichunk: 2
chunks: [1, 2, 3]
text: | `Atmos_land_boundary%swdn_flux` | W/m² | Downward shortwave radiation flux at the land surface. |
| `Atmos_land_boundary%sw_flux_down_vis_dir` | W/m² | Downward direct-beam visible shortwave flux. |
| `Atmos_land_boundary%sw_flux_down_total_dir` | W/m² | Downward direct-beam total (broadband) shortwave flux. |
| `Atmos_land_boundary%sw_flux_down_vis_dif` | W/m² | Downward diffuse visible shortwave flux. |
ntokens:    114
id: 468826977552565206
name: `atmos_land_boundary_type` — Atmosphere-to-Land Boundary Fields/Radiation Flux Fields
sourcefile: AtmosLandBoundaryType.md
is_chunked: True
ichunk: 3
chunks: [1, 2, 3]
text: | `Atmos_land_boundary%sw_flux_down_total_dif` | W/m² | Downward diffuse total (broadband) shortwave flux. |  
---
ntokens:    315
id: 468826977552565207
name: `atmos_land_boundary_type` — Atmosphere-to-Land Boundary Fields/Precipitation Fields
sourcefile: AtmosLandBoundaryType.md
is_chunked: False
ichunk: 1
chunks: [1]
text: | Field | Type / Dimensions | Units | Description |
|---|---|---|---|
| `Atmos_land_boundary%lprec` | real 2D | kg/m²/s | Liquid precipitation rate. |
| `Atmos_land_boundary%fprec` | real 2D | kg/m²/s | Frozen precipitation rate. |
| `Atmos_land_boundary%tprec` | real 2D | K | Temperature of precipitation. |  
---
ntokens:    397
id: 468826977552565208
name: `atmos_land_boundary_type` — Atmosphere-to-Land Boundary Fields/Derive terms
sourcefile: AtmosLandBoundaryType.md
is_chunked: True
ichunk: 1
chunks: [1, 2]
text: | Field | Type / Dimensions | Units | Description |
|---|---|---|---|
| `Atmos_land_boundary%dhdt` | real 2D | W/m²/K | `d(sensible heat flux)/d(T_surf)` — derivative of sensible heat flux with respect to surface temperature. |
| `Atmos_land_boundary%dhdq` | real 2D | W/m²/(kg/kg) | `d(sensible heat flux)/d(q_surf)` — derivative of sensible heat flux with respect to surface specific humidity. |
ntokens:    163
id: 468826977552565209
name: `atmos_land_boundary_type` — Atmosphere-to-Land Boundary Fields/Derive terms
sourcefile: AtmosLandBoundaryType.md
is_chunked: True
ichunk: 2
chunks: [1, 2]
text: | `Atmos_land_boundary%drdt` | real 2D | W/m²/K | `d(longwave flux)/d(T_surf)` — derivative of longwave flux with respect to surface radiative temperature. |  
---
ntokens:    445
id: 468826977552565210
name: `atmos_land_boundary_type` — Atmosphere-to-Land Boundary Fields/Turbulence and Surface Layer Fields
sourcefile: AtmosLandBoundaryType.md
is_chunked: True
ichunk: 1
chunks: [1, 2]
text: All fields are real 2D arrays dimensioned `(grid_index, tile_number)`.  
| Field | Units | Description |
|---|---|---|
| `Atmos_land_boundary%cd_m` | dimensionless | Drag coefficient for momentum. |
| `Atmos_land_boundary%cd_t` | dimensionless | Drag coefficient for tracers (heat and moisture). |
| `Atmos_land_boundary%ustar` | m/s | Turbulent wind scale (friction velocity). |
| `Atmos_land_boundary%bstar` | m/s | Turbulent buoyancy scale. |
ntokens:    426
id: 468826977552565211
name: `atmos_land_boundary_type` — Atmosphere-to-Land Boundary Fields/Turbulence and Surface Layer Fields
sourcefile: AtmosLandBoundaryType.md
is_chunked: True
ichunk: 2
chunks: [1, 2]
text: | `Atmos_land_boundary%wind` | m/s | Absolute wind speed at the bottom of the atmospheric layer. |
| `Atmos_land_boundary%z_bot` | m | Height of the bottom atmospheric layer above the land surface. |
| `Atmos_land_boundary%drag_q` | m/s | Product of the moisture drag coefficient and wind speed (`cd_q × wind`); used in land surface moisture flux calculations. |
| `Atmos_land_boundary%p_surf` | Pa | Surface pressure. |  
---
ntokens:    451
id: 468826977552565212
name: `atmos_land_boundary_type` — Atmosphere-to-Land Boundary Fields/Tracer Flux Fields
sourcefile: AtmosLandBoundaryType.md
is_chunked: False
ichunk: 1
chunks: [1]
text: Dimensioned `(grid_index, tile_number, tracer_index)`.  
| Field | Units | Description |
|---|---|---|
| `Atmos_land_boundary%tr_flux` | tracer units · kg air / (m²·s) | Flux of each tracer into the land surface, including water vapor flux. |
| `Atmos_land_boundary%dfdtr` | varies | `d(tracer flux)/d(tracer_surf)` — derivative of the tracer flux with respect to the surface tracer value, including evaporation over surface specific humidity. |  
---
ntokens:    184
id: 468826977552565213
name: `atmos_land_boundary_type` — Atmosphere-to-Land Boundary Fields/Metadata Field
sourcefile: AtmosLandBoundaryType.md
is_chunked: False
ichunk: 1
chunks: [1]
text: | Field | Type | Description |
|---|---|---|
| `Atmos_land_boundary%xtype` | integer | Transfer mode for the atmosphere-to-land exchange: `REGRID` (1), `REDIST` (2), or `DIRECT` (3). |
ntokens:    312
id: 468826977552565214
name: `ice_ocean_boundary_type` — Ice-to-Ocean Boundary Fields/Overview
sourcefile: IceOceanBoundaryType.md
is_chunked: False
ichunk: 1
chunks: [1]
text: `ice_ocean_boundary_type` holds all surface forcing passed from the sea-ice model to the ocean model.
All fields are 2D arrays unless otherwise noted.  Some fields are only present in the FMS coupler cap;
others only in the NUOPC cap. These are labelled `(FMS cap only)` or `(NUOPC cap only)` respectively.  
---
ntokens:    439
id: 468826977552565215
name: `ice_ocean_boundary_type` — Ice-to-Ocean Boundary Fields/Wind Stress Fields
sourcefile: IceOceanBoundaryType.md
is_chunked: True
ichunk: 1
chunks: [1, 2]
text: | Field | Type / Dimensions | Units | Description |
|---|---|---|---|
| `Ice_ocean_boundary%u_flux` | real 2D | Pa | i-direction wind/ice stress on the ocean surface. |
| `Ice_ocean_boundary%v_flux` | real 2D | Pa | j-direction wind/ice stress on the ocean surface. |
| `Ice_ocean_boundary%stress_mag` | real 2D | Pa | Time-mean magnitude of the stress on the ocean; present when `pass_stress_mag=.true.` in `SIS_slow_CS`. (FMS cap only) |
ntokens:    348
id: 468826977552565216
name: `ice_ocean_boundary_type` — Ice-to-Ocean Boundary Fields/Wind Stress Fields
sourcefile: IceOceanBoundaryType.md
is_chunked: True
ichunk: 2
chunks: [1, 2]
text: | `Ice_ocean_boundary%wind_stagger` | integer | — | Spatial discretization of the wind stresses; may be set by the flux-exchange code based on what the sea-ice model provides, otherwise taken from the surface forcing control structure. |
| `Ice_ocean_boundary%u10_sqr` | real 2D | m²/s² | Wind speed squared at 10 m height. (NUOPC cap only) |  
---
ntokens:    474
id: 468826977552565217
name: `ice_ocean_boundary_type` — Ice-to-Ocean Boundary Fields/Heat Flux Fields
sourcefile: IceOceanBoundaryType.md
is_chunked: True
ichunk: 1
chunks: [1, 2, 3, 4, 5]
text: | Field | Type / Dimensions | Units | Description |
|---|---|---|---|
| `Ice_ocean_boundary%t_flux` | real 2D | W/m² | Sensible heat flux into the ocean. |
| `Ice_ocean_boundary%lw_flux` | real 2D | W/m² | Net longwave radiation flux into the ocean. |
| `Ice_ocean_boundary%sw_flux_vis_dir` | real 2D | W/m² | Direct visible shortwave radiation into the ocean. |
| `Ice_ocean_boundary%sw_flux_vis_dif` | real 2D | W/m² | Diffuse visible shortwave radiation into the ocean. |
ntokens:    353
id: 468826977552565218
name: `ice_ocean_boundary_type` — Ice-to-Ocean Boundary Fields/Heat Flux Fields
sourcefile: IceOceanBoundaryType.md
is_chunked: True
ichunk: 2
chunks: [1, 2, 3, 4, 5]
text: | `Ice_ocean_boundary%sw_flux_nir_dir` | real 2D | W/m² | Direct near-infrared shortwave radiation into the ocean. |
| `Ice_ocean_boundary%sw_flux_nir_dif` | real 2D | W/m² | Diffuse near-infrared shortwave radiation into the ocean. |
| `Ice_ocean_boundary%seaice_melt_heat` | real 2D | W/m² | Heat flux from sea ice and snow melting. (NUOPC cap only) |
ntokens:    466
id: 468826977552565219
name: `ice_ocean_boundary_type` — Ice-to-Ocean Boundary Fields/Heat Flux Fields
sourcefile: IceOceanBoundaryType.md
is_chunked: True
ichunk: 3
chunks: [1, 2, 3, 4, 5]
text: | `Ice_ocean_boundary%swnet_afracr` | real 2D | W/m² | Net shortwave radiation multiplied by the atmosphere fraction, positive into the ocean. (NUOPC cap only) |
| `Ice_ocean_boundary%swpen_ifrac_n` | real 3D | W/m² | Net shortwave radiation penetrating into ice and ocean, multiplied by ice fraction per thickness category; third dimension indexes ice categories. (NUOPC cap only) |
| `Ice_ocean_boundary%hrofl` | real 2D | W/m² | Heat content from liquid runoff. |
ntokens:    428
id: 468826977552565220
name: `ice_ocean_boundary_type` — Ice-to-Ocean Boundary Fields/Heat Flux Fields
sourcefile: IceOceanBoundaryType.md
is_chunked: True
ichunk: 4
chunks: [1, 2, 3, 4, 5]
text: | `Ice_ocean_boundary%hrofi` | real 2D | W/m² | Heat content from frozen runoff (calving). |
| `Ice_ocean_boundary%hrofl_glc` | real 2D | W/m² | Heat content from liquid glacier runoff via the river-routing model. |
| `Ice_ocean_boundary%hrofi_glc` | real 2D | W/m² | Heat content from frozen glacier runoff via the river-routing model. |
| `Ice_ocean_boundary%hrain` | real 2D | W/m² | Heat content from liquid precipitation. |
ntokens:    258
id: 468826977552565221
name: `ice_ocean_boundary_type` — Ice-to-Ocean Boundary Fields/Heat Flux Fields
sourcefile: IceOceanBoundaryType.md
is_chunked: True
ichunk: 5
chunks: [1, 2, 3, 4, 5]
text: | `Ice_ocean_boundary%hsnow` | real 2D | W/m² | Heat content from frozen precipitation. |
| `Ice_ocean_boundary%hevap` | real 2D | W/m² | Heat content from evaporation. |
| `Ice_ocean_boundary%hcond` | real 2D | W/m² | Heat content from condensation. |  
---
ntokens:    458
id: 468826977552565222
name: `ice_ocean_boundary_type` — Ice-to-Ocean Boundary Fields/Freshwater and Salt Flux Fields
sourcefile: IceOceanBoundaryType.md
is_chunked: True
ichunk: 1
chunks: [1, 2]
text: | Field | Type / Dimensions | Units | Description |
|---|---|---|---|
| `Ice_ocean_boundary%q_flux` | real 2D | kg/m²/s | Specific humidity (freshwater) flux into the ocean. |
| `Ice_ocean_boundary%salt_flux` | real 2D | kg/m²/s | Salt flux from sea ice into the ocean (brine rejection / melting). |
| `Ice_ocean_boundary%excess_salt` | real 2D | kg/m²/s | Salt left behind in the ocean by brine rejection rather than ejected as a salt flux. (FMS cap only) |
ntokens:    331
id: 468826977552565223
name: `ice_ocean_boundary_type` — Ice-to-Ocean Boundary Fields/Freshwater and Salt Flux Fields
sourcefile: IceOceanBoundaryType.md
is_chunked: True
ichunk: 2
chunks: [1, 2]
text: | `Ice_ocean_boundary%seaice_melt` | real 2D | kg/m²/s | Water flux due to sea ice and snow melting. (NUOPC cap only) |
| `Ice_ocean_boundary%lprec` | real 2D | kg/m²/s | Mass flux of liquid precipitation into the ocean. |
| `Ice_ocean_boundary%fprec` | real 2D | kg/m²/s | Mass flux of frozen precipitation into the ocean. |  
---
ntokens:    468
id: 468826977552565224
name: `ice_ocean_boundary_type` — Ice-to-Ocean Boundary Fields/Land Runoff and Calving Fields/FMS cap
sourcefile: IceOceanBoundaryType.md
is_chunked: True
ichunk: 1
chunks: [1, 2]
text: | Field | Units | Description |
|---|---|---|
| `Ice_ocean_boundary%runoff` | kg/m²/s | Mass flux of liquid runoff from land into the ocean. |
| `Ice_ocean_boundary%runoff_carbon` | kg/m²/s | Mass flux of carbon carried by liquid runoff. |
| `Ice_ocean_boundary%runoff_hflx` | W/m² | Heat content of liquid runoff relative to 0 °C. |
| `Ice_ocean_boundary%calving` | kg/m²/s | Mass flux of frozen runoff (calving) into the ocean; offered first to icebergs if active. |
ntokens:    94
id: 468826977552565225
name: `ice_ocean_boundary_type` — Ice-to-Ocean Boundary Fields/Land Runoff and Calving Fields/FMS cap
sourcefile: IceOceanBoundaryType.md
is_chunked: True
ichunk: 2
chunks: [1, 2]
text: | `Ice_ocean_boundary%calving_hflx` | W/m² | Heat content of frozen runoff relative to 0 °C. |
ntokens:    397
id: 468826977552565226
name: `ice_ocean_boundary_type` — Ice-to-Ocean Boundary Fields/Land Runoff and Calving Fields/NUOPC cap
sourcefile: IceOceanBoundaryType.md
is_chunked: False
ichunk: 1
chunks: [1]
text: | Field | Units | Description |
|---|---|---|
| `Ice_ocean_boundary%lrunoff` | kg/m²/s | Liquid runoff. |
| `Ice_ocean_boundary%frunoff` | kg/m²/s | Frozen (ice) runoff. |
| `Ice_ocean_boundary%lrunoff_glc` | kg/m²/s | Liquid glacier runoff delivered via the river-routing model. |
| `Ice_ocean_boundary%frunoff_glc` | kg/m²/s | Frozen glacier runoff delivered via the river-routing model. |  
---
ntokens:    468
id: 468826977552565227
name: `ice_ocean_boundary_type` — Ice-to-Ocean Boundary Fields/Pressure, Mass Loading, and Sea-Ice State
sourcefile: IceOceanBoundaryType.md
is_chunked: True
ichunk: 1
chunks: [1, 2, 3]
text: | Field | Type / Dimensions | Units | Description |
|---|---|---|---|
| `Ice_ocean_boundary%p` | real 2D | Pa | Pressure of overlying ice and atmosphere on the ocean surface. |
| `Ice_ocean_boundary%mi` | real 2D | kg/m² | Mass of sea ice per unit ocean area; used for ice-pressure loading. |
| `Ice_ocean_boundary%ice_rigidity` | real 2D | m³/s | Rigidity of sea ice and ice shelves expressed as a divergence-damping coefficient; determined outside the ocean model. |
ntokens:    414
id: 468826977552565228
name: `ice_ocean_boundary_type` — Ice-to-Ocean Boundary Fields/Pressure, Mass Loading, and Sea-Ice State
sourcefile: IceOceanBoundaryType.md
is_chunked: True
ichunk: 2
chunks: [1, 2, 3]
text: | `Ice_ocean_boundary%ice_fraction` | real 2D | dimensionless | Fractional ice area. (NUOPC cap only) |
| `Ice_ocean_boundary%ifrac_n` | real 3D | dimensionless | Ice fraction per ice thickness category; third dimension indexes categories. (NUOPC cap only) |
| `Ice_ocean_boundary%ice_ncat` | integer | — | Number of ice categories provided by the coupler; 1 means per-category data is not used. (NUOPC cap only) |
ntokens:    256
id: 468826977552565229
name: `ice_ocean_boundary_type` — Ice-to-Ocean Boundary Fields/Pressure, Mass Loading, and Sea-Ice State
sourcefile: IceOceanBoundaryType.md
is_chunked: True
ichunk: 3
chunks: [1, 2, 3]
text: | `Ice_ocean_boundary%afracr` | real 2D | dimensionless | Fractional atmosphere coverage relative to the ocean grid cell. (NUOPC cap only) |
| `Ice_ocean_boundary%shelf_sfc_mass_flux` | real 2D | kg/m²/s | Mass flux to the surface of the ice sheet. |  
---
ntokens:    370
id: 468826977552565230
name: `ice_ocean_boundary_type` — Ice-to-Ocean Boundary Fields/Iceberg Fields
sourcefile: IceOceanBoundaryType.md
is_chunked: False
ichunk: 1
chunks: [1]
text: | Field | Type / Dimensions | Units | Description |
|---|---|---|---|
| `Ice_ocean_boundary%ustar_berg` | real 2D | m/s | Frictional velocity beneath icebergs. |
| `Ice_ocean_boundary%area_berg` | real 2D | m²/m² | Fractional area of the ocean cell covered by icebergs. |
| `Ice_ocean_boundary%mass_berg` | real 2D | kg/m² | Mass of icebergs per unit ocean area. |  
---
ntokens:    456
id: 468826977552565231
name: `ice_ocean_boundary_type` — Ice-to-Ocean Boundary Fields/Biogeochemistry Deposition Fields
sourcefile: IceOceanBoundaryType.md
is_chunked: True
ichunk: 1
chunks: [1, 2, 3]
text: | Field | Type / Dimensions | Units | Description |
|---|---|---|---|
| `Ice_ocean_boundary%nhx_dep` | real 2D | kg/m²/s | Reduced nitrogen (NHx) deposition flux. |
| `Ice_ocean_boundary%noy_dep` | real 2D | kg/m²/s | Oxidized nitrogen (NOy) deposition flux. |
| `Ice_ocean_boundary%atm_co2_prog` | real 2D | ppm | Prognostic atmospheric CO₂ concentration. |
| `Ice_ocean_boundary%atm_co2_diag` | real 2D | ppm | Diagnostic atmospheric CO₂ concentration. |
ntokens:    435
id: 468826977552565232
name: `ice_ocean_boundary_type` — Ice-to-Ocean Boundary Fields/Biogeochemistry Deposition Fields
sourcefile: IceOceanBoundaryType.md
is_chunked: True
ichunk: 2
chunks: [1, 2, 3]
text: | `Ice_ocean_boundary%atm_fine_dust_flux` | real 2D | kg/m²/s | Fine dust deposition flux from the atmosphere. |
| `Ice_ocean_boundary%atm_coarse_dust_flux` | real 2D | kg/m²/s | Coarse dust deposition flux from the atmosphere. |
| `Ice_ocean_boundary%seaice_dust_flux` | real 2D | kg/m²/s | Dust flux released from sea ice. |
| `Ice_ocean_boundary%atm_bc_flux` | real 2D | kg/m²/s | Black carbon deposition flux from the atmosphere. |
ntokens:    108
id: 468826977552565233
name: `ice_ocean_boundary_type` — Ice-to-Ocean Boundary Fields/Biogeochemistry Deposition Fields
sourcefile: IceOceanBoundaryType.md
is_chunked: True
ichunk: 3
chunks: [1, 2, 3]
text: | `Ice_ocean_boundary%seaice_bc_flux` | real 2D | kg/m²/s | Black carbon flux released from sea ice. |  
---
ntokens:    451
id: 468826977552565234
name: `ice_ocean_boundary_type` — Ice-to-Ocean Boundary Fields/Langmuir Turbulence and Wave Fields
sourcefile: IceOceanBoundaryType.md
is_chunked: True
ichunk: 1
chunks: [1, 2]
text: | Field | Type / Dimensions | Units | Description |
|---|---|---|---|
| `Ice_ocean_boundary%lamult` | real 2D | dimensionless | Langmuir turbulence enhancement factor. |
| `Ice_ocean_boundary%stk_wavenumbers` | real 1D | rad/m | Central wavenumber of each Stokes drift band; dimensioned `(num_stk_bands)`. |
| `Ice_ocean_boundary%ustkb` | real 3D | m/s | Stokes drift spectrum, zonal component, at u-points; third dimension indexes wavenumber bands. |
ntokens:    277
id: 468826977552565235
name: `ice_ocean_boundary_type` — Ice-to-Ocean Boundary Fields/Langmuir Turbulence and Wave Fields
sourcefile: IceOceanBoundaryType.md
is_chunked: True
ichunk: 2
chunks: [1, 2]
text: | `Ice_ocean_boundary%vstkb` | real 3D | m/s | Stokes drift spectrum, meridional component, at v-points; third dimension indexes wavenumber bands. |
| `Ice_ocean_boundary%num_stk_bands` | integer | — | Number of Stokes drift wavenumber bands passed through the coupler. |  
---
ntokens:    329
id: 468826977552565236
name: `ice_ocean_boundary_type` — Ice-to-Ocean Boundary Fields/Transfer and Tracer Metadata
sourcefile: IceOceanBoundaryType.md
is_chunked: False
ichunk: 1
chunks: [1]
text: | Field | Type | Description |
|---|---|---|
| `Ice_ocean_boundary%xtype` | integer | Transfer mode for the ice-to-ocean exchange: `REGRID` (1), `REDIST` (2), or `DIRECT` (3). |
| `Ice_ocean_boundary%fluxes` | `type(coupler_2d_bc_type)` | Named array of additional per-tracer passive tracer fluxes from ice/atmosphere to ocean. |
ntokens:    160
id: 468826977552565237
name: `land_ice_atmos_boundary_type` — Aggregated Surface State Returned to the Atmosphere/Overview
sourcefile: LandIceAtmosBoundaryType.md
is_chunked: False
ichunk: 1
chunks: [1]
text: `land_ice_atmos_boundary_type` contains surface quantities passed from the land and ice models to the atmosphere. All quantities are on the exchange grid.  
---
ntokens:    492
id: 468826977552565238
name: `land_ice_atmos_boundary_type` — Aggregated Surface State Returned to the Atmosphere/Surface Temperature and Albedo Fields
sourcefile: LandIceAtmosBoundaryType.md
is_chunked: True
ichunk: 1
chunks: [1, 2, 3]
text: All fields are real 2D arrays on the exchange grid.  
| Field | Units | Description |
|---|---|---|
| `Land_ice_atmos_boundary%t` | K | Area-weighted surface temperature seen by the atmosphere for radiation calculations; weighted over land and ice fractions. |
| `Land_ice_atmos_boundary%t_ocean` | K | Ocean surface temperature for radiation calculations; sourced from `Ice%t_surf` through the exchange grid. |
| `Land_ice_atmos_boundary%albedo` | dimensionless | Broadband surface albedo. |
ntokens:    409
id: 468826977552565239
name: `land_ice_atmos_boundary_type` — Aggregated Surface State Returned to the Atmosphere/Surface Temperature and Albedo Fields
sourcefile: LandIceAtmosBoundaryType.md
is_chunked: True
ichunk: 2
chunks: [1, 2, 3]
text: | `Land_ice_atmos_boundary%albedo_vis_dir` | dimensionless | Direct-beam visible-band surface albedo. |
| `Land_ice_atmos_boundary%albedo_nir_dir` | dimensionless | Direct-beam near-infrared surface albedo. |
| `Land_ice_atmos_boundary%albedo_vis_dif` | dimensionless | Diffuse visible-band surface albedo. |
| `Land_ice_atmos_boundary%albedo_nir_dif` | dimensionless | Diffuse near-infrared surface albedo. |
ntokens:    455
id: 468826977552565240
name: `land_ice_atmos_boundary_type` — Aggregated Surface State Returned to the Atmosphere/Surface Temperature and Albedo Fields
sourcefile: LandIceAtmosBoundaryType.md
is_chunked: True
ichunk: 3
chunks: [1, 2, 3]
text: | `Land_ice_atmos_boundary%land_frac` | dimensionless | Fraction of the atmospheric grid cell covered by land. |
| `Land_ice_atmos_boundary%frac_open_sea` | dimensionless | Non-sea-ice fraction of the grid cell; complement of the sea-ice concentration. |
| `Land_ice_atmos_boundary%rough_mom` | m | Area-weighted surface roughness length for momentum. |
| `Land_ice_atmos_boundary%rough_heat` | m | Area-weighted surface roughness length for heat. |  
---
ntokens:    494
id: 468826977552565241
name: `land_ice_atmos_boundary_type` — Aggregated Surface State Returned to the Atmosphere/Reference-Height Diagnostic Fields
sourcefile: LandIceAtmosBoundaryType.md
is_chunked: True
ichunk: 1
chunks: [1, 2]
text: All are real 2D arrays.  
| Field | Units | Description |
|---|---|---|
| `Land_ice_atmos_boundary%u_ref` | m/s | Zonal wind at the momentum reference height (`z_ref_mom`). |
| `Land_ice_atmos_boundary%v_ref` | m/s | Meridional wind at the momentum reference height (`z_ref_mom`). |
| `Land_ice_atmos_boundary%t_ref` | K | Air temperature at the heat reference height (`z_ref_heat`). |
| `Land_ice_atmos_boundary%q_ref` | kg/kg | Specific humidity at the heat reference height (`z_ref_heat`). |
ntokens:    338
id: 468826977552565242
name: `land_ice_atmos_boundary_type` — Aggregated Surface State Returned to the Atmosphere/Reference-Height Diagnostic Fields
sourcefile: LandIceAtmosBoundaryType.md
is_chunked: True
ichunk: 2
chunks: [1, 2]
text: | `Land_ice_atmos_boundary%wind` | m/s | Absolute wind speed at the lowest atmospheric model level including gust corrections. |
| `Land_ice_atmos_boundary%thv_atm` | K | Virtual potential temperature at the lowest atmospheric model level. |
| `Land_ice_atmos_boundary%thv_surf` | K | Virtual potential temperature at the surface. |  
---
ntokens:    390
id: 468826977552565243
name: `land_ice_atmos_boundary_type` — Aggregated Surface State Returned to the Atmosphere/Implicit Coupling Output Fields
sourcefile: LandIceAtmosBoundaryType.md
is_chunked: False
ichunk: 1
chunks: [1]
text: | Field | Type / Dimensions | Units | Description |
|---|---|---|---|
| `Land_ice_atmos_boundary%dt_t` | real 2D | K/s | Temperature tendency correction at the lowest atmospheric level from the implicit surface flux scheme. |
| `Land_ice_atmos_boundary%dt_tr` | real 3D | tracer units/s | Tracer mixing-ratio tendency correction at the lowest level; third dimension indexes tracers. |  
---
ntokens:    373
id: 468826977552565244
name: `land_ice_atmos_boundary_type` — Aggregated Surface State Returned to the Atmosphere/Wind Stress and Turbulence Fields
sourcefile: LandIceAtmosBoundaryType.md
is_chunked: True
ichunk: 1
chunks: [1, 2]
text: All fields are real 2D arrays.  
| Field | Units | Description |
|---|---|---|
| `Land_ice_atmos_boundary%u_flux` | Pa | Zonal wind stress on the atmosphere. |
| `Land_ice_atmos_boundary%v_flux` | Pa | Meridional wind stress on the atmosphere. |
| `Land_ice_atmos_boundary%dtaudu` | Pa·s/m | `d(zonal wind stress)/d(u)` — implicit coupling coefficient for zonal momentum. |
ntokens:    447
id: 468826977552565245
name: `land_ice_atmos_boundary_type` — Aggregated Surface State Returned to the Atmosphere/Wind Stress and Turbulence Fields
sourcefile: LandIceAtmosBoundaryType.md
is_chunked: True
ichunk: 2
chunks: [1, 2]
text: | `Land_ice_atmos_boundary%dtaudv` | Pa·s/m | `d(meridional wind stress)/d(v)` — implicit coupling coefficient for meridional momentum. |
| `Land_ice_atmos_boundary%u_star` | m/s | Friction velocity (surface turbulent velocity scale). |
| `Land_ice_atmos_boundary%b_star` | m/s² | Buoyancy scale used in Monin-Obukhov similarity theory. |
| `Land_ice_atmos_boundary%q_star` | kg/kg | Moisture scale used in Monin-Obukhov similarity theory. |  
---
ntokens:    339
id: 468826977552565246
name: `land_ice_atmos_boundary_type` — Aggregated Surface State Returned to the Atmosphere/Surface Heat Flux Fields
sourcefile: LandIceAtmosBoundaryType.md
is_chunked: False
ichunk: 1
chunks: [1]
text: > **Note:** `shflx` and `lhflx` are not compiled when `use_AM3_physics` is defined.  
| Field | Type / Dimensions | Units | Description |
|---|---|---|---|
| `Land_ice_atmos_boundary%shflx` | real 2D | W/m² | Sensible heat flux at the surface. |
| `Land_ice_atmos_boundary%lhflx` | real 2D | W/m² | Latent heat flux at the surface. |  
---
ntokens:    430
id: 468826977552565247
name: `land_ice_atmos_boundary_type` — Aggregated Surface State Returned to the Atmosphere/Internal and Generic Exchange Fields
sourcefile: LandIceAtmosBoundaryType.md
is_chunked: True
ichunk: 1
chunks: [1, 2]
text: | Field | Type | Description |
|---|---|---|
| `Land_ice_atmos_boundary%data` | real 3D | Collective array providing named access to the scalar fields above; used internally for data-override and exchange-grid operations. |
| `Land_ice_atmos_boundary%gex_lnd2atm` | real 3D | Generic exchange fields returned from the land model to the atmosphere (e.g., surface emission fluxes); third dimension indexes the exchange field list. |
ntokens:    149
id: 468826977552565248
name: `land_ice_atmos_boundary_type` — Aggregated Surface State Returned to the Atmosphere/Internal and Generic Exchange Fields
sourcefile: LandIceAtmosBoundaryType.md
is_chunked: True
ichunk: 2
chunks: [1, 2]
text: | `Land_ice_atmos_boundary%xtype` | integer | Transfer mode for the exchange-grid-to-atmosphere remap: `REGRID` (1), `REDIST` (2), or `DIRECT` (3). |
ntokens:    109
id: 468826977552565249
name: `ocean_ice_boundary_type` — Ocean-to-Ice Boundary Fields/Overview
sourcefile: OceanIceBoundaryType.md
is_chunked: False
ichunk: 1
chunks: [1]
text: `ocean_ice_boundary_type` carries ocean surface state passed from the ocean model to the sea-ice model.  
---
ntokens:    446
id: 468826977552565250
name: `ocean_ice_boundary_type` — Ocean-to-Ice Boundary Fields/Surface Velocity Fields
sourcefile: OceanIceBoundaryType.md
is_chunked: False
ichunk: 1
chunks: [1]
text: | Field | Type / Dimensions | Units | Description |
|---|---|---|---|
| `Ocean_ice_boundary%u` | real 2D | m/s | x-direction ocean surface velocity at a position determined by `stagger`. |
| `Ocean_ice_boundary%v` | real 2D | m/s | y-direction ocean surface velocity at a position determined by `stagger`. |
| `Ocean_ice_boundary%stagger` | integer | — | Spatial staggering of `u` and `v` relative to tracer points; default is `BGRID_NE`. |  
---
ntokens:    399
id: 468826977552565251
name: `ocean_ice_boundary_type` — Ocean-to-Ice Boundary Fields/Ocean Surface Thermodynamic Fields
sourcefile: OceanIceBoundaryType.md
is_chunked: True
ichunk: 1
chunks: [1, 2]
text: | Field | Type / Dimensions | Units | Description |
|---|---|---|---|
| `Ocean_ice_boundary%t` | real 2D | K | Ocean surface temperature. |
| `Ocean_ice_boundary%s` | real 2D | g salt/kg seawater | Ocean surface salinity. |
| `Ocean_ice_boundary%frazil` | real 2D | J/m² | Frazil heat rejected by the ocean since the last coupling step; delivered to SIS2 so it can account for ocean-side freezing. |
ntokens:    147
id: 468826977552565252
name: `ocean_ice_boundary_type` — Ocean-to-Ice Boundary Fields/Ocean Surface Thermodynamic Fields
sourcefile: OceanIceBoundaryType.md
is_chunked: True
ichunk: 2
chunks: [1, 2]
text: | `Ocean_ice_boundary%sea_level` | real 2D | m | Sea level after adjustment for any surface pressure that the ocean allows to be expressed. |  
---
ntokens:    293
id: 468826977552565253
name: `ocean_ice_boundary_type` — Ocean-to-Ice Boundary Fields/Calving Fields
sourcefile: OceanIceBoundaryType.md
is_chunked: False
ichunk: 1
chunks: [1]
text: | Field | Type / Dimensions | Units | Description |
|---|---|---|---|
| `Ocean_ice_boundary%calving` | real 2D | kg/m²/s | Mass flux per unit area of ice-shelf flux to be converted to icebergs. |
| `Ocean_ice_boundary%calving_hflx` | real 2D | W/m² | Heat flux associated with calving. |  
---
ntokens:    351
id: 468826977552565254
name: `ocean_ice_boundary_type` — Ocean-to-Ice Boundary Fields/Transfer and Metadata Fields
sourcefile: OceanIceBoundaryType.md
is_chunked: True
ichunk: 1
chunks: [1, 2]
text: | Field | Type | Description |
|---|---|---|
| `Ocean_ice_boundary%data` | real 3D | Collective array providing named access to the scalar fields above; used internally for data-override and exchange-grid operations. |
| `Ocean_ice_boundary%xtype` | integer | Transfer mode for the ocean-to-ice exchange: `REGRID` (1), `REDIST` (2), or `DIRECT` (3). |
ntokens:    180
id: 468826977552565255
name: `ocean_ice_boundary_type` — Ocean-to-Ice Boundary Fields/Transfer and Metadata Fields
sourcefile: OceanIceBoundaryType.md
is_chunked: True
ichunk: 2
chunks: [1, 2]
text: | `Ocean_ice_boundary%fields` | `type(coupler_2d_bc_type)` | Named array of additional per-tracer ocean surface fields (e.g., pCO₂, SSS for gas exchange) passed to the ice model. |
ntokens:    43
id: 468826977552565256
name: `ice_ocean_driver_type`
sourcefile: IceOceanDriverType.md
is_chunked: False
ichunk: 1
chunks: [1]
text: Combined Ice–Ocean Driver Control Structure
ntokens:    254
id: 468826977552565257
name: `ice_ocean_driver_type`/Overview
sourcefile: IceOceanDriverType.md
is_chunked: False
ichunk: 1
chunks: [1]
text: `ice_ocean_driver_type` is the control structure for the combined ice-ocean driver module (`combined_ice_ocean_driver`). It is used only when `combine_ice_and_ocean`, along with `concurrent_ice` and `slow_ice_with_ocean`, are true in `coupler_nml`.  
---
ntokens:    467
id: 468826977552565258
name: `ice_ocean_driver_type`/Control Structure Fields
sourcefile: IceOceanDriverType.md
is_chunked: True
ichunk: 1
chunks: [1, 2, 3]
text: | Field | Type | Default | Description |
|---|---|---|---|
| `Ice_ocean_driver_CS%CS_is_initialized` | logical | `.false.` | `.true.` once `ice_ocean_driver_init` has completed successfully; guards against use before initialization. |
| `Ice_ocean_driver_CS%single_MOM_call` | logical | `.true.` | If `.true.`, MOM6 dynamics and thermodynamics are advanced together in a single call to `update_ocean_model`. If `.false.`, separate calls are made for the two phases. |
ntokens:    456
id: 468826977552565259
name: `ice_ocean_driver_type`/Control Structure Fields
sourcefile: IceOceanDriverType.md
is_chunked: True
ichunk: 2
chunks: [1, 2, 3]
text: | `Ice_ocean_driver_CS%intersperse_ice_ocn` | logical | `.false.` | If `.true.`, ice and ocean thermodynamic and dynamic updates are interspersed rather than sequential. Requires `single_MOM_call=.false.`. |
| `Ice_ocean_driver_CS%use_intersperse_bug` | logical | `.false.` | If `.true.`, retains a bug in the intersperse option where the ocean state was not being passed back to the sea ice between interspersed steps; exists for backward compatibility. |
ntokens:    197
id: 468826977552565260
name: `ice_ocean_driver_type`/Control Structure Fields
sourcefile: IceOceanDriverType.md
is_chunked: True
ichunk: 3
chunks: [1, 2, 3]
text: | `Ice_ocean_driver_CS%dt_coupled_dyn` | real | -1 (s) | Timestep for coupling ice and ocean dynamics when `intersperse_ice_ocn=.true.`; set to < 0 to use the standard coupled timestep `dt_cpld`. |
